cz01,cz02,cz03,cz04,cz05,cz06,cz07,cz08,cz09,cz10,cz11,cz12,cz13,cz14,cz15,cz16,cz17,cz18,cz19,cz20,cz21,cz22
5.84,29.65,109.51,51.22,12.95,105.32,55.37,162.11,212.55,166.28,30.87,146.89,61.98,41.56,29.47,22.15,0,0,0,0,0,0
4.91,25.84,95.86,45.55,11.2,93.47,50.86,145.23,189.84,150.16,27.62,130.93,56.35,37.16,25.92,19.26,0,0,0,0,0,0
4.18,20.97,73.49,35.64,8.93,68.08,41.33,105.38,137.02,110.78,22.35,104.43,46.11,26.77,19.17,15.25,0,0,0,0,0,0
4.53,21.61,79.45,35.27,9.4,64.94,41.04,100.7,131.98,100.56,22.03,100.12,44.67,24.37,17.37,14.55,0,0,0,0,0,0
9.29,43.82,186.82,69.66,21.38,118.88,79.49,188.04,248.19,167.69,42.7,182.26,82.61,41.92,27.08,24.78,0,0,0,0,0,0
13.37,64.13,282.4,104.52,32.36,160.1,117.03,255.41,334.05,219.54,61.2,263.96,123.33,54.43,33.43,34.36,0,0,0,0,0,0
17.44,80.65,342.65,135.03,39.81,196.45,147.01,312.7,406.94,276.51,79.61,341.82,165.7,68.27,42.41,47.4,0,0,0,0,0,0
21.46,93,371.2,156.25,44.09,220.61,167.12,348.21,453.76,320.64,96.78,403.02,201.75,78.89,50.91,61,0,0,0,0,0,0
23.26,98.02,379.73,162.6,45.62,231.53,173.73,362.94,475.11,339.89,103.72,425.72,213.79,83.88,55.42,66.67,0,0,0,0,0,0
21.18,92.94,367.06,153.56,43.49,227.88,165.34,357.89,468.81,332.06,96.64,403.92,197.66,82.76,54.32,61.64,0,0,0,0,0,0
17.7,87.67,370.34,146.31,42.22,234.94,159.1,372.24,486.06,336.22,86.21,382.21,176.87,85.54,54.07,53.45,0,0,0,0,0,0
17.71,88.6,364.95,143.06,41.26,244.27,157.14,384.81,505.69,352.88,88.62,386.61,175.89,91.97,58.86,56.28,0,0,0,0,0,0
17.57,87.19,351.09,134.5,39.48,242.78,150.64,380.64,503.02,351.57,89.87,375.6,168.93,93.66,60.57,57.16,0,0,0,0,0,0
17.48,87.76,354.76,135.69,39.64,248.22,152.45,389.41,516.03,359.87,91.28,380.75,170.93,96.06,61.68,57.88,0,0,0,0,0,0
17.35,87.22,355.36,136.15,39.86,248.21,154.25,390.36,517.11,360.18,91.29,380.5,171.28,95.48,61.08,57.09,0,0,0,0,0,0
17.42,86.6,355.55,133.44,39.96,237.27,151.35,373.11,493.36,338.44,90.07,370.04,167.15,89.91,57.3,55.36,0,0,0,0,0,0
15.15,75.23,313.36,117.35,35.3,209.62,132.88,330.33,435.39,299.08,78.15,321.66,144.95,78.93,50.24,47.43,0,0,0,0,0,0
12.61,62.38,254.23,97.82,28.79,178.05,109.87,279.22,369.61,258.52,65.09,271.76,121.64,68.03,44.06,40.82,0,0,0,0,0,0
13.01,61.77,245.82,95.91,28.58,173.88,106.49,270.43,360.56,254.7,63.42,268.04,119.15,66.54,44.19,40.81,0,0,0,0,0,0
14.48,64.07,244.11,98.59,29.86,176.6,106.63,269.76,360.92,259.98,63.93,276.6,120.76,66.7,47.27,43.06,0,0,0,0,0,0
12.78,56.2,212.99,87.59,26.24,155.7,92.96,236.43,318.25,229.59,56.12,245.09,105.17,58.07,42.13,38.38,0,0,0,0,0,0
6.72,31.29,114.05,51.41,13.9,98.55,52.73,149.14,200.46,151.68,32.25,147.42,61.09,38.2,28.09,23.78,0,0,0,0,0,0
6.12,29.43,108.4,49.25,13.03,99.37,50.11,150.51,200.35,153.78,30.3,140.77,58.13,38.98,28.21,22.49,0,0,0,0,0,0
5.69,28.16,104.48,47.67,12.47,97.22,49.07,148.26,196.33,152.21,28.99,136.06,56.3,38.49,27.49,21.31,0,0,0,0,0,0
5.85,29.45,108.91,51.01,12.91,105.48,55.17,161.82,213.36,166.12,30.75,145.85,61.68,41.36,29.39,22.08,0,0,0,0,0,0
4.89,25.28,94.21,44.8,11.04,91.71,50.23,142.02,184.33,145.05,27.03,127.17,54.85,35.65,25.28,18.73,0,0,0,0,0,0
4.18,20.89,74.33,36.08,8.9,70.49,41.96,108.53,142.79,112.24,22.29,104.53,46.01,26.86,19.37,15.28,0,0,0,0,0,0
4.28,20.23,73.17,32.47,8.71,57.31,38.44,88.74,116.8,88.42,20.53,92.93,41.74,21.08,15.19,13.38,0,0,0,0,0,0
8.84,40.8,172.94,63.41,20.01,101.61,73.52,160.71,211.92,140.3,39.51,165.43,76.04,34.56,22.35,22.19,0,0,0,0,0,0
13.29,63.54,279.73,103.38,32.1,156.97,115.97,250.49,327.52,214.55,60.58,260.83,122.06,53.07,32.58,33.88,0,0,0,0,0,0
17.43,80.59,342.49,135,39.78,196.5,147.02,312.74,407.27,276.42,79.55,341.66,165.6,68.2,42.38,47.37,0,0,0,0,0,0
21.46,92.96,371.19,156.32,44.08,221.08,167.22,348.83,455.11,321.2,96.76,403.07,201.73,78.97,50.98,61.02,0,0,0,0,0,0
23.3,98.08,379.89,162.72,45.7,231.91,173.78,363.42,475.57,340.73,103.83,425.79,213.9,84.09,55.62,66.75,0,0,0,0,0,0
21.23,93.18,368.27,154.15,43.61,229.6,165.92,360.55,472.3,334.58,96.9,405.29,198.17,83.4,54.78,61.86,0,0,0,0,0,0
17.72,87.72,370,146.28,42.28,234.51,158.98,371.78,484.93,336.72,86.29,382.39,176.97,85.75,54.21,53.53,0,0,0,0,0,0
17.74,88.89,367,143.77,41.36,246,157.93,387.62,508.14,353.88,88.85,387.95,176.31,92.28,59.15,56.38,0,0,0,0,0,0
17.49,87.21,352.16,134.52,39.36,242.47,150.85,380.37,501.59,348.73,89.72,375.61,168.77,93,60.09,56.9,0,0,0,0,0,0
17.37,86.85,350.59,133.97,39.29,243.26,150.82,381.68,504.61,351.77,90.31,375.5,168.79,93.87,60.46,57.12,0,0,0,0,0,0
17.43,87.54,356.33,136.29,40.05,247.54,154.17,389.54,513.46,359.66,91.61,380.89,171.69,95.61,61.17,57.14,0,0,0,0,0,0
17.57,87.38,358.79,134.69,40.34,240.19,152.4,377.8,498.31,343.57,90.9,373.5,168.72,91.45,58.26,55.9,0,0,0,0,0,0
15.21,75.44,314.74,117.72,35.43,210.4,133.2,331.4,435.38,299.12,78.35,321.93,145.18,79,50.39,47.46,0,0,0,0,0,0
12.73,63.08,257.04,98.93,29.12,180.21,110.81,283,372.59,262.46,65.79,274.87,122.95,69.3,44.88,41.27,0,0,0,0,0,0
13.08,62.1,247.64,96.6,28.76,175.35,107.16,272.83,361.84,255.91,63.71,269.13,119.57,66.93,44.6,40.94,0,0,0,0,0,0
14.37,63.76,244.09,98.29,29.6,177.14,106.58,269.85,363.97,258.28,63.58,275.63,120.34,66,46.68,42.78,0,0,0,0,0,0
12.76,56.3,215.01,88.43,26.22,159.48,94.07,241.68,327.64,232.53,56.2,246.49,105.53,58.52,42.47,38.53,0,0,0,0,0,0
6.9,32.24,119.88,53.83,14.34,106.45,55.18,160.66,216.94,161.15,33.29,152.51,63.15,40.48,29.69,24.57,0,0,0,0,0,0
6.04,29.08,107.15,48.92,12.84,99.06,49.96,149.96,200.96,152.74,29.92,139.77,57.5,38.53,27.95,22.32,0,0,0,0,0,0
5.75,28.71,107.67,49.22,12.69,102.15,50.73,155.88,207.56,158.87,29.57,139.86,57.59,40.11,28.58,21.87,0,0,0,0,0,0
5.99,30.11,111.65,52.17,13.29,107.99,56.14,165.94,216.67,170.29,31.44,148.5,62.85,42.61,30.33,22.53,0,0,0,0,0,0
4.9,25.34,94.24,44.34,11.03,90.38,49.6,139.61,181.74,143.58,27.13,126.73,55.11,35.41,24.84,18.64,0,0,0,0,0,0
4.21,21.09,74.79,35.91,8.97,69.35,41.61,106.81,139.5,111.17,22.49,104.64,46.36,26.81,19.17,15.25,0,0,0,0,0,0
4.38,20.61,74.43,32.97,8.94,58.29,38.75,90.31,117.96,90.86,20.98,94.31,42.5,21.85,15.69,13.67,0,0,0,0,0,0
8.83,40.57,171.96,62.89,19.94,100.22,72.96,158.3,208.41,137.82,39.29,163.66,75.48,33.89,21.97,21.96,0,0,0,0,0,0
13.3,63.42,279.11,103.15,32.11,156.37,115.69,249.41,325.79,213.71,60.5,259.87,121.76,52.83,32.5,33.81,0,0,0,0,0,0
17.44,80.6,342.61,135.05,39.8,196.56,147.08,312.88,407.02,276.27,79.55,341.62,165.55,68.17,42.41,47.36,0,0,0,0,0,0
21.53,93.21,372.28,156.8,44.24,222.19,167.64,350.6,456.54,322.9,97.03,404.04,202.15,79.46,51.38,61.2,0,0,0,0,0,0
23.27,98.14,380.26,162.95,45.67,232.77,174.08,364.84,478.44,342.09,103.87,426.77,214.15,84.41,55.74,66.86,0,0,0,0,0,0
21.27,93.49,369.53,154.66,43.74,231.01,166.37,362.77,475.52,337.21,97.24,406.96,198.9,84.14,55.18,62.12,0,0,0,0,0,0
17.59,87.12,367.71,145.02,41.92,231.32,157.86,366.57,478.91,330.74,85.61,379.23,175.74,84.12,53.03,52.94,0,0,0,0,0,0
17.59,88.08,362.49,141.69,40.96,239.95,155.8,378.24,496.29,346.12,88.02,383.47,174.72,90.32,57.67,55.69,0,0,0,0,0,0
17.35,86.61,347.18,132.89,39.05,237.3,149.13,373.21,493.56,345.73,89.12,373.69,167.87,92.33,59.35,56.67,0,0,0,0,0,0
17.38,87.12,351.68,134.37,39.37,244.09,151.2,383.21,506.48,353.37,90.56,377.04,169.37,94.38,60.7,57.29,0,0,0,0,0,0
17.36,86.95,354.72,135.49,39.8,245.78,153.57,386.41,508.9,354.38,90.95,377.47,170.24,94.04,60.38,56.58,0,0,0,0,0,0
17.51,87.14,358.38,134.74,40.22,241.13,152.65,379.06,501.38,343.85,90.64,373.11,168.31,91.29,58.26,55.84,0,0,0,0,0,0
15.24,75.89,316.72,118.74,35.58,213.54,134.25,336.44,443.51,304.57,78.83,325.27,146.36,80.4,51.18,47.94,0,0,0,0,0,0
12.64,62.52,254.99,98.07,28.87,178.34,110.09,279.8,369.05,258.53,65.21,272.1,121.77,68.11,44.19,40.85,0,0,0,0,0,0
12.95,61.5,245.64,95.78,28.43,173.81,106.59,270.22,359.89,252.15,63.05,266.75,118.4,65.73,43.84,40.51,0,0,0,0,0,0
14.27,63.32,242.33,97.6,29.37,174.91,106.08,266.75,358.9,254,63.02,273.59,119.23,64.86,46.05,42.37,0,0,0,0,0,0
12.59,55.47,210.71,86.54,25.79,153.65,92.26,233,315.66,224.33,55.27,242.19,103.73,56.45,41.04,37.79,0,0,0,0,0,0
6.71,31.32,114.92,51.78,13.87,100.26,53.23,151.51,204.79,152.99,32.27,148.05,61.23,38.39,28.23,23.84,0,0,0,0,0,0
5.95,28.54,104.88,48.02,12.59,96.83,49.19,146.42,196.66,148.8,29.34,137.15,56.34,37.38,27.27,21.92,0,0,0,0,0,0
5.8,28.81,108.05,49.49,12.78,103.14,50.95,157.25,209.74,160.67,29.72,140.37,57.85,40.53,28.9,22.02,0,0,0,0,0,0
5.94,30.06,111.78,52.13,13.18,108.49,56.2,166.5,219.43,170.71,31.39,148.92,62.98,42.64,30.16,22.53,0,0,0,0,0,0
4.94,25.76,95.32,45.3,11.23,92.83,50.5,143.99,188.11,149.54,27.6,130.04,56.19,37,25.84,19.21,0,0,0,0,0,0
4.25,21.13,73.39,35.77,9.08,68.23,41.28,105.65,137.15,112.76,22.6,104.98,46.49,27.35,19.55,15.47,0,0,0,0,0,0
4.39,20.46,73.84,32.87,8.94,58.27,38.67,90.13,117.69,90.66,20.86,93.53,42.16,21.71,15.73,13.62,0,0,0,0,0,0
8.89,40.99,174.05,63.93,20.14,103.09,74.04,162.95,214.22,141.96,39.71,166.18,76.32,34.96,22.75,22.34,0,0,0,0,0,0
13.29,63.53,279.87,103.41,32.1,157.21,116.01,250.73,328.01,214.53,60.58,260.72,122.03,53.03,32.57,33.87,0,0,0,0,0,0
17.43,80.51,342.39,134.91,39.76,196.35,146.96,312.41,406.68,275.62,79.47,341.13,165.39,67.96,42.27,47.29,0,0,0,0,0,0
21.49,93.15,372.44,156.86,44.17,222.64,167.81,351.24,457.85,322.68,96.93,404.02,202.02,79.33,51.31,61.15,0,0,0,0,0,0
23.28,98.19,380.3,163.01,45.7,232.6,174.13,364.79,477.57,342.03,103.9,426.91,214.16,84.44,55.81,66.87,0,0,0,0,0,0
21.25,93.27,368.71,154.17,43.65,229.96,165.86,360.76,473.37,335.15,97.04,405.45,198.46,83.55,54.77,61.91,0,0,0,0,0,0
17.71,87.65,371.16,146.29,42.2,235.29,159.11,372.21,486.05,334.72,86.19,381.43,176.75,85.1,53.8,53.28,0,0,0,0,0,0
17.55,87.82,361.87,141.56,40.84,240.04,155.84,378.29,496.71,345.04,87.72,382.52,174.12,89.88,57.52,55.53,0,0,0,0,0,0
17.26,85.98,346.49,132.19,38.75,236.26,148.75,370.76,489.85,339.1,88.39,369.7,166.22,90.32,58.34,55.95,0,0,0,0,0,0
17.35,86.9,351.98,134.3,39.25,244.27,151.34,383.18,505.83,350.66,90.26,375.64,168.69,93.53,60.34,56.98,0,0,0,0,0,0
17.21,86.03,351.2,134.02,39.37,242.8,152.32,381.18,504.13,348.54,90.02,373.13,168.45,92.22,59.22,55.94,0,0,0,0,0,0
17.49,87.04,357.68,134.23,40.14,239.67,152.08,376.67,498.61,342.08,90.55,372.3,168.17,90.9,57.85,55.7,0,0,0,0,0,0
15.15,75.27,314.28,117.54,35.28,210.98,133.11,331.82,439.01,299.85,78.22,321.86,145.17,79,50.22,47.45,0,0,0,0,0,0
12.68,62.6,256.27,98.66,28.94,180.51,110.81,282.87,373.05,259.9,65.28,272.52,121.82,68.3,44.52,40.92,0,0,0,0,0,0
13.12,62.29,249.27,97.17,28.84,177.24,107.79,275.51,365.3,257.24,63.9,269.98,119.91,67.21,44.86,41.04,0,0,0,0,0,0
14.36,63.55,242.55,97.75,29.55,175.08,105.99,266.96,358.9,256.08,63.36,274.26,119.78,65.51,46.43,42.62,0,0,0,0,0,0
12.67,55.82,212.32,87.01,25.97,154.61,92.62,234.44,316.37,225.55,55.63,243.23,104.33,56.89,41.34,37.95,0,0,0,0,0,0
7.01,32.01,117.07,52.61,14.15,100.47,54.11,151.6,202.87,151.9,33.4,149.62,62.79,38.14,28.29,24.37,0,0,0,0,0,0
6.25,29.46,108.03,49.42,12.89,98.82,50.74,149.42,200.07,150.74,30.73,140.85,58.61,37.87,27.7,22.74,0,0,0,0,0,0
5.95,28.86,106.9,48.98,12.62,99.66,50.7,151.82,202.49,154.41,30.18,139.57,58.33,38.85,27.8,22.12,0,0,0,0,0,0
6.19,30.73,114.4,53.36,13.29,110.29,57.82,169.12,222.81,170.57,32.51,151.69,64.73,42.43,30.24,23.18,0,0,0,0,0,0
5.21,26.3,97.85,46.28,11.29,94.12,51.92,145.3,190.06,147.23,28.64,131.58,57.68,36.13,25.52,19.69,0,0,0,0,0,0
4.63,22.53,79.3,38.52,9.49,72.91,44.37,112.58,146.96,116.58,24.49,111.64,50.17,28.1,20.16,16.69,0,0,0,0,0,0
5.11,23.69,85.36,38.84,10.23,65.68,44.5,102.11,133.41,102.85,24.56,109.77,50.81,24.78,17.54,16.31,0,0,0,0,0,0
10.14,46.32,193.13,74.28,22.46,114.64,83.93,181.29,238.01,161.05,45.65,192.86,90.96,39.54,25.56,26.73,0,0,0,0,0,0
15.02,68.72,294.99,111.95,34.08,167.63,124.8,266.73,349.37,231.46,68.29,283.87,136.06,57.07,35.63,39.13,0,0,0,0,0,0
18.05,80.23,335.66,131.98,39.19,192.07,144.92,305.13,399.08,270.09,81.72,336.21,164.78,66.57,41.91,48.37,0,0,0,0,0,0
19.18,83.32,336.33,137.64,39.82,198.32,149.37,312.84,409.49,284.1,85.93,355.42,175.79,69.93,45.2,53.03,0,0,0,0,0,0
19.44,85.16,338.47,140.02,40.4,205.28,151.26,322.35,422.54,297.85,86.57,366.48,178.98,73.86,48.35,54.78,0,0,0,0,0,0
18.47,83.85,337.79,137.55,39.9,208.97,149.16,328.66,430.4,303.08,84.38,361.9,173.01,75.96,49.45,53.16,0,0,0,0,0,0
18.03,85.78,357.02,139.65,40.93,224.83,153.33,355.45,466.12,322.06,86.89,368.12,172.04,82.11,52.3,53.17,0,0,0,0,0,0
18.25,88.67,360.58,140.85,40.85,239.92,155.64,377.83,496.94,346.82,90.74,383.6,176.06,90.61,58.28,57.21,0,0,0,0,0,0
18.43,91.15,366.41,142.3,41.02,251.51,158.48,394.69,520.34,362.54,94.2,395.41,179.6,96.21,62.15,60.21,0,0,0,0,0,0
18.02,89.99,363.31,140.3,40.61,252.87,157.02,396.83,524.32,365.53,93.69,391.61,176.96,97.26,62.59,59.61,0,0,0,0,0,0
17.61,87.8,356.86,137.09,40.2,246.32,155.03,387.1,510.97,356.69,92,381.79,173.06,94.45,60.55,57.42,0,0,0,0,0,0
17.74,87.85,360.07,135.72,40.54,241.3,153.46,379.25,501.58,345.43,91.61,376.01,170.36,91.71,58.47,56.48,0,0,0,0,0,0
15.35,75.76,314.53,118.08,35.51,210.23,133.57,331.07,437.03,300.71,78.99,323.81,146.49,79.3,50.47,48,0,0,0,0,0,0
12.94,63.79,260.07,100.4,29.36,184,112.42,288.28,381.75,267.13,66.87,278.56,124.99,70.3,45.54,42.07,0,0,0,0,0,0
13.39,63.43,253.54,99.05,29.27,180.87,109.68,281.17,372.57,262.58,65.4,275.27,122.66,68.67,45.8,42.03,0,0,0,0,0,0
14.62,64.75,247.33,99.77,29.91,178.64,108.19,272.9,365.65,260.27,64.83,280.04,122.52,66.7,47.22,43.55,0,0,0,0,0,0
12.94,56.62,215.69,88.7,26.24,158.29,94.55,239.86,324.12,229.25,56.85,247.12,106.41,57.65,42.02,38.79,0,0,0,0,0,0
6.81,31.76,116.78,52.74,14.13,101.09,54.05,152.61,205.91,154.03,32.65,149.95,62.46,38.59,28.37,24.11,0,0,0,0,0,0
6.04,29,106.44,48.95,12.84,96.9,49.98,146.75,196.23,149.5,29.71,139.45,57.65,37.56,27.36,22.21,0,0,0,0,0,0
5.79,28.75,107.93,49.51,12.75,100.76,50.99,153.53,204.01,155.76,29.46,139.75,57.97,39.14,27.99,21.75,0,0,0,0,0,0
5.98,30.24,112.6,52.54,13.29,107.09,56.52,164.12,215.51,167.66,31.41,149.23,63.67,41.75,29.57,22.47,0,0,0,0,0,0
5,26.15,96.95,46.31,11.4,93.04,51.48,144.36,188.84,149.56,27.82,132.38,57.51,36.87,25.68,19.42,0,0,0,0,0,0
4.27,21.61,76.44,37.2,9.23,69.39,42.83,107.44,139.56,112.02,22.82,107.95,47.98,26.96,19.23,15.62,0,0,0,0,0,0
4.54,21.57,78.44,35.16,9.38,60.14,40.88,93.41,121.47,93.13,21.76,99.46,45.2,22.3,15.94,14.29,0,0,0,0,0,0
9.01,41.34,174.9,64.46,20.23,103.04,74.61,162.69,214.82,141.76,40.25,167.79,77.53,34.8,22.59,22.7,0,0,0,0,0,0
12.46,57.33,252.72,89.18,28.95,139.56,103.12,222.07,292.99,185.99,55.98,226.4,105.4,46.03,28.6,29.85,0,0,0,0,0,0
13.48,61.05,266.61,94.93,30.74,146.49,109.41,232.89,307.7,195.71,59.98,241.42,113.3,48.4,30.22,32.36,0,0,0,0,0,0
13.8,60.96,255.81,94.61,30.01,144.84,108.02,228.22,302.32,197.58,60.36,245.24,115.86,48.79,31.54,34.3,0,0,0,0,0,0
15.24,65.62,264.68,101.29,31.6,153.8,114.57,240.1,319.2,213.61,65.71,267.46,127.35,52.8,35.16,39.07,0,0,0,0,0,0
16.53,72.14,289.33,112.83,34.26,172.79,126.45,270.18,358.33,243.08,73.73,299.56,142.88,60.55,40.15,44.6,0,0,0,0,0,0
18.2,82.64,338.96,131.6,39.04,207.65,146.7,326.98,432.68,292.8,86.07,348.2,165.41,73.96,47.7,51.85,0,0,0,0,0,0
19.82,91.94,366.53,145.28,41.89,239.1,160.68,375.38,495.23,344.66,96.79,395.36,186.16,89.32,58.02,60.97,0,0,0,0,0,0
20.73,99.31,392.56,156.43,44.37,270.72,172.37,425.09,559.8,395.99,104.98,433.96,201.1,104.68,67.87,67.86,0,0,0,0,0,0
20,97.95,391.1,154.83,44.24,276.62,170.76,435.17,570.19,407.62,103.33,430.18,196.6,108.44,70.19,66.7,0,0,0,0,0,0
18.8,93.46,379.08,148.05,42.83,268.55,165.31,422.57,555.6,394.16,98.38,410.69,186.49,104.44,67.11,62.3,0,0,0,0,0,0
18.37,92.18,380.09,144.7,42.51,263.12,161.97,413.9,546.3,379.25,95.9,399.65,180.05,100.82,64.22,59.88,0,0,0,0,0,0
15.83,79.5,332.79,126.22,37.27,231.63,141.27,364.99,480.91,333.52,82.53,344.83,154.58,88.1,56.11,50.93,0,0,0,0,0,0
13.24,66.35,273.02,106.14,30.61,199.4,117.82,312.71,413.02,290.59,69.16,293.11,130.38,76.6,49.61,44,0,0,0,0,0,0
13.85,67,270.37,106.71,31.01,201.73,116.75,314.39,415.79,296.7,68.8,295.55,130.29,77.9,51.69,44.94,0,0,0,0,0,0
15.11,68.26,264.49,107.57,31.72,200.64,115.33,307.2,411.23,295.38,68.24,299.76,130.1,76.03,53.25,46.48,0,0,0,0,0,0
13.23,59.18,226.81,93.74,27.58,171.31,98.81,260.8,351.12,253.59,59.16,261.34,111.98,64.43,46.1,40.79,0,0,0,0,0,0
6.92,32.41,119.26,53.6,14.43,104.3,54.76,158.21,211.27,160.37,33.42,152.93,63.35,40.61,29.7,24.63,0,0,0,0,0,0
6.02,28.93,106.5,48.29,12.75,97.07,49.28,146.72,196.15,149.33,29.74,138.26,57.1,37.73,27.34,22.03,0,0,0,0,0,0
5.76,28.81,108.65,49.33,12.7,102.2,50.87,155.92,206.54,157.57,29.6,139.85,57.63,39.84,28.42,21.76,0,0,0,0,0,0
5.96,30.36,112.48,52.52,13.28,109.08,56.51,167.86,221.03,173.08,31.68,150.78,63.68,43.4,30.54,22.8,0,0,0,0,0,0
4.93,25.8,95.69,45.29,11.21,92.59,50.53,143.7,187.13,148.56,27.58,130.03,56.17,36.8,25.69,19.13,0,0,0,0,0,0
4.34,21.9,78.37,37.59,9.35,73.58,43.23,113.8,147.61,117.95,23.31,109.02,47.98,28.69,20.47,15.92,0,0,0,0,0,0
4.39,20.78,75.55,33.41,9,59.56,39.24,92.3,120.48,92.11,21.13,95.31,42.82,22.17,15.91,13.77,0,0,0,0,0,0
8.58,39.21,166.16,59.94,19.25,96.58,70.29,152.57,201.76,132.25,38.1,156.74,71.87,32.52,21.14,21.04,0,0,0,0,0,0
11.7,53.9,239.73,82.52,27.41,130.73,96.83,208.12,275.72,171.93,52.25,209.49,96.4,42.5,26.37,27.12,0,0,0,0,0,0
12.28,56.13,248.84,85.48,28.58,134.58,100.31,214.09,283.85,176.66,54.29,217.23,100.12,43.74,27.18,28.2,0,0,0,0,0,0
12.05,54.04,231.77,81.56,27.03,129.12,95.41,203.35,270.48,171.56,52.16,211.44,97.18,42.45,27.41,28.33,0,0,0,0,0,0
12.74,56.14,232.49,83.63,27.56,132.8,97.37,207.04,276.56,178.94,54.13,221.63,101.65,44.45,29.59,30.7,0,0,0,0,0,0
13.17,59.51,246.21,89.41,28.9,143.99,103.58,224.89,300.18,196.24,58.2,238.81,108.91,49.19,32.51,33.44,0,0,0,0,0,0
14.26,67.96,288.83,104.45,32.85,173.79,120.15,274.24,363.2,238.04,67.82,277.58,125.65,60.78,38.92,38.77,0,0,0,0,0,0
15.8,77.07,316.12,118.15,35.65,206.4,134.15,324.34,429.54,291.95,78.22,324.78,146.08,76.56,49.47,47.82,0,0,0,0,0,0
17.56,87.7,353.71,135.37,39.58,247.45,151.64,388.57,513.58,359.15,90.46,379.25,169.63,95.9,61.92,57.66,0,0,0,0,0,0
17.96,91.08,370.71,142.38,41.09,266.21,158.89,417.91,552.08,386.52,94.68,398.4,177.88,103.37,66.38,60.44,0,0,0,0,0,0
17.79,89.73,368.29,141.36,41.05,262.88,159.21,412.72,545.25,380,93.94,392.78,176.4,100.79,64.67,58.95,0,0,0,0,0,0
18.11,90.76,375.09,141.77,41.89,260.41,159.16,409.08,540.43,374.09,94.52,391.81,176.09,99.56,63.49,58.75,0,0,0,0,0,0
15.65,78.52,328.56,123.99,36.77,228.17,139.17,359.38,474.63,328.38,81.65,339.72,152.18,86.82,55.19,50.2,0,0,0,0,0,0
13.03,65.43,269.69,104.28,30.08,196.2,116.23,307.58,406.9,284.05,68.21,288.42,128.11,74.86,48.46,43.2,0,0,0,0,0,0
13.51,65.24,263.6,103.55,30.09,194.97,114.12,303.74,402.66,283.64,66.9,286.97,126.24,74.26,49.42,43.5,0,0,0,0,0,0
14.78,66.69,257.42,104.5,30.91,193.41,112.64,296.41,397.05,283.94,66.54,292.23,126.42,73,51.33,45.24,0,0,0,0,0,0
13.07,58.39,223.66,92.19,27.16,168.32,97.5,256.5,344.42,248.09,58.33,257.32,109.81,63.06,45.34,40.12,0,0,0,0,0,0
7.2,32.93,119.8,54.3,14.66,104.73,55.49,158.68,212.26,161.98,34.49,154.85,64.92,40.92,30.07,25.37,0,0,0,0,0,0
6.44,29.91,108.16,50.06,13.32,99.67,50.97,151.2,200.61,156.15,31.38,142.7,59.54,39.47,28.89,23.35,0,0,0,0,0,0
6.04,29.28,108.17,49.85,12.87,101.66,51.48,155.35,206.32,158.92,30.65,142,59.2,40.1,28.7,22.58,0,0,0,0,0,0
6.19,30.74,112.89,53.07,13.32,108.73,57.38,167.39,220.36,171.59,32.56,152.22,64.89,42.85,30.39,23.35,0,0,0,0,0,0
5.34,26.91,98.85,47.14,11.65,95.55,52.47,148.24,193.04,153.33,29.35,134.9,59.06,37.96,26.65,20.36,0,0,0,0,0,0
4.78,23.17,81.57,39.62,9.87,75.43,45.25,116.74,151.27,121.92,25.23,114.65,51.49,29.65,21.2,17.25,0,0,0,0,0,0
5.13,23.66,85.14,38.8,10.26,65.41,44.44,101.74,132.24,102.45,24.53,109.37,50.65,24.68,17.57,16.28,0,0,0,0,0,0
10.16,46.35,193.55,74.45,22.5,115.15,84.12,182.02,238.49,161.17,45.68,192.86,90.94,39.55,25.66,26.74,0,0,0,0,0,0
15.02,68.71,294.63,111.78,34.07,166.89,124.61,265.75,347.73,230.84,68.26,283.72,136.01,56.97,35.53,39.1,0,0,0,0,0,0
18.06,80.34,336.14,132.19,39.24,192.59,145.11,306,400.16,271.06,81.84,336.86,165.04,66.85,42.08,48.46,0,0,0,0,0,0
19.23,83.55,336.98,137.97,39.95,199.12,149.6,314.11,411.12,286.18,86.2,356.47,176.3,70.53,45.57,53.25,0,0,0,0,0,0
19.44,85.01,338.57,139.94,40.34,205.54,151.26,322.32,422.66,296.49,86.41,365.42,178.59,73.38,48.15,54.61,0,0,0,0,0,0
18.44,83.84,338.94,137.81,39.83,210.35,149.61,330.41,433.48,302.69,84.31,361.99,172.96,75.72,49.31,53.06,0,0,0,0,0,0
18.11,86.5,361.4,141.54,41.21,230.66,155.36,364.4,478.59,329.04,87.6,372.52,173.57,83.83,53.48,53.76,0,0,0,0,0,0
18.31,88.51,359.76,140.76,40.9,240.01,155.5,377.65,496.47,347.02,90.66,382.41,175.64,90.53,58.46,57.2,0,0,0,0,0,0
18.39,90.68,363.57,141.28,40.86,248.9,157.4,390.51,515.76,360.05,93.79,393.05,178.75,95.5,61.66,59.97,0,0,0,0,0,0
17.94,89.26,359.51,138.82,40.34,248.58,155.55,390.19,514.94,359.56,92.95,387.48,175.32,95.66,61.67,59.06,0,0,0,0,0,0
17.76,88.68,360.71,138.94,40.62,251.6,156.75,395.38,522.55,365.65,92.98,386.85,175.08,96.82,62.05,58.26,0,0,0,0,0,0
17.81,88.44,362.19,136.91,40.81,244.11,154.6,384.23,507.59,351.08,92.2,379.66,171.61,93.3,59.5,57.04,0,0,0,0,0,0
15.41,76.43,318.49,119.63,35.74,214.66,135.22,338.02,446.18,305.82,79.62,327.7,147.88,80.64,51.33,48.46,0,0,0,0,0,0
12.93,63.4,257.86,99.47,29.26,180.51,111.44,283.18,372.35,262.03,66.43,275.62,123.83,69.08,44.94,41.65,0,0,0,0,0,0
13.35,62.82,250.8,98.01,29.07,178.26,108.69,276.87,366.83,258.37,64.82,271.88,121.33,67.44,45.16,41.61,0,0,0,0,0,0
14.51,63.64,242.77,97.68,29.48,173.8,106.15,264.41,355.62,251.71,63.79,273.55,120.22,64.21,45.7,42.69,0,0,0,0,0,0
12.87,55.74,209.94,86.57,25.96,152.06,92.21,230.22,311.54,223.12,56.07,242.12,104.66,56.07,40.97,38.26,0,0,0,0,0,0
6.91,31.63,114.13,51.76,13.94,97.88,53.26,148.11,199.46,150.69,33.02,148.7,62.24,37.84,27.95,24.27,0,0,0,0,0,0
6.24,29.49,108.34,49.69,12.88,99.86,51.08,151.06,202.97,152.21,30.76,141.58,58.76,38.18,27.91,22.85,0,0,0,0,0,0
6.11,29.47,109.47,50.19,13,102.7,51.74,156.58,207.23,159.43,30.88,142.14,59.47,40.24,28.88,22.63,0,0,0,0,0,0
6.23,30.67,111.85,52.49,13.36,106.71,56.57,164.09,215.13,169.72,32.56,150.77,64.69,42.49,30.13,23.23,0,0,0,0,0,0
5.22,26.28,96.01,45.83,11.33,91.78,51.27,142.45,185.11,147.13,28.64,131.51,57.64,36.32,25.59,19.77,0,0,0,0,0,0
4.58,21.9,76.13,37.23,9.27,69.4,43.06,106.95,139.5,111.71,23.9,108.05,48.84,26.77,19.35,16.24,0,0,0,0,0,0
5.08,23.24,83.25,37.97,10.09,63.21,43.64,98.17,127.51,98.92,24.11,106.98,49.74,23.71,16.98,15.94,0,0,0,0,0,0
10.16,46.32,192.99,74.26,22.5,114.42,83.86,180.99,236.99,160.94,45.67,192.61,90.9,39.53,25.62,26.74,0,0,0,0,0,0
15.03,68.7,294.57,111.77,34.08,166.97,124.57,265.76,347.96,231.07,68.28,283.62,136.03,57.01,35.56,39.11,0,0,0,0,0,0
18.07,80.34,336.45,132.2,39.23,192.77,145.14,306.09,400.32,270.62,81.83,336.65,165.01,66.71,42,48.41,0,0,0,0,0,0
19.21,83.43,336.79,137.74,39.88,198.46,149.4,312.99,409.29,284.35,86.05,355.62,175.98,70.05,45.27,53.07,0,0,0,0,0,0
19.41,84.85,337.45,139.5,40.28,204.1,150.78,320.23,419.85,295.16,86.26,364.63,178.3,73.08,47.9,54.51,0,0,0,0,0,0
18.45,83.73,338.46,137.63,39.82,209.9,149.4,329.58,432.15,301.89,84.22,361.15,172.69,75.49,49.23,52.98,0,0,0,0,0,0
17.91,85.15,355.7,139.11,40.6,224.96,153.14,354.86,467.98,319.23,86.23,365.6,170.83,80.96,51.66,52.75,0,0,0,0,0,0
18.17,87.9,358.61,140.1,40.54,239.06,155.2,375.76,494.91,342.08,89.93,379.67,174.28,88.97,57.57,56.63,0,0,0,0,0,0
18.59,92.06,370.92,144.09,41.45,256.7,160.13,402.48,530.84,370.03,95.19,399.92,181.57,98.22,63.42,60.91,0,0,0,0,0,0
18.12,90.44,364.69,140.86,40.86,253.86,157.37,398.55,525.58,368.4,94.2,393.44,177.88,98.19,63.15,59.94,0,0,0,0,0,0
17.66,88.35,359.18,138.04,40.39,248.49,155.94,390.9,515.6,360.51,92.52,384.93,174.24,95.6,61.18,57.81,0,0,0,0,0,0
17.74,87.87,360.71,135.81,40.54,241.36,153.62,379.36,500.61,344.14,91.57,375.76,170.22,91.4,58.35,56.36,0,0,0,0,0,0
15.31,75.53,313.67,117.61,35.38,209.04,133.15,329.11,434.71,298.44,78.74,322.58,146.02,78.68,50.03,47.78,0,0,0,0,0,0
12.88,63.13,257.52,99.2,29.12,180.45,111.32,282.66,372.49,260.14,66.14,274.31,123.28,68.42,44.57,41.41,0,0,0,0,0,0
13.34,63,251.96,98.48,29.09,179.66,109.24,279.14,370.1,259.88,64.95,273.22,121.72,67.82,45.38,41.73,0,0,0,0,0,0
14.59,64.18,244.43,98.79,29.74,176.73,107.16,269.37,362.78,258.29,64.39,277.16,121.54,65.98,46.8,43.32,0,0,0,0,0,0
12.9,56.18,212.62,87.55,26.11,154.67,93.28,234.41,316.41,225.7,56.45,244.49,105.48,56.79,41.46,38.5,0,0,0,0,0,0
6.97,32.04,116.51,52.67,14.11,100.41,54.19,152.02,204.12,153.46,33.41,150.73,63.01,38.58,28.47,24.52,0,0,0,0,0,0
6.28,29.46,107.49,49.02,12.92,97.43,50.16,147.14,196.81,149.7,30.79,140.21,58.66,37.72,27.49,22.7,0,0,0,0,0,0
6.02,28.98,106.96,49.05,12.75,99.71,50.6,151.78,202.02,155.5,30.39,139.67,58.58,39.19,28.05,22.25,0,0,0,0,0,0
6.14,30.29,110.59,51.8,13.12,105.22,56.02,161.57,212.89,166.51,32.14,149.09,63.97,41.57,29.44,22.9,0,0,0,0,0,0
5.2,26.31,96.19,45.92,11.31,92.07,51.41,143.01,186.24,147.6,28.65,132.04,57.76,36.44,25.61,19.81,0,0,0,0,0,0
4.68,22.35,77.69,38.14,9.54,71.75,43.85,110.76,144.19,116.47,24.42,110.44,49.8,28.06,20.25,16.7,0,0,0,0,0,0
5.11,23.48,84.74,38.56,10.18,64.97,44.27,100.86,131.02,100.79,24.34,108.28,50.21,24.18,17.31,16.1,0,0,0,0,0,0
10.14,46.19,192.67,74.04,22.43,113.88,83.69,180.05,235.66,159.37,45.5,191.8,90.56,39.09,25.36,26.58,0,0,0,0,0,0
15.02,68.62,294.09,111.56,34.05,166.25,124.35,264.69,346.21,230.08,68.19,283.04,135.81,56.77,35.42,39.03,0,0,0,0,0,0
18.07,80.36,336.17,132.22,39.25,192.57,145.13,306.02,399.99,271.11,81.86,336.93,165.06,66.88,42.11,48.48,0,0,0,0,0,0
19.19,83.35,336.11,137.54,39.84,197.82,149.2,312.13,408.32,283.98,85.96,355.35,175.84,69.96,45.19,53.04,0,0,0,0,0,0
19.39,84.79,337.37,139.31,40.23,203.47,150.61,319.21,418.14,293.59,86.16,364.04,178.09,72.69,47.64,54.36,0,0,0,0,0,0
18.57,84.65,341.94,139.25,40.22,213.66,150.87,336.06,440.01,309.37,85.16,366.3,174.68,77.66,50.53,53.75,0,0,0,0,0,0
18.11,86.47,360.43,141.25,41.21,229,154.99,362.39,474.49,327.99,87.54,372.25,173.41,83.71,53.42,53.73,0,0,0,0,0,0
18.36,88.99,362.13,141.72,41.08,242.79,156.43,381.95,502.7,351.2,91.16,385.17,176.76,91.65,59.1,57.59,0,0,0,0,0,0
18.59,91.86,368.38,143.42,41.43,254.49,159.29,399.4,527.15,370.14,95.07,399.14,181.32,98.31,63.41,60.97,0,0,0,0,0,0
17.99,89.7,362.13,139.73,40.5,251.4,156.47,394.37,520.9,362.83,93.4,389.8,176.29,96.51,62.16,59.35,0,0,0,0,0,0
17.59,88.03,358.31,137.46,40.21,247.46,155.43,388.82,514.06,357.79,92.19,383.23,173.65,94.78,60.58,57.51,0,0,0,0,0,0
17.7,87.67,359.31,135.52,40.44,241.16,153.34,378.97,502.39,345.32,91.43,375.63,170.11,91.58,58.35,56.43,0,0,0,0,0,0
15.35,75.9,314.32,118.17,35.56,210.11,133.58,331.3,437.6,302.48,79.15,325.02,146.92,79.86,50.71,48.2,0,0,0,0,0,0
12.88,63.05,255.86,98.92,29.15,178.83,110.94,280.87,368.93,260.23,66.07,274.14,123.06,68.56,44.72,41.48,0,0,0,0,0,0
13.36,63.11,251.85,98.63,29.16,179.93,109.32,279.76,371.11,261.66,65.1,274.02,122.02,68.32,45.67,41.92,0,0,0,0,0,0
14.59,64.58,247.81,100.03,29.82,180.55,108.67,275.31,370.56,260.94,64.67,279.77,122.26,66.58,47.26,43.5,0,0,0,0,0,0
12.92,56.54,214.55,88.35,26.2,157.21,94.11,238.33,322.78,229.31,56.81,246.93,106.38,57.71,41.94,38.81,0,0,0,0,0,0
6.98,31.89,115.64,52.36,14.09,99.67,53.83,150.71,202.6,152.78,33.32,149.8,62.73,38.37,28.36,24.46,0,0,0,0,0,0
6.2,28.94,103.88,48.11,12.72,94.97,49.26,143.72,193.57,148.77,30.31,138.59,57.79,37.38,27.27,22.6,0,0,0,0,0,0
6.06,28.83,105.01,48.56,12.81,97.7,49.92,149,197.03,154.91,30.32,138.53,58.21,39.13,28.12,22.26,0,0,0,0,0,0
6.26,30.75,113.34,52.92,13.4,108.23,57.11,166.11,217.14,169.5,32.6,150.76,64.66,42.34,30.2,23.18,0,0,0,0,0,0
5.28,26.26,96.1,45.86,11.4,92.4,51.22,142.86,186.22,147.77,28.71,130.96,57.64,36.39,25.7,19.81,0,0,0,0,0,0
4.65,22.17,77.06,37.59,9.44,70.06,43.3,108.01,139.89,113.18,24.2,108.89,49.31,27.25,19.7,16.41,0,0,0,0,0,0
5.12,23.56,85.58,38.9,10.21,66.48,44.64,102.85,134.6,102.32,24.45,108.82,50.45,24.47,17.51,16.2,0,0,0,0,0,0
10.19,46.45,193.65,74.55,22.57,115.37,84.14,182.35,238.95,162.25,45.82,193.22,91.17,39.85,25.85,26.85,0,0,0,0,0,0
14.98,68.47,293.57,111.31,33.97,165.68,124.14,263.75,345.31,228.94,68.03,282.42,135.53,56.44,35.18,38.91,0,0,0,0,0,0
18.05,80.26,335.85,132.03,39.2,192.21,144.97,305.35,399.4,270.27,81.75,336.41,164.87,66.63,41.93,48.38,0,0,0,0,0,0
19.23,83.59,337.16,138.05,39.95,199.16,149.69,314.33,411.07,286.23,86.22,356.77,176.35,70.58,45.6,53.26,0,0,0,0,0,0
19.42,84.83,337.39,139.34,40.27,203.66,150.59,319.37,418.53,294.23,86.24,364.09,178.21,72.86,47.75,54.43,0,0,0,0,0,0
18.48,83.9,339.12,137.83,39.9,210.29,149.53,330.19,432.76,302.77,84.41,361.86,173.06,75.79,49.37,53.09,0,0,0,0,0,0
17.99,85.68,357.51,139.94,40.84,226.28,153.86,357.57,469.69,322.39,86.73,368.24,171.81,82,52.34,53.12,0,0,0,0,0,0
18.24,88.13,358.34,139.93,40.71,237.73,154.73,373.94,491.36,342.64,90.23,380.05,174.77,89.37,57.7,56.79,0,0,0,0,0,0
18.35,90.39,363.43,140.85,40.72,247.76,157.12,388.43,511.6,355.3,93.4,390.7,177.82,94.2,60.99,59.5,0,0,0,0,0,0
18.02,89.56,360.88,139.23,40.51,249.68,155.83,391.67,516.64,361.26,93.3,388.47,175.95,96.17,61.96,59.24,0,0,0,0,0,0
17.65,88.08,358.7,137.76,40.31,247.89,155.76,389.7,513.04,357.71,92.22,383.02,173.44,94.77,60.86,57.52,0,0,0,0,0,0
17.76,88.28,361.02,136.32,40.7,241.97,153.98,381.18,503.12,348.56,91.99,378.71,171.26,92.75,59.04,56.85,0,0,0,0,0,0
15.39,75.95,315.35,118.49,35.6,211.62,133.94,333.12,440.48,303.24,79.24,325.05,147.03,79.94,50.84,48.23,0,0,0,0,0,0
12.84,63.06,256.65,98.97,29.04,180.32,111.05,282.32,374.58,261.53,66.13,274.7,123.49,68.73,44.53,41.52,0,0,0,0,0,0
13.3,62.97,251.45,98.22,29.02,179.26,108.94,278.39,371.04,260.38,64.96,273.51,121.94,67.95,45.21,41.78,0,0,0,0,0,0
14.64,64.71,246.83,99.95,29.94,179.87,108.34,274.58,369.86,263.36,64.91,280.58,122.71,67.34,47.64,43.79,0,0,0,0,0,0
12.86,56.1,213.03,87.96,26.03,156.62,93.92,237.33,321.79,227.4,56.34,245.15,105.41,57,41.68,38.57,0,0,0,0,0,0
6.94,31.85,116.7,52.8,14.03,101.65,54.52,153.54,207.12,153.36,33.22,150.16,62.62,38.32,28.45,24.43,0,0,0,0,0,0
6.21,28.91,104.71,48.07,12.7,94.97,49.27,143.32,192.25,146.52,30.25,137.66,57.55,36.79,26.94,22.38,0,0,0,0,0,0
6.01,29.19,108.22,49.66,12.79,101.49,51.33,154.76,206.17,157.66,30.55,141.36,59.03,39.72,28.4,22.43,0,0,0,0,0,0
6.25,30.83,113.17,53.11,13.42,108.46,57.3,166.94,218.39,171.19,32.68,151.91,64.92,42.83,30.47,23.35,0,0,0,0,0,0
5.24,26.22,95.75,45.66,11.34,91.41,51.05,141.65,184,146.5,28.62,130.83,57.51,36.14,25.5,19.72,0,0,0,0,0,0
4.63,22.21,77.01,37.67,9.43,70.25,43.38,108.49,141.15,114.21,24.24,109.61,49.52,27.53,19.8,16.51,0,0,0,0,0,0
5.04,23.2,83.39,37.92,10.02,63.29,43.66,98.18,128.12,98.35,24.04,106.89,49.68,23.52,16.8,15.86,0,0,0,0,0,0
10.17,46.52,193.99,74.65,22.56,115.58,84.26,182.8,239.87,162.66,45.87,193.89,91.39,39.99,25.84,26.9,0,0,0,0,0,0
15,68.63,294.35,111.64,34.02,166.59,124.49,265.23,347.25,230.23,68.18,283.35,135.87,56.79,35.4,39.03,0,0,0,0,0,0
18.04,80.2,335.91,131.95,39.17,192.03,144.92,304.95,398.64,269.2,81.67,335.88,164.68,66.33,41.77,48.28,0,0,0,0,0,0
19.18,83.35,336.22,137.59,39.83,198,149.29,312.45,408.76,284.04,85.95,355.49,175.83,69.96,45.2,53.04,0,0,0,0,0,0
19.37,84.62,336.54,139.04,40.16,202.88,150.37,318.25,417.3,292.89,86,363.35,177.79,72.46,47.5,54.29,0,0,0,0,0,0
18.47,84.08,340.05,138.16,39.92,211.2,149.9,331.72,435.1,304.02,84.56,363.08,173.49,76.14,49.51,53.2,0,0,0,0,0,0
18.03,86.11,358.55,140.4,41.01,226.74,154.16,358.83,470.71,325.07,87.17,370.53,172.77,82.93,52.78,53.45,0,0,0,0,0,0
18.24,88.6,360.69,141.1,40.81,241.57,156,380.03,501.87,348.8,90.71,384,176.1,90.91,58.5,57.31,0,0,0,0,0,0
18.4,90.82,364.12,141.45,40.91,249.02,157.55,390.88,515.47,360.28,93.9,393.59,178.96,95.64,61.75,60.02,0,0,0,0,0,0
17.88,89.13,358.6,138.23,40.2,247.08,154.92,387.78,513.3,358.23,92.83,387.07,175.31,95.37,61.18,58.94,0,0,0,0,0,0
17.58,88.04,358.03,137.39,40.2,247.17,155.35,388.51,513.82,358.05,92.2,383.45,173.72,94.88,60.59,57.55,0,0,0,0,0,0
17.69,87.62,358.55,135.08,40.42,239.41,152.79,376.4,498.25,343.58,91.39,374.91,169.98,91.27,58.07,56.32,0,0,0,0,0,0
15.39,76.14,315.69,118.56,35.66,210.95,133.93,332.59,438.45,303.07,79.38,325.82,147.32,80.09,50.86,48.28,0,0,0,0,0,0
12.96,63.7,259.59,100.28,29.38,183.21,112.29,287.25,378.73,265.72,66.76,277.67,124.58,69.96,45.5,41.96,0,0,0,0,0,0
13.23,62.55,249.21,97.47,28.83,177.26,108.25,275.41,367.61,258.03,64.53,271.74,121.12,67.27,44.78,41.54,0,0,0,0,0,0
14.6,64.55,246.32,99.65,29.86,178.94,108.1,273.17,367.54,261.35,64.71,279.63,122.3,66.82,47.33,43.6,0,0,0,0,0,0
12.82,56.05,212.24,87.62,25.96,155.32,93.54,235.61,319.74,226.62,56.27,245.12,105.4,56.9,41.46,38.53,0,0,0,0,0,0
6.81,31.92,116.99,52.79,14.17,100.69,54.05,152.35,204.99,154.39,32.78,150.76,62.78,38.82,28.42,24.19,0,0,0,0,0,0
6.15,29.79,109.55,50.43,13.19,100.92,51.33,153.22,205.45,157.17,30.57,144.1,59.51,39.66,28.59,22.95,0,0,0,0,0,0
5.91,29.47,110.34,50.64,13.08,103.74,51.87,158.27,211.16,162.65,30.31,143.72,59.75,41.08,29.04,22.44,0,0,0,0,0,0
6.05,31.05,114.76,53.62,13.58,109.22,57.37,168.25,221.52,174.61,32.27,154.26,65.68,43.87,30.57,23.21,0,0,0,0,0,0
5.04,26.32,97.45,46.38,11.5,92.94,51.42,144.17,188.05,149.92,28.03,132.72,57.85,37.07,25.76,19.5,0,0,0,0,0,0
4.33,21.69,76.89,37.35,9.31,69.95,42.91,108.04,140.16,112.66,22.96,107.89,48.11,27.11,19.39,15.68,0,0,0,0,0,0
4.53,21.53,78.55,35.12,9.35,60.29,40.87,93.44,121.87,92.77,21.72,99.22,45.14,22.17,15.85,14.24,0,0,0,0,0,0
9.02,41.25,174.14,64.22,20.22,102.14,74.31,161.39,212.72,141.11,40.19,167.23,77.34,34.67,22.53,22.66,0,0,0,0,0,0
12.45,57.22,251.87,89.09,28.93,139.28,103.03,221.81,292.75,186.39,55.9,226.2,105.21,46.1,28.7,29.88,0,0,0,0,0,0
13.49,61.12,266.71,95.05,30.77,146.8,109.51,233.45,308.66,196.74,60.07,241.95,113.5,48.68,30.37,32.46,0,0,0,0,0,0
13.82,61.1,256.31,94.81,30.06,145.37,108.18,229.06,303.66,198.72,60.51,246.01,116.2,49.12,31.69,34.41,0,0,0,0,0,0
15.31,66.1,267.33,102.21,31.79,156.16,115.46,243.77,323.27,216.18,66.17,269.63,128.25,53.55,35.64,39.33,0,0,0,0,0,0
16.52,72.08,289.44,112.79,34.23,172.76,126.45,270.01,357.94,242.15,73.65,299.11,142.69,60.27,40.01,44.5,0,0,0,0,0,0
18.22,82.88,340.09,131.81,39.11,207.88,146.86,327.4,432.6,292.97,86.29,349.03,165.86,74.13,47.71,51.9,0,0,0,0,0,0
20.06,93.2,372.34,147.76,42.51,245.76,162.94,385.75,508.08,355.04,98.15,401.63,188.8,92.16,59.9,61.97,0,0,0,0,0,0
21,100.69,398.15,158.77,45.07,276.98,174.31,434.71,572.37,407.53,106.55,440.6,204.16,107.91,69.84,69.01,0,0,0,0,0,0
20.04,98.97,397.42,156.87,44.47,283.05,172.94,444.75,584.88,414.5,104.29,436.02,198.95,110.26,71.03,67.29,0,0,0,0,0,0
18.68,93.13,377.85,147.07,42.57,265.45,164.42,417.85,548.97,388.51,97.92,408.66,185.72,103.08,66.05,61.8,0,0,0,0,0,0
18.37,92.47,381.69,145.34,42.58,264.65,162.68,416.56,549.28,380.96,96.12,401.39,180.58,101.31,64.54,60.04,0,0,0,0,0,0
15.91,80.16,336.06,127.7,37.55,235.12,142.8,370.99,487.05,338.18,83.12,348.48,155.75,89.43,57.1,51.39,0,0,0,0,0,0
13.17,66.04,270.78,105.17,30.46,196.01,116.77,307.82,405.89,286.95,68.82,291.34,129.72,75.79,48.98,43.72,0,0,0,0,0,0
13.86,66.9,269.25,106.17,31,199.86,116.06,311.52,411.5,295.16,68.74,294.54,130.09,77.61,51.43,44.85,0,0,0,0,0,0
14.99,67.75,261.23,106.27,31.46,196.27,114.05,301.03,402.35,290.33,67.65,297.28,128.99,74.83,52.39,46.06,0,0,0,0,0,0
13.17,58.99,226.42,93.82,27.47,171.81,99.1,261.77,352.73,253.42,58.91,261.19,111.55,64.24,46.11,40.72,0,0,0,0,0,0
6.94,32.56,119.55,54.04,14.52,105.57,55.19,160.4,214.66,163.39,33.6,154.33,63.77,41.37,30.22,24.9,0,0,0,0,0,0
6.1,29.62,109.23,49.79,13.04,101.69,50.72,154.01,207.99,158.08,30.53,143.08,58.93,39.98,28.65,22.83,0,0,0,0,0,0
5.78,28.67,108.05,49.28,12.71,102.57,50.81,156.19,207.6,158.25,29.54,139.21,57.4,39.88,28.55,21.79,0,0,0,0,0,0
5.98,30.19,112.91,52.53,13.27,109.46,56.64,167.97,219.9,170.75,31.48,149.09,63.01,42.65,30.35,22.53,0,0,0,0,0,0
4.93,25.64,96.07,45.21,11.15,92.69,50.56,143.42,186.05,146.14,27.39,128.6,55.63,36.07,25.39,18.87,0,0,0,0,0,0
4.2,21.15,75.07,36.26,8.99,70.61,42.03,108.85,143.04,113.36,22.56,105.67,46.6,27.3,19.5,15.43,0,0,0,0,0,0
4.29,20.12,72.79,32.07,8.7,56.06,37.99,86.58,113.05,85.97,20.43,91.52,41.38,20.49,14.84,13.18,0,0,0,0,0,0
8.59,39.19,165.98,59.9,19.25,96.48,70.22,152.39,201.62,132.33,38.1,156.61,71.85,32.53,21.15,21.05,0,0,0,0,0,0
11.69,53.75,238.65,82.13,27.36,129.45,96.39,206.22,272.97,170.71,52.11,208.59,96.08,42.21,26.19,27.03,0,0,0,0,0,0
12.28,56.12,248.84,85.51,28.59,134.68,100.34,214.24,284.02,176.79,54.29,217.21,100.1,43.76,27.22,28.21,0,0,0,0,0,0
12.05,54.03,231.63,81.51,27.04,128.99,95.34,203.13,270.14,171.49,52.15,211.27,97.14,42.43,27.41,28.33,0,0,0,0,0,0
12.73,56.11,232.15,83.59,27.55,132.66,97.31,206.89,276.52,179.18,54.1,221.61,101.62,44.51,29.62,30.72,0,0,0,0,0,0
13.13,59.37,245.41,89.15,28.81,143.35,103.35,223.99,299.76,195.75,58.05,238.55,108.73,49.04,32.34,33.38,0,0,0,0,0,0
14.17,67.43,286.69,103.51,32.59,171.74,119.31,270.74,359.92,234.46,67.29,275.08,124.66,59.71,38.19,38.39,0,0,0,0,0,0
15.79,76.9,316.1,118.02,35.59,206.3,134.12,323.92,428.66,290.14,78.02,323.66,145.61,76,49.22,47.62,0,0,0,0,0,0
17.42,87.03,351.65,134.1,39.21,244.1,150.59,383.08,505.9,351.46,89.65,375.28,168.02,93.81,60.61,56.91,0,0,0,0,0,0
17.81,89.84,364.83,140.05,40.61,259.69,156.68,407.75,537.82,376.43,93.39,391.59,175.07,100.6,64.8,59.48,0,0,0,0,0,0
17.74,89.18,364.19,139.9,40.87,257.98,157.6,405.61,534.93,375.59,93.41,389.75,175.25,99.77,63.99,58.61,0,0,0,0,0,0
18.19,91.19,375.96,142.62,42.14,262.25,159.89,412.57,544.59,379.38,95.01,394.64,177.06,101.03,64.49,59.29,0,0,0,0,0,0
15.71,79.03,331.01,125.16,36.99,231.42,140.35,364.64,481.58,333.34,82.17,342.83,153.29,88.13,56.06,50.66,0,0,0,0,0,0
13.12,65.3,269.42,104.15,30.18,196.2,115.99,306.92,405.22,283.21,68.19,286.63,127.68,74.54,48.51,43.11,0,0,0,0,0,0
13.61,65.49,264.68,103.88,30.27,196.69,114.22,305.56,406.94,286.89,67.34,287.79,127.05,75.05,49.81,43.79,0,0,0,0,0,0
14.96,67.31,260.02,105.51,31.28,196.74,113.35,300.89,404.08,290,67.37,294.8,127.95,74.6,52.28,45.82,0,0,0,0,0,0
13.04,58.03,221.42,91.54,27.06,166.99,96.81,254.24,342.9,247.59,58.06,255.83,109.26,62.81,45.17,40.05,0,0,0,0,0,0
7.23,33.54,123.96,55.89,14.83,109.69,57.27,166.25,223.02,167.03,35.04,158.68,66.24,42.16,30.85,25.78,0,0,0,0,0,0
6.42,30.24,110.64,50.76,13.31,102.41,51.79,155.06,207.99,158.69,31.67,144.98,60.46,40.06,29.03,23.53,0,0,0,0,0,0
6.08,29.13,107.84,49.46,12.88,101.01,50.97,153.58,203.99,157.01,30.58,140.09,58.82,39.54,28.4,22.39,0,0,0,0,0,0
6.2,30.57,112.45,52.69,13.28,107.78,56.96,165.54,217.43,169.22,32.41,150.59,64.43,42.21,30.04,23.12,0,0,0,0,0,0
5.31,26.35,96.53,46.21,11.48,93.17,51.6,144.27,187.11,148.87,28.8,131.48,57.72,36.67,26.04,19.91,0,0,0,0,0,0
4.62,22.2,78.05,38.05,9.41,71.95,43.94,110.79,144.54,114.47,24.19,109.68,49.41,27.44,19.87,16.47,0,0,0,0,0,0
5.08,23.4,85.22,38.54,10.1,65.35,44.35,101.1,131.82,99.64,24.23,107.79,50.03,23.79,17.06,15.95,0,0,0,0,0,0
10.16,46.36,193.52,74.32,22.5,114.75,83.94,181.31,237.65,160.73,45.7,192.68,90.99,39.47,25.54,26.71,0,0,0,0,0,0
14.98,68.43,293.66,111.27,33.94,165.64,124.15,263.61,344.97,228.18,67.97,282.07,135.39,56.22,35.07,38.83,0,0,0,0,0,0
18.03,80.15,335.56,131.89,39.14,191.89,144.88,304.81,398.65,269.28,81.62,335.83,164.6,66.34,41.78,48.28,0,0,0,0,0,0
19.21,83.42,336.73,137.85,39.88,199,149.55,313.82,410.95,285.33,86.06,355.92,176.03,70.25,45.41,53.14,0,0,0,0,0,0
19.43,84.96,337.79,139.64,40.33,204.35,150.88,320.68,420.3,295.89,86.38,365.16,178.54,73.31,48.03,54.59,0,0,0,0,0,0
18.42,83.57,336.86,137,39.76,207.87,148.65,326.58,428.52,300.71,84.1,360.34,172.49,75.27,48.94,52.91,0,0,0,0,0,0
17.98,85.39,355.32,139.09,40.77,223.69,152.87,353.55,464.36,320.2,86.51,366.41,171.27,81.49,51.96,52.96,0,0,0,0,0,0
18.21,87.95,356.9,139.47,40.62,236.56,154.21,372.15,490.17,342.43,90.11,379.54,174.6,89.31,57.54,56.77,0,0,0,0,0,0
18.46,91.06,365.6,142.05,41.04,250.87,158.14,393.58,518.93,362.36,94.16,394.69,179.43,96.15,62.15,60.2,0,0,0,0,0,0
17.94,89.66,361.66,139.3,40.41,249.71,156.02,391.98,517.43,360.64,93.29,389.44,176.2,96.09,61.71,59.19,0,0,0,0,0,0
17.68,88.23,359.37,138.13,40.39,249.3,156.1,391.71,516.76,360.21,92.42,384.09,173.91,95.36,61.2,57.73,0,0,0,0,0,0
17.66,87.6,360.53,135.63,40.34,241.89,153.66,379.69,502.96,342.91,91.26,374.87,169.75,90.85,57.98,56.15,0,0,0,0,0,0
15.45,76.71,319,120.1,35.87,216.05,135.58,340.33,450.37,309.91,79.97,329.72,148.69,81.73,51.93,48.85,0,0,0,0,0,0
12.99,64.18,261.35,101.19,29.55,185.38,113.18,291.12,383.87,270.15,67.22,280.83,125.67,71.22,46.23,42.4,0,0,0,0,0,0
13.36,63.08,251.94,98.61,29.15,180.28,109.29,279.97,372.24,261.85,65.1,273.81,122.04,68.3,45.63,41.91,0,0,0,0,0,0
14.67,64.72,247.14,100.14,29.99,180.68,108.53,275.62,371.39,264.16,64.96,280.58,122.74,67.48,47.82,43.84,0,0,0,0,0,0
13,57.12,217.46,89.67,26.46,160.78,95.44,244.07,329.98,234.42,57.39,250.26,107.58,59.07,42.87,39.29,0,0,0,0,0,0
6.99,32.15,117.13,52.91,14.17,100.83,54.43,152.79,204.35,153.8,33.51,151.17,63.15,38.71,28.61,24.57,0,0,0,0,0,0
6.41,30.3,109.88,50.53,13.33,100.71,51.47,153.15,203.98,158.06,31.69,145.3,60.53,40.12,29,23.56,0,0,0,0,0,0
6.02,28.99,106.83,49.12,12.76,99.84,50.7,152.15,202.42,156.06,30.39,139.95,58.6,39.33,28.17,22.31,0,0,0,0,0,0
6.14,30.14,109.97,51.7,13.1,105.29,55.94,161.49,213.18,166.54,32.02,148.39,63.67,41.46,29.47,22.87,0,0,0,0,0,0
5.15,25.94,94.74,45.14,11.14,90.22,50.64,139.77,182.59,144.24,28.28,129.84,57.03,35.5,24.96,19.48,0,0,0,0,0,0
4.62,22.17,77.21,37.58,9.39,70.13,43.32,108.11,140.64,113.13,24.18,109.16,49.4,27.24,19.6,16.4,0,0,0,0,0,0
5.07,23.34,84.66,38.2,10.06,64.36,43.95,99.48,129.98,98.69,24.18,107.27,49.96,23.59,16.83,15.88,0,0,0,0,0,0
10.14,46.24,192.84,74.04,22.43,113.98,83.66,180.11,236.31,159.8,45.58,192.1,90.77,39.22,25.35,26.62,0,0,0,0,0,0
14.98,68.44,293.56,111.25,33.94,165.59,124.1,263.55,345.18,228.54,68,282.24,135.48,56.33,35.09,38.87,0,0,0,0,0,0
18.03,80.15,335.47,131.82,39.15,191.63,144.77,304.37,397.97,269.01,81.63,335.68,164.59,66.29,41.73,48.26,0,0,0,0,0,0
19.18,83.24,335.7,137.35,39.8,197.34,149.03,311.32,407.09,283,85.85,354.67,175.57,69.68,45.05,52.95,0,0,0,0,0,0
19.35,84.47,335.85,138.77,40.1,202.02,150.13,316.99,415.18,291.43,85.83,362.5,177.4,72.08,47.3,54.15,0,0,0,0,0,0
18.39,83.53,337.34,137.24,39.7,208.71,149.07,327.97,430.26,300.58,83.99,360.56,172.33,75.15,48.96,52.86,0,0,0,0,0,0
18.04,85.82,357.43,140.27,40.98,227.07,154.08,359,471.59,325.27,86.95,369.25,172.18,82.76,52.89,53.41,0,0,0,0,0,0
18.17,87.82,357.53,139.76,40.55,237.65,154.77,373.84,491.67,341.32,89.87,379.11,174.09,88.86,57.5,56.6,0,0,0,0,0,0
18.45,90.93,364.55,141.65,41,249.92,157.66,391.96,517.63,362.01,94.09,394.02,179.3,96.05,62,60.17,0,0,0,0,0,0
17.97,89.44,360.92,139.1,40.4,249.62,155.81,391.44,516.9,360.03,93.14,388.06,175.72,95.79,61.68,59.09,0,0,0,0,0,0
17.5,87.16,354.5,135.9,39.88,243.16,154,382.04,504.16,350.43,91.28,378.28,171.61,92.74,59.47,56.8,0,0,0,0,0,0
17.73,87.93,361.44,136.11,40.52,242.8,153.99,381.34,504.68,345.7,91.64,376.55,170.49,91.7,58.48,56.46,0,0,0,0,0,0
15.39,76.16,316.88,118.69,35.63,211.7,134.15,333.28,439.31,301.76,79.35,325.42,147.25,79.69,50.63,48.13,0,0,0,0,0,0
12.84,63.1,256.21,98.79,29.06,178.95,110.79,280.71,370.84,260.46,66.13,274.62,123.43,68.62,44.46,41.49,0,0,0,0,0,0
13.3,62.77,250.57,97.86,28.99,177.83,108.59,276.3,366.45,257.73,64.73,271.89,121.27,67.29,44.97,41.55,0,0,0,0,0,0
14.61,64.51,246.78,99.75,29.85,179.16,108.28,273.45,366.79,260.02,64.61,279.06,121.99,66.44,47.25,43.47,0,0,0,0,0,0
12.94,56.48,214.39,88.39,26.22,157.49,94.16,238.64,323.13,229.55,56.78,246.6,106.24,57.71,42.04,38.82,0,0,0,0,0,0
7.04,32.1,117.15,53.06,14.23,102.24,54.54,154.29,207.99,155.77,33.58,150.89,63.2,39.02,28.89,24.69,0,0,0,0,0,0
6.33,29.65,107.34,49.62,13.08,98.73,50.71,149.81,200.02,154.04,31.03,142.08,59.11,38.86,28.36,23.12,0,0,0,0,0,0
6.16,29.79,110.53,50.8,13.16,104.43,52.26,159.33,211.5,163.24,31.26,144.11,60.28,41.26,29.48,22.99,0,0,0,0,0,0
6.3,30.66,112.16,52.88,13.46,108.83,56.95,166.76,220.15,172.66,32.69,150.93,64.82,43.02,30.62,23.44,0,0,0,0,0,0
5.12,25.41,91.81,44.13,10.98,87.77,49.59,135.71,177.93,141.53,27.83,126.99,55.98,34.68,24.5,19.21,0,0,0,0,0,0
4.56,22.02,76.41,37.3,9.27,69.27,43.13,107.04,139.53,112.05,23.98,108.87,49.12,26.96,19.36,16.29,0,0,0,0,0,0
5.11,23.65,86.08,39.04,10.22,66.54,44.82,103.19,134.4,102.14,24.49,109.34,50.57,24.49,17.51,16.2,0,0,0,0,0,0
10.2,46.6,194.44,74.77,22.6,116.02,84.34,183.33,240.65,163.2,45.97,194.11,91.57,40.14,25.93,26.95,0,0,0,0,0,0
15,68.62,294.27,111.57,34.03,166.35,124.4,264.82,346.55,229.86,68.17,283.12,135.82,56.71,35.35,39,0,0,0,0,0,0
18.03,80.09,335.18,131.72,39.12,191.3,144.69,303.91,397.17,268.5,81.56,335.37,164.44,66.15,41.66,48.22,0,0,0,0,0,0
19.2,83.41,336.44,137.68,39.86,198.23,149.35,312.79,409.17,284.57,86.03,355.76,175.98,70.12,45.29,53.1,0,0,0,0,0,0
19.41,84.94,337.89,139.64,40.3,204.25,150.94,320.61,419.78,295.14,86.31,365,178.4,73.12,47.94,54.52,0,0,0,0,0,0
18.49,84.22,340.79,138.47,40,211.7,150.23,332.72,435.17,304.34,84.66,363.59,173.61,76.27,49.7,53.25,0,0,0,0,0,0
17.95,85.75,357.28,139.83,40.81,225.42,153.74,356.71,468.26,322.14,86.75,368.86,171.98,82.08,52.25,53.14,0,0,0,0,0,0
18.22,88.3,359.01,140.32,40.73,238.74,155.16,375.8,494.4,344.68,90.38,381.67,175.25,89.93,57.97,56.97,0,0,0,0,0,0
18.51,91.72,368,143.19,41.29,253.6,159.19,398.33,525.5,368.19,94.84,398.8,180.98,97.83,63.05,60.79,0,0,0,0,0,0
18.05,90.17,363.17,140.1,40.69,251.39,156.63,394.91,520.51,364.99,93.87,391.95,177.28,97.38,62.53,59.65,0,0,0,0,0,0
17.79,89.16,363.14,139.57,40.76,252.57,157.37,397.22,523.23,366.26,93.35,388.79,175.88,97.21,62.22,58.37,0,0,0,0,0,0
17.73,88.14,361.08,136.09,40.59,242.12,153.81,380.8,504.19,347.54,91.88,377.94,171.1,92.37,58.7,56.7,0,0,0,0,0,0
15.38,75.96,315.1,118.32,35.59,210.63,133.74,331.87,437.94,302.1,79.21,324.88,146.95,79.75,50.69,48.16,0,0,0,0,0,0
13.03,64.09,260.68,100.9,29.57,184.86,112.77,289.94,382.97,270.05,67.23,280.01,125.59,71.16,46.17,42.39,0,0,0,0,0,0
13.32,62.93,251.15,98.2,29.04,179.43,108.89,278.53,371.69,261.07,64.97,273.38,121.93,68.08,45.32,41.83,0,0,0,0,0,0
14.52,64.23,244.97,98.6,29.63,176.11,107.02,268.42,362.1,256.69,64.37,277.46,121.72,65.66,46.33,43.18,0,0,0,0,0,0
12.93,56.67,214.8,88.3,26.25,156.74,93.96,237.67,321.68,229.31,56.95,247.33,106.69,57.83,41.89,38.85,0,0,0,0,0,0
6.97,32.02,116.74,52.71,14.09,101.22,54.24,152.82,206.81,154.35,33.45,150.78,63.14,38.71,28.48,24.56,0,0,0,0,0,0
6.19,28.89,103.93,48.19,12.71,95.09,49.4,144.02,193.31,148.27,30.23,138.36,57.57,37.23,27.28,22.54,0,0,0,0,0,0
5.97,28.7,106.15,48.8,12.63,99.2,50.5,151,200.71,153.63,30.06,138.42,57.89,38.59,27.81,22.04,0,0,0,0,0,0
6.23,30.54,112.03,52.61,13.32,107.58,56.81,165.13,216.76,169.45,32.43,150.17,64.35,42.26,30.13,23.15,0,0,0,0,0,0
5.32,26.72,98.14,46.83,11.58,94.7,52.21,146.87,190.86,151.47,29.13,133.74,58.56,37.44,26.39,20.17,0,0,0,0,0,0
4.68,22.47,77.77,38.18,9.58,71.4,43.83,110.54,143.43,116.89,24.53,111.11,50.06,28.29,20.32,16.78,0,0,0,0,0,0
5.09,23.29,83.63,38.15,10.11,63.94,43.84,99.18,129.2,99.77,24.18,107.31,49.87,23.88,17.11,16,0,0,0,0,0,0
10.18,46.51,194.04,74.7,22.57,115.65,84.33,182.94,239.52,162.44,45.84,193.72,91.28,39.93,25.88,26.87,0,0,0,0,0,0
15.01,68.65,294.55,111.74,34.05,166.88,124.59,265.65,347.65,230.46,68.21,283.41,135.89,56.84,35.47,39.05,0,0,0,0,0,0
18.03,80.13,335.35,131.79,39.13,191.58,144.76,304.31,398,268.98,81.6,335.64,164.55,66.27,41.71,48.26,0,0,0,0,0,0
19.2,83.42,336.54,137.74,39.86,198.45,149.43,313.13,409.78,284.79,86.03,355.89,176,70.16,45.32,53.11,0,0,0,0,0,0
19.45,85.14,338.87,140.03,40.39,205.47,151.28,322.38,422.42,297.02,86.54,366.01,178.87,73.61,48.23,54.69,0,0,0,0,0,0
18.43,83.75,338.33,137.55,39.81,209.3,149.31,328.91,430.77,301.41,84.21,361.3,172.71,75.44,49.15,52.97,0,0,0,0,0,0
17.95,85.51,356.19,139.4,40.76,224.32,153.28,354.81,465.47,320.36,86.54,367.26,171.43,81.56,52.01,52.97,0,0,0,0,0,0
18.24,88.45,360.56,140.99,40.78,241.37,155.95,379.51,500.31,347.07,90.54,382.75,175.59,90.38,58.34,57.13,0,0,0,0,0,0
18.56,91.68,367.51,142.84,41.34,252.29,158.69,396.15,521.4,366.53,94.84,397.61,180.77,97.49,62.88,60.68,0,0,0,0,0,0
17.97,89.51,360.97,139.01,40.43,248.54,155.68,390.15,513.28,358.52,93.15,387.89,175.65,95.56,61.56,59.01,0,0,0,0,0,0
17.59,87.75,356.92,136.62,40.13,244.87,154.5,384.57,507.37,353.7,91.93,380.72,172.92,93.78,59.96,57.17,0,0,0,0,0,0
17.77,88.02,361.08,136.17,40.63,242.61,153.93,381.27,504.02,347,91.78,376.91,170.68,92.11,58.79,56.62,0,0,0,0,0,0
15.59,76.97,320.64,120.81,36.13,217.92,136.2,342.95,451.8,311.54,80.29,330.02,148.94,82.14,52.51,49.01,0,0,0,0,0,0
12.96,63.48,258.54,99.88,29.32,182.45,111.87,285.78,377.36,264.69,66.58,276.39,124.16,69.61,45.31,41.84,0,0,0,0,0,0
13.25,62.27,247.15,96.6,28.81,174.18,107.2,270.69,359.57,254.48,64.29,269.23,120.34,66.46,44.36,41.27,0,0,0,0,0,0
14.47,63.3,239.92,96.93,29.39,171.37,105.32,261.08,351.44,250.8,63.49,272.29,119.63,64,45.55,42.63,0,0,0,0,0,0
12.86,55.9,211.74,87.19,25.97,154.28,93,233.46,316.3,224.37,56.18,243.24,104.96,56.29,41.15,38.32,0,0,0,0,0,0
6.94,31.5,113.87,51.66,13.95,97.89,53.16,147.81,198.88,149.96,32.93,147.68,61.9,37.56,27.9,24.18,0,0,0,0,0,0
6.39,29.87,108.72,50.02,13.2,99.7,51.07,151.17,200.74,154.47,31.24,142.53,59.39,39.01,28.54,23.17,0,0,0,0,0,0
6.21,30.42,113.63,51.89,13.35,107.33,53.34,163.98,217.91,167.37,31.86,147.62,61.68,42.45,30.07,23.4,0,0,0,0,0,0
6.28,30.84,112.5,52.83,13.46,107.88,56.84,165.75,217.96,172.03,32.8,151.74,65.16,43.08,30.48,23.45,0,0,0,0,0,0
5.29,26.89,99.2,47.07,11.56,95.48,52.49,148.08,193.26,152.27,29.27,134.91,59.03,37.68,26.38,20.24,0,0,0,0,0,0
4.65,22.45,78.25,38.27,9.51,71.9,44.04,111.24,144.78,116.49,24.45,111.24,50.02,28.13,20.2,16.71,0,0,0,0,0,0
5.07,23.45,84.66,38.58,10.12,65.03,44.38,101.14,131.68,100.82,24.26,108.58,50.17,24.17,17.28,16.09,0,0,0,0,0,0
10.17,46.42,193.76,74.51,22.52,115.32,84.13,182.25,239.12,161.77,45.77,193.22,91.15,39.72,25.71,26.8,0,0,0,0,0,0
15.01,68.63,294.13,111.59,34.04,166.37,124.39,264.92,346.87,230.41,68.2,283.33,135.9,56.86,35.43,39.06,0,0,0,0,0,0
18.05,80.3,335.99,132.08,39.21,192.26,145.02,305.49,399.51,270.45,81.78,336.64,164.95,66.7,41.96,48.41,0,0,0,0,0,0
19.16,83.21,335.51,137.31,39.76,197.28,149.01,311.29,407.52,283.14,85.82,354.83,175.58,69.71,45.01,52.95,0,0,0,0,0,0
19.34,84.47,335.77,138.76,40.09,202.06,150.12,317.07,415.64,291.7,85.83,362.63,177.44,72.14,47.31,54.17,0,0,0,0,0,0
18.48,84.09,339.75,138.37,39.96,211.75,150.12,332.84,436.64,305.67,84.58,363.63,173.53,76.53,49.85,53.35,0,0,0,0,0,0
18.03,86.08,359.1,140.59,40.99,227.87,154.45,360.25,473.34,325.5,87.14,370.54,172.73,82.92,52.82,53.44,0,0,0,0,0,0
18.19,88.09,359.13,140.31,40.62,239.33,155.34,376.36,495.43,343.25,90.12,380.62,174.7,89.37,57.76,56.77,0,0,0,0,0,0
18.48,91.27,366.86,142.61,41.11,253.02,158.72,396.64,524.5,365.35,94.41,396.23,180.04,96.84,62.52,60.44,0,0,0,0,0,0
18,89.79,361.32,139.63,40.55,250.66,156.22,393.63,520.33,364.48,93.54,390.68,176.67,97.07,62.36,59.55,0,0,0,0,0,0
17.73,88.68,360.87,138.68,40.57,250.17,156.52,393.44,518.28,362.69,92.87,386.28,174.85,96.21,61.63,58.03,0,0,0,0,0,0
17.69,87.77,359.67,135.41,40.45,240.27,153.17,377.76,499.68,343.91,91.49,375.64,170.22,91.38,58.14,56.35,0,0,0,0,0,0
15.44,76.24,316.29,118.78,35.74,211.8,134.11,333.66,440.06,304.15,79.52,326.11,147.55,80.34,51.05,48.37,0,0,0,0,0,0
12.85,63.13,256.35,98.75,29.08,178.62,110.73,280.23,369.58,259.8,66.15,274.48,123.42,68.5,44.39,41.44,0,0,0,0,0,0
13.34,63.24,252.6,98.86,29.16,180.14,109.62,280.45,371.25,261.52,65.14,274.86,122.21,68.37,45.67,41.92,0,0,0,0,0,0
14.6,64.32,245.02,99.19,29.81,177.85,107.59,271.29,365.39,260.22,64.53,278.29,121.86,66.47,47.14,43.49,0,0,0,0,0,0
12.72,55.39,209.22,86.18,25.67,151.52,92.12,229.4,311.99,220.67,55.61,241.33,104.03,55.29,40.37,37.96,0,0,0,0,0,0
6.74,31.49,115.61,52.16,13.98,99.21,53.56,149.89,201.75,150.82,32.31,148.55,61.81,37.78,27.84,23.82,0,0,0,0,0,0
6.05,28.76,106.39,48.67,12.78,96.53,49.78,145.59,193.95,146.46,29.46,137.33,56.92,36.65,26.96,21.89,0,0,0,0,0,0
5.73,28.31,106.2,48.67,12.55,98.42,50.22,149.78,198.54,151.29,28.97,137.1,56.91,37.93,27.28,21.33,0,0,0,0,0,0
6.02,30.69,113.72,53.38,13.48,108.25,57.33,167.02,217.49,171.24,31.79,152.16,64.49,42.89,30.35,22.87,0,0,0,0,0,0
5,26.33,97.99,46.56,11.45,93.01,51.77,144.69,187.31,148.57,27.89,132.88,57.62,36.75,25.66,19.37,0,0,0,0,0,0
4.27,21.41,75.26,36.79,9.18,68.36,42.39,105.73,137.45,110.93,22.65,106.76,47.57,26.64,19.06,15.52,0,0,0,0,0,0
4.6,21.85,79.84,35.68,9.53,61.66,41.34,95.61,124.18,95.2,22.07,100.61,45.76,22.87,16.33,14.49,0,0,0,0,0,0
9.05,41.56,175.48,64.77,20.33,103.49,74.85,163.67,215.63,143.39,40.48,168.99,78.01,35.33,22.9,22.89,0,0,0,0,0,0
12.42,57.18,251.82,88.94,28.87,138.84,102.92,221.12,291.95,185.32,55.81,225.95,105.1,45.84,28.47,29.78,0,0,0,0,0,0
13.45,60.89,265.76,94.62,30.66,145.62,109.12,231.6,306.1,194.6,59.81,240.69,112.97,48.1,30.02,32.25,0,0,0,0,0,0
13.8,60.94,255.52,94.5,30,144.45,107.88,227.67,301.72,197.45,60.35,245.19,115.86,48.78,31.49,34.3,0,0,0,0,0,0
15.26,65.83,265.69,101.69,31.66,154.82,114.98,241.81,321.36,215.05,65.9,268.65,127.78,53.21,35.39,39.21,0,0,0,0,0,0
16.61,72.8,293.03,114.15,34.51,176.43,127.76,275.76,365.25,247.25,74.37,302.8,144.2,61.7,40.87,44.99,0,0,0,0,0,0
18.29,83.21,341.12,132.62,39.31,209.84,147.62,330.85,436.54,297.02,86.64,351.13,166.52,75.21,48.53,52.29,0,0,0,0,0,0
19.98,92.62,369.42,146.91,42.29,243.86,162.19,382.78,505.27,352.81,97.59,399.29,187.68,91.4,59.49,61.71,0,0,0,0,0,0
21.06,100.76,399.86,159.5,45.18,279.4,175.19,438.11,575.46,408.05,106.59,440.52,203.98,107.88,70.2,69,0,0,0,0,0,0
20.14,98.77,396.57,156.62,44.56,282.94,172.53,443.81,583.64,414.19,104.24,434.04,198.49,110.03,71.11,67.24,0,0,0,0,0,0
18.93,94.63,385.15,150.35,43.26,275.47,167.56,433.04,571.03,403.86,99.59,417.18,189.18,107.02,68.55,63.19,0,0,0,0,0,0
18.43,92.72,382.99,146.16,42.72,267.61,163.51,420.95,556.56,385.65,96.45,403.36,181.29,102.39,65.28,60.43,0,0,0,0,0,0
15.86,79.8,334.28,127.04,37.38,234.14,142.14,369,486.96,337.39,82.83,347.09,155.31,89.06,56.73,51.26,0,0,0,0,0,0
13.2,65.94,270.67,105.31,30.47,196.97,116.96,309.01,407.97,287.79,68.77,290.94,129.51,75.84,49.17,43.75,0,0,0,0,0,0
13.82,66.78,269.31,106.53,30.92,201.47,116.66,314.08,415.88,296.54,68.57,294.97,129.87,77.75,51.67,44.89,0,0,0,0,0,0
14.94,67.54,262.08,106.59,31.31,198.78,114.67,304.1,408.91,290.8,67.43,296.93,128.68,74.57,52.32,45.95,0,0,0,0,0,0
13.15,58.87,226.34,93.64,27.4,171.75,98.96,261.29,352.76,252.37,58.79,260.42,111.33,63.89,45.87,40.59,0,0,0,0,0,0
6.88,32.38,120.1,54.01,14.37,106.28,55.38,161,216.36,161.62,33.36,153.51,63.36,40.73,29.84,24.66,0,0,0,0,0,0
6.15,29.69,108.75,49.89,13.16,101.34,50.7,153.87,206.36,159.02,30.63,143.26,58.96,40.31,29,22.96,0,0,0,0,0,0
5.83,29.12,109.04,49.83,12.89,103.68,51.19,158.3,210.85,162.39,30.04,141.9,58.53,41.12,29.15,22.23,0,0,0,0,0,0
5.88,29.73,109.74,51.24,13.03,105.58,55.27,162.17,213.05,167.05,31.03,146.9,62.22,41.76,29.56,22.22,0,0,0,0,0,0
4.92,26.16,98.45,46.34,11.26,96.31,51.76,149.21,196.17,152.31,27.9,132.71,57.08,37.65,26.16,19.41,0,0,0,0,0,0
4.3,21.87,78.42,37.76,9.31,74.28,43.51,115,149.83,118.78,23.25,109.52,47.97,28.82,20.57,15.96,0,0,0,0,0,0
4.31,20.32,73.81,32.66,8.78,57.82,38.62,89.44,117.14,88.64,20.63,93.07,41.85,21.15,15.3,13.41,0,0,0,0,0,0
8.57,39.05,165.3,59.64,19.2,95.68,69.98,151.2,199.79,131.13,37.95,155.87,71.52,32.21,20.98,20.94,0,0,0,0,0,0
11.7,53.89,239.39,82.48,27.41,130.55,96.77,207.94,275.55,172.23,52.25,209.53,96.39,42.59,26.42,27.16,0,0,0,0,0,0
12.27,56.12,248.73,85.47,28.57,134.53,100.31,214.1,283.94,176.77,54.27,217.35,100.12,43.77,27.19,28.21,0,0,0,0,0,0
12.05,54.12,231.78,81.6,27.06,129.1,95.42,203.47,270.75,172.29,52.24,211.97,97.39,42.69,27.5,28.42,0,0,0,0,0,0
12.71,56.01,231.89,83.41,27.49,132.2,97.19,206.17,275.58,178.05,53.98,221.14,101.4,44.2,29.42,30.61,0,0,0,0,0,0
13.16,59.53,246.51,89.56,28.89,144.47,103.79,225.7,301.41,196.59,58.19,239.19,108.96,49.26,32.56,33.45,0,0,0,0,0,0
14.27,68.16,289.58,104.81,32.91,174.94,120.49,276.05,366.56,240.4,68.04,279.02,126.22,61.4,39.21,38.98,0,0,0,0,0,0
15.75,76.68,314.94,117.54,35.49,205.03,133.64,321.9,426.28,288.49,77.81,322.5,145.18,75.55,48.91,47.46,0,0,0,0,0,0
17.52,87.26,351.57,134.31,39.41,244.54,150.53,383.76,507.23,354.78,90.03,376.35,168.68,94.75,61.15,57.26,0,0,0,0,0,0
17.82,90.17,367.05,141.14,40.7,263.37,157.92,413.4,546.73,381.04,93.71,394.29,175.91,101.66,65.5,59.84,0,0,0,0,0,0
17.89,90.36,371.02,142.51,41.35,265.35,160.29,416.99,549.08,383.94,94.54,395.82,177.56,101.99,65.5,59.37,0,0,0,0,0,0
18.03,90.44,373.37,141.26,41.73,258.6,158.76,406.77,536.74,371.66,94.12,390.65,175.34,98.92,63.15,58.53,0,0,0,0,0,0
15.66,78.72,330.4,124.39,36.8,230.01,139.6,361.62,478.92,329.47,81.86,340.55,152.71,87.03,55.21,50.26,0,0,0,0,0,0
13.13,65.87,270.97,105.07,30.34,198.33,116.85,310.99,411.84,289.21,68.76,290.94,129.2,76.26,49.32,43.71,0,0,0,0,0,0
13.65,66.06,267.46,105.11,30.48,199.14,115.55,310.21,410.62,289.94,67.77,290.96,127.95,76.01,50.55,44.12,0,0,0,0,0,0
14.83,66.9,258.2,104.67,31.01,193.81,112.69,296.89,397.74,285,66.8,292.94,126.92,73.35,51.46,45.37,0,0,0,0,0,0
13,58.08,222.44,91.74,26.99,168.04,97.13,255.62,345.91,247.77,58.08,256.44,109.47,62.79,45.04,40.03,0,0,0,0,0,0
7.25,33.77,124.72,56.07,14.9,109.81,57.37,166.61,223.24,167.75,35.25,159.71,66.73,42.48,30.93,25.89,0,0,0,0,0,0
6.52,30.88,113.87,51.82,13.6,104.93,52.75,158.98,211.73,161.75,32.31,147.56,61.65,41.02,29.64,23.86,0,0,0,0,0,0
6.1,29.73,111.26,50.69,13.04,104.36,52.3,159,211.22,160.9,31.11,143.66,60.09,40.63,29,22.75,0,0,0,0,0,0
6.31,31.41,116.48,54.27,13.62,111.78,58.49,172,225.05,174.96,33.23,154.86,66.12,43.86,31.08,23.7,0,0,0,0,0,0
5.2,26.39,95.96,45.83,11.33,91.75,51.21,142.55,186.34,148.53,28.77,132.55,58.09,36.75,25.66,19.92,0,0,0,0,0,0
4.68,22.76,80.04,38.94,9.63,73.87,44.73,114.24,148.76,118.78,24.76,112.88,50.66,28.73,20.58,16.92,0,0,0,0,0,0
5.09,23.43,84.62,38.42,10.13,64.82,44.13,100.44,131.22,100.45,24.3,108.06,50.19,24.06,17.16,16.05,0,0,0,0,0,0
10.13,46.19,192.58,74.01,22.41,114.02,83.65,180.19,236.76,160.05,45.54,192.08,90.71,39.25,25.37,26.64,0,0,0,0,0,0
14.99,68.56,293.94,111.5,34,166.28,124.34,264.7,346.82,230.01,68.13,283.03,135.76,56.72,35.34,39.01,0,0,0,0,0,0
18.04,80.23,335.7,131.98,39.17,192.09,144.94,305.17,399.27,270.04,81.71,336.3,164.8,66.56,41.88,48.36,0,0,0,0,0,0
19.18,83.32,336.11,137.53,39.82,197.86,149.23,312.19,408.44,283.78,85.92,355.3,175.77,69.89,45.15,53.02,0,0,0,0,0,0
19.46,85.17,338.78,140.09,40.42,205.6,151.33,322.68,422.86,297.76,86.59,366.32,178.97,73.81,48.36,54.76,0,0,0,0,0,0
18.42,83.66,337.99,137.59,39.77,210.07,149.4,329.87,433.62,302.76,84.17,361.4,172.7,75.65,49.28,53.04,0,0,0,0,0,0
17.98,85.72,357.99,140.16,40.84,226.97,154.15,358.7,471.2,322.82,86.74,368.67,171.86,82.08,52.43,53.15,0,0,0,0,0,0
18.25,88.59,360.84,141.24,40.84,241.64,156.2,380.36,500.89,348.28,90.65,383.81,175.88,90.78,58.59,57.27,0,0,0,0,0,0
18.52,91.61,366.79,142.79,41.27,252.68,158.67,396.77,524.52,368.42,94.81,398.27,180.93,97.88,62.99,60.81,0,0,0,0,0,0
18.06,90.02,361.54,139.86,40.7,251.17,156.28,394.49,521.79,367.14,93.85,391.85,177.28,97.84,62.78,59.83,0,0,0,0,0,0
17.61,87.69,355.51,136.54,40.18,244.1,154.34,383.97,505.89,354.91,91.9,380.86,172.8,94.14,60.29,57.31,0,0,0,0,0,0
17.75,87.93,360.35,135.78,40.57,241.33,153.5,379.36,501.54,345.64,91.68,376.34,170.52,91.82,58.5,56.51,0,0,0,0,0,0
15.35,75.77,314.61,118.19,35.51,210.67,133.7,331.76,438.36,301.46,79.01,324.16,146.58,79.46,50.57,48.06,0,0,0,0,0,0
12.81,62.97,255.67,98.61,28.99,178.77,110.66,280.34,371.33,260.33,66.02,274.36,123.3,68.52,44.34,41.45,0,0,0,0,0,0
13.24,62.52,249.08,97.37,28.84,176.62,108.13,274.52,365.31,256.83,64.48,271.21,120.92,67.01,44.68,41.45,0,0,0,0,0,0
14.58,64.14,243.81,98.63,29.73,176.1,106.96,268.57,361.77,258.3,64.37,277.11,121.51,66.02,46.78,43.33,0,0,0,0,0,0
12.92,56.03,211.08,87.07,26.1,153.7,92.61,232.6,315.65,226.38,56.44,243.76,105.45,56.93,41.43,38.57,0,0,0,0,0,0
7.04,32.38,118.16,53.37,14.29,102.37,54.85,155.01,207.77,156.29,33.78,152.34,63.69,39.34,29.01,24.79,0,0,0,0,0,0
6.24,29.12,106.12,48.8,12.81,97.3,50.07,146.9,197.08,149.25,30.46,139.05,57.96,37.41,27.47,22.6,0,0,0,0,0,0
6.1,29.47,110.16,50.41,12.97,104.15,52.04,158.34,211.26,160.54,30.9,142.46,59.62,40.38,28.92,22.67,0,0,0,0,0,0
6.14,30.09,111.04,52.07,13.07,107.33,56.46,164.02,217.7,167.17,31.98,148.29,63.59,41.39,29.54,22.84,0,0,0,0,0,0
5.25,26.29,96.7,46.12,11.36,93.43,51.59,144.42,189.01,148.6,28.72,131.63,57.77,36.53,25.78,19.85,0,0,0,0,0,0
4.6,21.95,76.79,37.62,9.32,70.89,43.52,109.08,142.61,113.17,23.96,108.47,48.93,27.04,19.64,16.33,0,0,0,0,0,0
4.96,22.6,80.78,36.82,9.75,60.67,42.63,93.82,123.2,94.06,23.44,103.8,48.48,22.27,16,15.43,0,0,0,0,0,0
10.08,45.9,191.23,73.43,22.28,112.3,83.11,177.57,233.02,157.25,45.21,190.47,90.03,38.51,24.92,26.37,0,0,0,0,0,0
15,68.57,293.91,111.48,34.02,166.03,124.3,264.38,345.86,229.64,68.13,282.89,135.71,56.65,35.33,38.99,0,0,0,0,0,0
18.06,80.3,336.08,132.14,39.22,192.46,145.09,305.78,399.75,270.54,81.79,336.6,164.92,66.7,42.01,48.41,0,0,0,0,0,0
19.2,83.4,336.5,137.73,39.86,198.51,149.42,313.17,410.02,284.87,86.02,355.85,175.99,70.16,45.32,53.11,0,0,0,0,0,0
19.41,84.91,337.56,139.53,40.29,204,150.79,320.19,419.64,295.32,86.31,364.96,178.43,73.17,47.92,54.54,0,0,0,0,0,0
18.48,83.9,338.31,137.73,39.92,209.89,149.35,329.78,432.69,303.97,84.45,362.19,173.19,76.13,49.53,53.22,0,0,0,0,0,0
18.11,86.04,358.05,140.52,41.13,227.67,154.18,359.83,472.62,327.12,87.25,370.05,172.7,83.31,53.21,53.61,0,0,0,0,0,0
18.31,88.6,359.63,140.71,40.92,239.77,155.35,377.36,496.78,348.02,90.79,383.06,176,90.86,58.52,57.32,0,0,0,0,0,0
18.52,91.25,365.81,142.36,41.19,251.9,158.3,395.1,521.8,365.66,94.47,395.85,180.02,97.01,62.66,60.52,0,0,0,0,0,0
17.95,89.59,360.93,139.33,40.44,249.71,156.04,392.21,517.57,361.62,93.26,389.45,176.07,96.31,61.96,59.28,0,0,0,0,0,0
17.79,88.96,362.26,139.19,40.72,251.41,156.96,395.31,519.92,364.26,93.17,387.3,175.35,96.68,61.98,58.2,0,0,0,0,0,0
17.86,88.58,363.14,136.77,40.87,243.82,154.3,383.16,506.17,349.95,92.4,379.22,171.92,93.1,59.22,56.97,0,0,0,0,0,0
15.39,76.3,317.36,119.29,35.68,213.91,134.83,336.83,445.79,306.06,79.54,327.39,147.81,80.68,51.25,48.48,0,0,0,0,0,0
12.8,62.85,256.13,98.74,28.94,179.74,110.94,281.44,372.97,259.59,65.87,273.65,122.93,68.16,44.26,41.32,0,0,0,0,0,0
13.17,61.98,246.75,96.35,28.62,174.05,107.17,270.28,359.85,252.4,63.93,268.14,119.73,65.76,43.94,41.01,0,0,0,0,0,0
14.57,64.11,243.57,98.67,29.73,175.92,107.05,268.62,360.99,258.09,64.3,277.14,121.34,65.98,46.85,43.32,0,0,0,0,0,0
12.93,56.53,212.87,87.99,26.25,155.48,93.56,236.22,319.75,230.18,56.86,247.14,106.49,58.09,42.09,38.96,0,0,0,0,0,0
7.09,32.42,117.21,53.17,14.38,101.54,54.43,153.83,206.45,157.55,33.93,152.45,63.92,39.75,29.2,24.96,0,0,0,0,0,0
6.33,29.76,108.07,49.67,13.08,98.9,50.74,149.91,200.33,153.76,31.12,142.36,59.35,38.83,28.23,23.1,0,0,0,0,0,0
6.23,30.41,113.19,51.93,13.41,107.09,53.35,163.89,216.83,167.72,31.86,147.55,61.56,42.57,30.27,23.45,0,0,0,0,0,0
6.2,30.53,111.66,52.48,13.28,107.16,56.67,164.63,216.74,169.65,32.42,150.49,64.46,42.34,30.06,23.18,0,0,0,0,0,0
5.37,27.27,100.51,47.74,11.78,97,53.05,150.64,195.91,155.46,29.69,136.76,59.79,38.6,27.01,20.58,0,0,0,0,0,0
4.67,22.5,79.29,38.55,9.53,73.24,44.38,112.84,147.33,116.83,24.51,111.25,50.09,28.11,20.24,16.7,0,0,0,0,0,0
5.14,23.72,86.12,38.99,10.26,66.28,44.68,102.74,133.68,102.25,24.58,109.37,50.72,24.57,17.52,16.23,0,0,0,0,0,0
10.18,46.56,194.16,74.73,22.57,115.81,84.34,183.17,240.38,163.01,45.9,194.11,91.47,40.09,25.9,26.93,0,0,0,0,0,0
15.03,68.76,294.96,111.93,34.1,167.39,124.75,266.47,348.86,231.53,68.33,284.04,136.15,57.14,35.64,39.15,0,0,0,0,0,0
18.05,80.27,336,132.12,39.21,192.37,145.07,305.65,399.41,270.25,81.75,336.43,164.83,66.62,41.98,48.38,0,0,0,0,0,0
19.17,83.27,335.99,137.49,39.79,197.82,149.2,312.09,408.45,283.55,85.88,355.11,175.69,69.81,45.11,52.99,0,0,0,0,0,0
19.41,84.9,337.91,139.67,40.28,204.69,151,321.11,421.15,295.56,86.29,365,178.39,73.16,47.96,54.53,0,0,0,0,0,0
18.48,83.82,339.04,137.79,39.88,210.26,149.53,330.07,432.29,302.05,84.32,361.33,172.82,75.56,49.3,53.01,0,0,0,0,0,0
18.01,85.57,356.97,139.55,40.85,224.95,153.38,355.34,465.58,320.11,86.64,366.77,171.42,81.46,52.07,52.94,0,0,0,0,0,0
18.17,87.99,358.19,139.77,40.56,237.23,154.72,373.34,490.54,340.8,90,379.68,174.42,88.87,57.36,56.6,0,0,0,0,0,0
18.43,91.3,366.62,142.52,41.07,251.94,158.67,395.66,521.93,364.35,94.35,396.64,180.01,96.74,62.41,60.39,0,0,0,0,0,0
17.96,89.56,361.15,139.35,40.43,250.01,156.08,392.43,517.98,361.29,93.23,389.1,175.97,96.17,61.91,59.22,0,0,0,0,0,0
17.7,88.68,360.57,138.59,40.53,249.7,156.43,392.93,517.68,362.54,92.84,386.48,174.88,96.22,61.56,58.03,0,0,0,0,0,0
17.75,88.35,362.68,136.71,40.66,243.96,154.52,383.64,507.73,349.02,92.05,379.16,171.47,92.72,58.98,56.82,0,0,0,0,0,0
15.48,76.6,318.66,119.95,35.9,215.11,135.42,338.98,446.29,307.67,79.83,328.38,148.14,81.19,51.81,48.67,0,0,0,0,0,0
12.95,63.6,259.08,100.18,29.34,182.89,112.23,286.87,378,265.28,66.64,277.28,124.32,69.82,45.48,41.91,0,0,0,0,0,0
13.36,63.13,252.61,98.98,29.17,181.1,109.8,281.55,373.15,261.98,65.07,274.27,121.95,68.31,45.81,41.91,0,0,0,0,0,0
14.67,64.69,246.57,99.89,30,179.29,108.22,273.81,367.44,262.64,64.9,280.02,122.52,67.21,47.68,43.75,0,0,0,0,0,0
13.02,56.9,215.54,89.05,26.44,159.01,94.66,241.25,326.5,233.64,57.26,248.87,107.2,58.88,42.74,39.24,0,0,0,0,0,0
7.01,32.07,116.79,52.63,14.16,100.59,54.06,151.88,204.42,153.57,33.51,150.45,63.14,38.6,28.44,24.53,0,0,0,0,0,0
6.22,29.04,104.62,48.12,12.76,94.92,49.22,143.42,192.72,147.96,30.41,138.45,57.93,37.24,27.13,22.54,0,0,0,0,0,0
6.22,30.22,112.05,51.5,13.35,105.95,52.88,162.05,214.62,166.54,31.7,146.51,61.21,42.25,30.06,23.34,0,0,0,0,0,0
6.19,30.8,114.2,53.28,13.31,109.52,57.68,168.28,221.07,170.4,32.56,152.02,64.86,42.51,30.22,23.21,0,0,0,0,0,0
5.26,26.74,98.82,46.87,11.48,95.03,52.36,147.33,192.33,150.89,29.09,134.2,58.69,37.28,26.14,20.1,0,0,0,0,0,0
4.69,22.56,78.9,38.51,9.59,73.06,44.22,112.62,147.54,118.14,24.64,111.66,50.35,28.49,20.41,16.85,0,0,0,0,0,0
5.17,23.79,85.99,39.16,10.34,66.84,44.78,103.64,135.39,104.25,24.71,109.99,50.98,25.07,17.85,16.42,0,0,0,0,0,0
10.22,46.68,194.37,74.92,22.67,116.28,84.43,183.88,241.26,164.54,46.08,194.64,91.76,40.51,26.19,27.08,0,0,0,0,0,0
15.01,68.62,294.25,111.65,34.05,166.54,124.48,265.19,346.9,230.27,68.18,283.24,135.82,56.81,35.45,39.04,0,0,0,0,0,0
18.04,80.22,335.57,131.91,39.17,191.78,144.85,304.75,398.46,269.74,81.7,336.17,164.76,66.51,41.85,48.34,0,0,0,0,0,0
19.21,83.48,336.82,137.86,39.89,198.68,149.54,313.55,409.98,285.08,86.08,356.14,176.09,70.25,45.4,53.15,0,0,0,0,0,0
19.44,85.08,338.59,139.96,40.38,205.12,151.25,321.98,421.32,296.4,86.46,365.71,178.67,73.45,48.19,54.64,0,0,0,0,0,0
18.43,83.69,338.02,137.55,39.8,209.22,149.35,328.93,430.38,301.24,84.13,361.1,172.51,75.38,49.2,52.95,0,0,0,0,0,0
17.94,85.37,356.01,139.41,40.72,224.66,153.38,355.2,466.05,319.9,86.39,366.64,171.07,81.32,51.99,52.89,0,0,0,0,0,0
18.19,88.39,360.19,140.36,40.66,239.18,155.26,376.13,495.77,343.83,90.43,381.99,175.51,89.72,57.64,56.88,0,0,0,0,0,0
18.41,90.95,364.4,141.35,40.94,248.58,157.32,390.11,514.87,360.39,94.07,394,179.36,95.78,61.64,60.07,0,0,0,0,0,0
18.03,89.89,362.47,139.9,40.6,251.53,156.54,394.75,521.07,364.11,93.61,390.66,176.71,96.95,62.39,59.51,0,0,0,0,0,0
17.73,88.81,360.73,138.78,40.62,250.03,156.55,393.61,518.37,364.03,93,387.24,175.18,96.66,61.84,58.19,0,0,0,0,0,0
17.67,87.89,359.46,135.56,40.47,240.08,153.32,378.16,499.8,345.24,91.57,376.9,170.5,91.83,58.38,56.51,0,0,0,0,0,0
15.47,76.63,318.65,119.87,35.89,214.94,135.32,338.69,446.46,307.79,79.87,328.58,148.29,81.24,51.74,48.68,0,0,0,0,0,0
12.9,63.45,257.28,99.64,29.27,181.12,111.6,284.48,375.72,265.17,66.53,277.08,124.24,69.86,45.33,41.94,0,0,0,0,0,0
13.33,63.16,251.7,98.58,29.15,179.11,109.27,279.01,369.26,261.12,65.09,274.49,122.09,68.31,45.6,41.91,0,0,0,0,0,0
14.54,64.16,244.83,98.68,29.66,176.28,107.14,268.72,361.53,256.4,64.29,276.93,121.41,65.53,46.45,43.14,0,0,0,0,0,0
12.93,56.65,215.3,88.49,26.21,158.29,94.22,239.49,326.24,230.81,56.98,247.61,106.85,58.04,41.97,38.92,0,0,0,0,0,0
6.94,31.74,115.01,51.91,13.99,98.56,53.37,148.8,200.67,151.03,33.17,148.88,62.5,37.92,27.96,24.3,0,0,0,0,0,0
6.24,29.31,105.71,48.66,12.85,96.22,49.75,145.7,195.77,150.41,30.67,140.26,58.55,37.93,27.53,22.78,0,0,0,0,0,0
6.11,29.59,108.96,50.14,13.04,102.53,51.54,156.46,208.59,161.79,31.08,143.27,60.03,40.93,29.09,22.88,0,0,0,0,0,0
6.26,30.79,111.93,52.73,13.44,107,56.77,164.9,215.68,171.19,32.69,151.64,64.93,42.93,30.44,23.4,0,0,0,0,0,0
5.34,26.69,97.85,46.36,11.58,92.96,51.61,144.05,185.99,148.79,29.11,132.54,58.37,36.88,25.98,19.98,0,0,0,0,0,0
4.71,22.72,80.24,39.09,9.65,74.55,44.91,115.09,149.7,118.96,24.73,112.53,50.49,28.69,20.7,16.91,0,0,0,0,0,0
5.07,23.34,84.82,38.43,10.08,65.38,44.23,100.97,132.68,100.11,24.21,107.68,50.03,23.86,17.05,15.98,0,0,0,0,0,0
10.15,46.33,193.21,74.26,22.47,114.61,83.88,181.16,237.81,160.9,45.67,192.73,90.97,39.5,25.53,26.72,0,0,0,0,0,0
15.01,68.58,293.87,111.5,34.04,166.15,124.29,264.51,346.21,230.05,68.16,282.92,135.76,56.75,35.4,39.02,0,0,0,0,0,0
18.06,80.22,335.52,131.94,39.2,191.87,144.85,304.85,398.5,270.03,81.72,336.13,164.77,66.58,41.92,48.37,0,0,0,0,0,0
19.19,83.42,336.55,137.74,39.86,198.38,149.43,313.07,409.53,284.68,86.03,355.92,176,70.14,45.31,53.11,0,0,0,0,0,0
19.4,84.88,337.78,139.58,40.27,204.29,150.89,320.53,420.04,294.95,86.26,364.75,178.31,73.03,47.88,54.48,0,0,0,0,0,0
18.46,83.7,338.38,137.53,39.82,209.74,149.27,329.16,431.66,301.54,84.22,360.76,172.63,75.38,49.16,52.95,0,0,0,0,0,0
18.02,85.92,359.34,140.5,40.92,228.45,154.44,360.45,474.49,324.35,87,369.37,172.38,82.44,52.58,53.27,0,0,0,0,0,0
18.19,88.18,359.53,140.28,40.63,238.91,155.28,375.81,494.17,342.52,90.19,380.83,174.85,89.29,57.62,56.73,0,0,0,0,0,0
18.59,92,370.09,143.8,41.44,255.41,159.77,400.75,527.77,369.1,95.13,399.44,181.4,98.07,63.32,60.87,0,0,0,0,0,0
17.92,89.15,360.23,138.67,40.25,248.96,155.48,390,515.65,357.67,92.84,386.45,175.11,95.05,61.23,58.83,0,0,0,0,0,0
17.71,88.19,358.41,137.77,40.43,248.2,155.55,389.88,514.6,360.22,92.48,383.51,173.93,95.42,61.17,57.77,0,0,0,0,0,0
17.82,88.11,361.06,136.15,40.72,242.23,153.78,380.71,502.51,347.17,91.91,376.87,170.81,92.24,58.89,56.67,0,0,0,0,0,0
15.33,75.73,314.44,117.95,35.46,209.65,133.47,330.31,435.66,299.63,78.92,323.64,146.39,79.06,50.28,47.91,0,0,0,0,0,0
12.83,63.12,256.5,99.13,29.07,179.91,111.26,282.46,372.9,261.57,66.12,275.28,123.43,68.85,44.72,41.57,0,0,0,0,0,0
13.26,62.55,249.31,97.5,28.88,177.24,108.26,275.33,366.72,257.66,64.54,271.36,121.01,67.18,44.82,41.51,0,0,0,0,0,0
14.54,63.93,244.22,98.68,29.61,176.91,107.25,269.46,363.04,256.51,64.08,276.05,120.9,65.35,46.53,43.09,0,0,0,0,0,0
12.93,56.57,214.35,88.45,26.24,157.58,94.18,238.95,324.06,230.78,56.88,247.4,106.54,58.07,42.17,38.95,0,0,0,0,0,0
6.89,32.27,118.2,53.55,14.39,102.12,54.75,155.08,206.83,157.25,33.13,152.55,63.34,39.67,29.13,24.49,0,0,0,0,0,0
6.13,29.69,108.8,50.17,13.16,99.83,51.06,151.78,202.75,155.88,30.44,143.46,59.2,39.38,28.44,22.85,0,0,0,0,0,0
5.83,28.98,108.11,49.83,12.87,101.37,51.17,154.77,205.91,158.7,29.75,141.25,58.58,39.98,28.46,22.06,0,0,0,0,0,0
6.03,30.38,113.72,53.04,13.39,108.22,57.07,166,216.42,168.16,31.52,149.7,63.73,41.88,29.86,22.52,0,0,0,0,0,0
5.03,26.04,97.42,46.18,11.39,92.95,51.38,143.66,186.99,147.02,27.7,130.76,57.05,36.14,25.37,19.17,0,0,0,0,0,0
4.31,21.67,77.62,37.58,9.27,71.15,43.28,109.62,142.95,112.83,22.9,108,48.06,27.03,19.38,15.64,0,0,0,0,0,0
4.59,21.85,80.11,35.8,9.51,62.22,41.51,96.41,125.71,95.6,22.07,100.86,45.8,22.92,16.35,14.51,0,0,0,0,0,0
9.07,41.57,175.59,64.71,20.36,103.33,74.74,163.26,214.85,142.97,40.52,168.65,78,35.24,22.85,22.85,0,0,0,0,0,0
12.44,57.15,251.37,88.86,28.9,138.5,102.78,220.65,291.02,185.45,55.81,225.69,105.03,45.88,28.54,29.8,0,0,0,0,0,0
13.52,61.22,266.9,95.22,30.84,147.14,109.62,234.05,309.18,197.77,60.19,242.41,113.7,48.98,30.59,32.57,0,0,0,0,0,0
13.84,61.14,256.23,94.86,30.11,145.35,108.19,229.14,303.46,199.28,60.57,246.2,116.29,49.29,31.83,34.48,0,0,0,0,0,0
15.29,65.95,266.04,101.85,31.74,155.06,115.07,242.24,321.47,215.83,66.04,269.08,128.01,53.47,35.57,39.31,0,0,0,0,0,0
16.54,72.13,288.82,112.71,34.28,172.22,126.26,269.43,357.05,243.12,73.74,299.43,142.86,60.6,40.19,44.62,0,0,0,0,0,0
18.24,82.75,338.86,131.62,39.13,207.44,146.58,326.73,432.07,293.76,86.24,348.52,165.67,74.28,47.88,51.97,0,0,0,0,0,0
19.93,92.49,368.79,146.67,42.19,243.1,162.02,381.79,504.01,351.65,97.41,398.87,187.39,91.09,59.27,61.6,0,0,0,0,0,0
20.81,99.51,394.06,157.1,44.52,273.38,173.02,428.61,565.34,399.1,105.28,434.88,201.59,105.34,68.4,68.1,0,0,0,0,0,0
19.95,98.26,394.67,155.42,44.15,279.64,171.53,438.74,577.92,408.11,103.58,431.73,197.48,108.46,69.83,66.65,0,0,0,0,0,0
18.58,93.05,379.12,147.51,42.39,267.79,165.22,421.18,555.48,388.98,97.73,409.39,185.65,102.94,65.94,61.72,0,0,0,0,0,0
18.4,92.6,382.5,145.98,42.66,267.47,163.36,420.55,556.95,385.42,96.35,402.92,181.13,102.26,65.17,60.38,0,0,0,0,0,0
15.78,79.27,331.47,125.72,37.14,230.61,140.77,363.27,480.29,332.78,82.33,344.08,154.32,87.85,55.8,50.84,0,0,0,0,0,0
13.19,66.03,270.49,105.32,30.48,197.11,116.91,309.3,409.7,289.54,68.9,291.89,129.93,76.33,49.3,43.92,0,0,0,0,0,0
13.87,66.79,270.99,106.96,30.97,203.92,117.16,316.77,420.36,296.97,68.65,294.39,129.85,77.61,51.75,44.84,0,0,0,0,0,0
15.03,67.56,262.83,106.4,31.43,197.35,114.38,301.69,401.45,286.27,67.4,294.78,128.11,73.56,51.97,45.6,0,0,0,0,0,0
13.14,58.89,226.43,93.28,27.37,170.12,98.55,258.87,348.14,249.51,58.75,259.7,111.21,63.32,45.41,40.38,0,0,0,0,0,0
6.89,32.7,120.93,54.49,14.47,107.31,55.81,163.02,219.5,164.73,33.68,155.76,64.18,41.64,30.27,24.98,0,0,0,0,0,0
6.12,29.55,108.36,49.84,13.09,101.17,50.78,153.81,205.85,158.17,30.44,142.86,58.58,40.03,28.93,22.86,0,0,0,0,0,0
5.74,28.59,106.88,48.97,12.65,101.41,50.47,154.77,206.13,158.22,29.45,139.29,57.35,39.93,28.47,21.81,0,0,0,0,0,0
6.05,30.14,112.57,52.1,13.33,108.46,55.99,165.75,216.98,169.37,31.55,147.6,62.91,42.32,30.1,22.43,0,0,0,0,0,0
4.87,25.3,94.9,44.61,10.97,91.48,50.04,141.23,184.07,143.51,27.03,126.88,54.97,35.28,24.84,18.58,0,0,0,0,0,0
4.19,21.22,75.77,36.27,8.98,69.91,42.09,108.06,139.81,110.94,22.51,105.38,46.43,26.8,19.25,15.24,0,0,0,0,0,0
4.35,20.51,74.47,32.88,8.88,58.12,38.75,89.98,117.26,89.46,20.83,93.73,42.2,21.45,15.47,13.52,0,0,0,0,0,0
8.58,39.09,165.57,59.72,19.22,95.93,70.06,151.55,200.16,131.32,37.99,156.02,71.59,32.26,21.02,20.95,0,0,0,0,0,0
11.66,53.63,238.18,81.93,27.3,128.98,96.23,205.46,272.13,169.78,51.97,208.03,95.82,41.94,26.01,26.93,0,0,0,0,0,0
12.24,55.94,248.14,85.19,28.49,133.99,100.07,213.07,282.89,175.4,54.08,216.34,99.73,43.35,26.94,28.06,0,0,0,0,0,0
12.03,54.03,231.37,81.45,27.02,128.77,95.28,202.93,270.26,171.81,52.15,211.58,97.22,42.54,27.41,28.36,0,0,0,0,0,0
12.69,55.91,231.15,83.16,27.44,131.46,96.92,205.08,274.38,177.51,53.88,220.73,101.23,44.06,29.29,30.56,0,0,0,0,0,0
13.19,59.6,246.56,89.58,28.94,144.56,103.72,225.72,301.67,197.33,58.31,239.36,109.16,49.47,32.66,33.53,0,0,0,0,0,0
14.3,68.19,289.83,104.94,32.96,175.37,120.58,276.6,367.1,240.88,68.11,279,126.27,61.5,39.35,39.02,0,0,0,0,0,0
15.85,77.58,318.74,119.28,35.85,209.52,135.31,329.36,436.2,296.37,78.72,327.87,147.19,77.74,50.21,48.23,0,0,0,0,0,0
17.57,88.27,356.98,136.71,39.73,251.03,153.13,394.52,521.14,363.32,90.92,382.89,170.77,97.03,62.63,58.04,0,0,0,0,0,0
18.03,91.26,371.15,142.59,41.24,266.58,158.95,418.44,552.21,387.85,94.92,398.86,178.23,103.78,66.67,60.59,0,0,0,0,0,0
17.82,89.83,368.12,141.5,41.12,263.73,159.23,413.84,548.68,383.15,94.16,393.78,176.94,101.56,65.03,59.23,0,0,0,0,0,0
17.98,90.02,371.44,140.62,41.56,257.4,158.18,404.66,535.25,370.02,93.73,388.81,174.58,98.33,62.8,58.33,0,0,0,0,0,0
15.7,78.69,328.27,123.95,36.89,227.62,138.91,358.72,473.61,329.87,81.9,340.39,152.65,87.35,55.42,50.4,0,0,0,0,0,0
13.24,66.33,271.85,105.26,30.61,197.48,116.7,310.1,408.08,290.02,69.26,292.06,129.99,76.84,49.62,43.93,0,0,0,0,0,0
13.91,67.41,271.06,106.89,31.19,202.73,116.71,316.48,418.06,301.23,69.34,297.64,131.04,79.42,52.48,45.35,0,0,0,0,0,0
14.95,67.41,260.6,105.63,31.29,196.84,113.49,301.17,404,289.78,67.43,295.25,128.1,74.6,52.25,45.82,0,0,0,0,0,0
12.95,57.95,222.3,91.64,26.89,167.21,97.2,254.79,342.92,245.04,57.79,255.7,108.88,62.11,44.76,39.78,0,0,0,0,0,0
7.21,33.47,123.15,55.49,14.78,108.33,56.81,164.28,220.56,165.92,34.96,158.27,66.15,41.95,30.59,25.71,0,0,0,0,0,0
6.36,30.24,110.6,50.53,13.22,101.28,51.62,153.66,205.61,156.86,31.57,145.03,60.41,39.71,28.67,23.39,0,0,0,0,0,0
6.06,29.6,109.55,50.41,12.98,103.34,51.99,157.95,210.62,161.93,31,143.94,60.01,40.92,29.1,22.86,0,0,0,0,0,0
6.33,31.33,115.02,53.94,13.66,110.78,57.99,170.52,223.64,175.87,33.25,154.55,66.1,44.12,31.2,23.81,0,0,0,0,0,0
5.3,26.43,96.78,46.18,11.47,93.34,51.52,144.36,188.62,149.65,28.91,132.08,58.09,36.9,25.98,19.99,0,0,0,0,0,0
4.65,22.18,77.67,37.79,9.43,71.08,43.57,109.32,142.35,113.75,24.22,109.11,49.39,27.31,19.75,16.43,0,0,0,0,0,0
5.08,23.4,84.73,38.48,10.11,65.19,44.25,100.94,132.16,100.49,24.25,108.04,50.13,24.02,17.15,16.04,0,0,0,0,0,0
10.12,46.14,192.49,73.93,22.39,113.68,83.6,179.69,235.5,159.01,45.45,191.59,90.49,38.99,25.26,26.54,0,0,0,0,0,0
14.99,68.54,294.09,111.45,33.99,166.02,124.3,264.27,345.67,228.95,68.08,282.64,135.62,56.46,35.21,38.91,0,0,0,0,0,0
18.03,80.18,335.54,131.88,39.16,191.71,144.84,304.62,398.18,269.3,81.65,335.94,164.65,66.38,41.79,48.3,0,0,0,0,0,0
19.19,83.38,336.38,137.68,39.84,198.28,149.38,312.88,409.38,284.48,85.99,355.72,175.91,70.08,45.27,53.08,0,0,0,0,0,0
19.44,85.2,339.15,140.22,40.4,206.16,151.51,323.5,424.54,298.22,86.6,366.76,179.09,73.9,48.38,54.79,0,0,0,0,0,0
18.55,84.65,342.04,139.31,40.19,214.08,150.95,336.64,441.58,310.03,85.17,366.65,174.79,77.79,50.56,53.79,0,0,0,0,0,0
18.07,86.33,360.13,141.04,41.12,228.71,154.85,361.75,474.22,326.81,87.38,371.56,173.13,83.33,53.15,53.59,0,0,0,0,0,0
18.26,88.52,360.65,140.9,40.82,240.7,155.78,378.58,498.28,346.43,90.61,382.71,175.69,90.33,58.27,57.11,0,0,0,0,0,0
18.52,91.54,367.25,143.1,41.27,253.58,159.15,398.25,525.3,367.99,94.68,398,180.56,97.67,63.12,60.74,0,0,0,0,0,0
17.95,89.26,359.44,138.62,40.35,248.08,155.27,389.2,513.81,358.97,92.98,387.09,175.36,95.54,61.52,59.02,0,0,0,0,0,0
17.81,89.14,362.55,139.79,40.81,254.04,157.54,399.24,528.46,370.26,93.48,389.65,176.21,98.07,62.75,58.69,0,0,0,0,0,0
17.82,88.55,363.1,136.98,40.81,244.85,154.63,384.84,509.87,351.63,92.35,380.05,172.02,93.42,59.39,57.07,0,0,0,0,0,0
15.47,76.53,318.11,119.66,35.85,214.7,135.07,338.05,446.58,307.75,79.82,328.1,148.2,81.18,51.65,48.66,0,0,0,0,0,0
12.87,63.21,257.37,99.52,29.14,181.71,111.65,284.77,377.11,263.62,66.27,275.8,123.72,69.25,45.02,41.71,0,0,0,0,0,0
13.18,62.15,248.13,96.98,28.67,176.3,107.9,273.62,365.24,254.89,64.1,269.56,120.18,66.3,44.3,41.2,0,0,0,0,0,0
14.63,64.42,245.34,99.2,29.87,177.54,107.52,270.82,363.87,259.82,64.64,278.25,121.97,66.46,47.14,43.49,0,0,0,0,0,0
13.09,57.28,216.06,89.46,26.66,159.4,94.85,242.33,327.17,236.86,57.71,250.81,108.06,59.92,43.34,39.62,0,0,0,0,0,0
7,31.99,115.59,52.42,14.15,99.71,53.8,150.87,203.01,153.97,33.45,150.35,63.01,38.73,28.54,24.59,0,0,0,0,0,0
6.32,29.65,107.9,49.62,13.06,98.75,50.76,149.68,199.32,152.68,30.98,141.66,58.98,38.5,28.16,22.98,0,0,0,0,0,0
5.94,28.49,104.99,48.2,12.54,96.98,49.89,147.76,195.19,150.29,29.8,136.88,57.3,37.81,27.32,21.77,0,0,0,0,0,0
6.14,30.22,112.13,52.31,13.09,107.48,56.77,164.48,216.54,165.94,32.01,148.54,63.6,41.16,29.47,22.74,0,0,0,0,0,0
5.19,26.22,96.69,45.82,11.24,92.55,51.36,143.05,187.47,146.52,28.58,131.23,57.63,36.04,25.31,19.66,0,0,0,0,0,0
4.72,22.81,80.38,39.05,9.69,74.06,44.81,114.47,148.27,118.65,24.81,112.71,50.64,28.71,20.66,16.92,0,0,0,0,0,0
5.08,23.44,84.89,38.57,10.12,65.26,44.35,101.19,132.03,100.58,24.27,108.25,50.16,24.07,17.21,16.05,0,0,0,0,0,0
10.11,46.08,192.07,73.81,22.37,113.37,83.47,179.24,235.23,158.97,45.41,191.48,90.43,38.97,25.22,26.54,0,0,0,0,0,0
14.97,68.42,293.43,111.25,33.93,165.63,124.12,263.64,345.33,228.62,67.96,282.21,135.42,56.33,35.12,38.87,0,0,0,0,0,0
18.05,80.29,336.05,132.13,39.2,192.42,145.09,305.75,399.75,270.42,81.76,336.61,164.9,66.67,41.97,48.4,0,0,0,0,0,0
19.19,83.42,336.37,137.7,39.85,198.24,149.37,312.9,409.49,284.83,86.03,355.97,176.02,70.19,45.31,53.12,0,0,0,0,0,0
19.39,84.72,337.17,139.35,40.21,203.84,150.7,319.73,419.22,294.05,86.11,363.96,177.98,72.73,47.72,54.38,0,0,0,0,0,0
18.5,83.96,340.01,138.22,39.93,211.98,149.99,332.48,436.54,304.28,84.5,362.34,173.23,76.05,49.61,53.18,0,0,0,0,0,0
18.06,86.09,358.89,140.76,41.07,228.16,154.59,360.86,473.36,326.37,87.17,370.55,172.65,83.12,53.12,53.53,0,0,0,0,0,0
18.26,88.74,360.91,141.29,40.88,241.32,156.16,380.17,500.41,349.03,90.8,384.6,176.22,91.09,58.69,57.38,0,0,0,0,0,0
18.38,90.84,364.87,141.68,40.88,250.03,157.88,392.27,517.93,360.54,93.89,393.92,179.02,95.63,61.74,60,0,0,0,0,0,0
17.92,89.52,360.66,139,40.35,248.84,155.71,390.74,516.15,360.14,93.16,388.95,175.98,95.95,61.59,59.14,0,0,0,0,0,0
17.72,88.4,357.21,137.66,40.54,246.39,155.22,388.27,511.15,361.94,92.69,385.05,174.44,96.19,61.52,58.05,0,0,0,0,0,0
17.71,87.69,359.47,135.25,40.46,239.34,153.02,376.43,495.79,341.61,91.36,374.47,169.73,90.83,57.98,56.16,0,0,0,0,0,0
15.34,75.85,316.08,118.48,35.49,211.9,134.11,333.29,440.56,301,79.05,324.35,146.68,79.28,50.45,47.98,0,0,0,0,0,0
12.93,63.55,260.47,100.46,29.29,184.18,112.72,288.43,379.64,263.66,66.51,276.72,124.01,69.26,45.27,41.7,0,0,0,0,0,0
13.43,63.38,253.42,99.17,29.31,181.52,109.81,282.01,373.75,263.43,65.4,275.03,122.55,68.79,46.02,42.08,0,0,0,0,0,0
14.65,64.97,247.83,100.15,30.02,180.1,108.46,275.04,370.31,264.14,65.17,281.71,123.3,67.69,47.71,43.9,0,0,0,0,0,0
13.01,56.84,214.22,88.59,26.43,157.29,94.06,238.86,323.35,233.21,57.24,248.56,107.18,58.89,42.62,39.25,0,0,0,0,0,0
7.08,32.51,117.52,53.35,14.39,101.96,54.63,154.67,207.82,158.57,34.01,153.31,64.18,40.05,29.33,25.06,0,0,0,0,0,0
6.33,30.06,109.48,50.27,13.16,100.39,51.38,152.52,203.86,156.08,31.38,144.39,60.02,39.49,28.59,23.32,0,0,0,0,0,0
6.04,29.39,109.29,50.27,12.9,103.21,51.98,157.57,209.72,160.1,30.75,142.73,59.43,40.33,28.88,22.65,0,0,0,0,0,0
6.3,31.15,116.1,54.03,13.54,112.09,58.3,171.71,225.97,173.88,33.03,153.33,65.63,43.36,30.83,23.52,0,0,0,0,0,0
5.23,26.51,98.92,46.81,11.37,95.48,52.5,147.63,192.79,149.04,28.81,132.91,58.06,36.61,25.88,19.86,0,0,0,0,0,0
4.65,22.44,79.75,38.57,9.49,73.62,44.48,113.16,147.87,115.92,24.43,110.83,49.93,27.8,20.08,16.59,0,0,0,0,0,0
5.09,23.33,84.44,38.37,10.11,64.73,44.12,100.25,130.53,99.67,24.19,107.44,49.9,23.81,17.1,15.97,0,0,0,0,0,0
10.17,46.38,193.59,74.41,22.52,114.92,84.04,181.64,237.61,160.86,45.71,192.7,90.95,39.5,25.63,26.72,0,0,0,0,0,0
15.01,68.59,294.31,111.59,34.02,166.52,124.43,264.99,346.83,229.76,68.15,282.95,135.75,56.65,35.34,38.98,0,0,0,0,0,0
18.02,80.09,335.24,131.76,39.12,191.55,144.75,304.26,397.97,268.86,81.57,335.5,164.48,66.22,41.7,48.24,0,0,0,0,0,0
19.19,83.36,336.5,137.74,39.84,198.63,149.47,313.32,410.27,284.67,85.97,355.7,175.9,70.08,45.29,53.08,0,0,0,0,0,0
19.39,84.75,337.36,139.43,40.22,204.2,150.78,320.21,420.09,294.5,86.14,364.12,178.06,72.83,47.78,54.42,0,0,0,0,0,0
18.41,83.67,338.18,137.57,39.76,209.78,149.39,329.52,432.56,301.89,84.14,361.3,172.64,75.47,49.17,52.97,0,0,0,0,0,0
17.92,85.29,355.7,139.07,40.65,223.61,153.04,353.52,463.76,318.1,86.29,365.99,170.9,80.91,51.64,52.74,0,0,0,0,0,0
18.15,87.95,358.34,140.03,40.54,238.8,155.08,375.51,495.35,342.97,90,380.3,174.56,89.25,57.6,56.73,0,0,0,0,0,0
18.29,90.22,362.24,140.41,40.6,246.5,156.68,386.62,510.05,354.39,93.22,390.26,177.61,93.98,60.71,59.42,0,0,0,0,0,0
17.87,88.93,357.19,137.98,40.19,245.96,154.68,386.43,510.31,357.34,92.62,386.12,174.74,95.13,61.22,58.87,0,0,0,0,0,0
17.68,88.53,360.27,138.53,40.47,249.86,156.47,393.07,518.11,362.02,92.68,385.91,174.54,95.98,61.5,57.94,0,0,0,0,0,0
17.72,88.11,362.93,136.55,40.53,244.55,154.51,383.77,509.18,347.25,91.81,377.78,171,92.04,58.59,56.57,0,0,0,0,0,0
15.4,76.14,317.04,118.82,35.63,212.63,134.32,334.45,441.96,302.91,79.37,325.58,147.32,79.87,50.76,48.19,0,0,0,0,0,0
12.93,63.54,258.43,99.9,29.3,182.28,111.89,285.81,377.72,265.36,66.63,277.15,124.38,69.85,45.35,41.92,0,0,0,0,0,0
13.28,62.73,250.56,97.98,28.95,178.46,108.8,277.31,368.59,258.53,64.68,272.27,121.27,67.42,45.05,41.59,0,0,0,0,0,0
14.57,63.54,241.28,97.68,29.58,174.2,106,264.95,357.54,254.9,63.86,273.52,120.24,64.92,46.27,42.97,0,0,0,0,0,0
12.91,56.17,211.47,87.45,26.13,154.41,93.07,234.24,317.48,228.02,56.53,245.15,105.73,57.4,41.74,38.73,0,0,0,0,0,0
7.06,32.33,117.33,53.12,14.31,101.53,54.48,153.76,206.21,156.36,33.79,151.99,63.66,39.4,29.01,24.82,0,0,0,0,0,0
6.24,29.23,106.51,48.73,12.82,96.88,49.93,146.22,196.11,148.76,30.56,139.29,58.21,37.39,27.31,22.58,0,0,0,0,0,0
6.03,29.08,108.46,49.4,12.77,101.06,51.05,153.49,204.18,155.27,30.45,139.85,58.69,39.06,28.02,22.2,0,0,0,0,0,0
6.29,30.83,113.36,53.06,13.47,109.09,57.15,167.17,220.11,171.98,32.79,151.48,65.08,42.94,30.49,23.39,0,0,0,0,0,0
5.22,26.29,96.35,45.92,11.33,92.35,51.39,143.12,186.53,147.48,28.66,131.59,57.71,36.36,25.61,19.78,0,0,0,0,0,0
4.66,22.4,78.36,38.22,9.51,72.19,43.98,111.28,145.36,116.29,24.44,110.73,49.95,28,20.13,16.67,0,0,0,0,0,0
5.11,23.49,84.74,38.56,10.17,65.34,44.25,101.18,132.78,101.73,24.4,108.56,50.42,24.36,17.33,16.17,0,0,0,0,0,0
10.19,46.51,193.96,74.65,22.58,115.69,84.22,182.84,239.95,162.87,45.89,193.69,91.37,40.03,25.89,26.91,0,0,0,0,0,0
15.03,68.71,294.92,111.84,34.07,167.33,124.67,266.17,348.71,230.98,68.29,283.64,136.05,56.96,35.52,39.09,0,0,0,0,0,0
18.08,80.44,336.87,132.41,39.28,193.32,145.33,306.98,401.44,271.6,81.95,337.2,165.23,66.98,42.17,48.5,0,0,0,0,0,0
19.18,83.3,336.11,137.54,39.81,198.03,149.25,312.39,408.96,283.95,85.92,355.26,175.76,69.91,45.16,53.02,0,0,0,0,0,0
19.38,84.65,336.51,139.08,40.18,202.8,150.4,318.25,416.81,292.98,86.03,363.42,177.8,72.51,47.57,54.31,0,0,0,0,0,0
18.45,83.67,337.69,137.51,39.81,209.47,149.28,329.04,431.71,302.17,84.19,361.12,172.63,75.55,49.28,53.04,0,0,0,0,0,0
18,85.53,356.69,139.68,40.83,225.69,153.59,356.43,468.34,321.57,86.64,367.27,171.5,81.72,52.24,53.07,0,0,0,0,0,0
18.04,87.11,352.87,137.8,40.17,231.76,152.77,364.85,480.89,334.82,89.17,375.51,172.81,87.24,56.19,56.09,0,0,0,0,0,0
18.45,90.93,364.07,141.59,40.97,249.54,157.66,391.48,517.25,361.88,94.1,394.23,179.33,96.01,61.98,60.24,0,0,0,0,0,0
18.05,89.83,361.3,139.47,40.59,249.84,156.03,392.15,517.31,362.7,93.6,389.96,176.59,96.66,62.19,59.49,0,0,0,0,0,0
17.71,88.52,359.36,138.06,40.48,247.72,155.9,389.88,512.66,359.71,92.7,385.11,174.43,95.54,61.19,57.87,0,0,0,0,0,0
17.72,87.92,360.96,135.7,40.48,240.79,153.6,378.44,499.25,342.49,91.57,375.75,170.26,91.02,58.05,56.3,0,0,0,0,0,0
15.38,76.01,316.12,118.65,35.57,211.7,134.26,333.31,439.51,301.46,79.21,325,146.9,79.48,50.67,48.13,0,0,0,0,0,0
12.85,63.17,256.77,99.1,29.08,179.88,111.22,282.1,372.73,260.99,66.19,275.16,123.54,68.69,44.6,41.56,0,0,0,0,0,0
13.08,61.78,246.12,96.02,28.44,172.74,107.05,268.6,356.96,249.32,63.6,267.4,119.18,64.97,43.45,40.75,0,0,0,0,0,0
14.68,64.83,247.81,100.16,30.03,180.57,108.51,275.34,370.49,263.56,65.08,280.63,122.91,67.4,47.71,43.81,0,0,0,0,0,0
12.92,56.5,213.74,88.13,26.22,156.28,93.82,237.03,320.9,229.16,56.81,246.72,106.34,57.72,41.92,38.84,0,0,0,0,0,0
6.9,31.52,114.41,51.51,13.87,97.6,53.04,147.13,198.65,148.67,32.93,147.63,62.01,37.26,27.51,24.05,0,0,0,0,0,0
6.26,29.33,106.02,48.64,12.88,96.07,49.71,145.29,194.64,149.49,30.7,139.81,58.48,37.69,27.42,22.7,0,0,0,0,0,0
5.96,28.75,105.56,48.38,12.63,97.46,49.93,148.46,197.34,152.66,30.14,138.39,58.1,38.51,27.53,22.02,0,0,0,0,0,0
6.1,29.9,109.21,51.22,12.99,103.59,55.53,158.9,208.6,162.91,31.72,146.74,62.98,40.53,28.94,22.54,0,0,0,0,0,0
5.24,26.42,97.7,46.58,11.39,94.14,52.23,146.03,189.43,148.42,28.72,132.47,57.77,36.51,25.92,19.85,0,0,0,0,0,0
4.7,22.68,79.37,38.8,9.64,73.3,44.57,113.39,147.24,118.35,24.7,112.34,50.44,28.6,20.58,16.9,0,0,0,0,0,0
5.06,23.17,83.43,37.94,10.03,63.38,43.69,98.21,127.94,98.09,24.03,106.62,49.59,23.42,16.8,15.84,0,0,0,0,0,0
10.16,46.42,193.68,74.41,22.51,114.86,84.03,181.64,237.98,161.17,45.75,193.12,91.12,39.62,25.61,26.76,0,0,0,0,0,0
15.02,68.8,295.08,111.94,34.09,167.4,124.76,266.49,349.07,231.61,68.36,284.25,136.25,57.17,35.61,39.17,0,0,0,0,0,0
18.03,80.21,335.56,131.9,39.16,191.77,144.84,304.73,398.52,269.7,81.69,336.14,164.75,66.49,41.82,48.33,0,0,0,0,0,0
19.21,83.52,336.88,137.9,39.91,198.77,149.55,313.72,410.49,285.66,86.15,356.48,176.25,70.42,45.46,53.2,0,0,0,0,0,0
19.43,85.06,338.27,139.83,40.35,204.78,151.09,321.45,421.13,296.44,86.46,365.73,178.73,73.48,48.13,54.65,0,0,0,0,0,0
18.39,83.44,336.47,136.8,39.67,207.43,148.54,325.81,427.76,299.39,83.95,359.75,172.21,74.88,48.7,52.8,0,0,0,0,0,0
17.96,85.4,355.64,139.02,40.72,223.38,152.86,352.99,463.43,318.79,86.48,366.25,171.23,81.14,51.7,52.86,0,0,0,0,0,0
18.13,87.69,355.79,138.99,40.43,235.05,153.91,369.96,487.39,339.42,89.76,378.51,174.02,88.49,57,56.53,0,0,0,0,0,0
18.32,90.34,361.17,140.4,40.67,246.04,156.58,386.29,510.35,356.76,93.43,391.43,178.07,94.66,61.08,59.76,0,0,0,0,0,0
17.93,89.46,360.48,139.11,40.33,249.42,155.95,391.43,517.48,360.32,93.13,388.81,175.84,95.86,61.68,59.2,0,0,0,0,0,0
17.58,87.65,356.34,136.65,40.07,245.27,154.67,385.09,509.24,354.25,91.86,380.82,172.82,93.78,60.02,57.25,0,0,0,0,0,0
17.81,88.46,362.23,136.63,40.76,242.94,154.34,382.28,504.48,348.66,92.2,379.14,171.58,92.76,59.09,56.92,0,0,0,0,0,0
15.45,76.52,317.87,119.54,35.8,213.7,135.04,336.85,443.8,305.9,79.74,327.95,148.03,80.78,51.44,48.58,0,0,0,0,0,0
12.9,63.31,257.7,99.36,29.17,180.68,111.43,283.09,373.6,261.54,66.36,275.36,123.76,68.84,44.75,41.62,0,0,0,0,0,0
13.27,62.47,249.42,97.53,28.88,177.25,108.38,275.22,365.49,256.22,64.45,270.55,120.64,66.75,44.75,41.4,0,0,0,0,0,0
14.52,64.06,244.81,98.79,29.61,176.96,107.36,269.69,363.24,256.62,64.19,276.79,121.21,65.47,46.49,43.12,0,0,0,0,0,0
12.8,55.83,211.31,87.09,25.89,153.49,93.02,232.74,314.69,223.22,56.03,243.34,104.75,56.04,40.99,38.24,0,0,0,0,0,0
6.85,31.83,116.35,52.94,14.25,100.8,54.21,152.82,204.18,155,32.73,150.38,62.43,38.93,28.78,24.24,0,0,0,0,0,0
6.09,29.04,105.94,48.53,12.93,95.41,49.32,144.14,192.36,148.48,29.85,138.59,57.74,37.42,27.17,22.18,0,0,0,0,0,0
5.92,29.52,110.87,50.72,13.11,103.84,51.96,158.33,210.62,162.05,30.35,143.62,59.76,40.93,28.98,22.4,0,0,0,0,0,0
6.04,30.71,114.22,53.53,13.5,109.97,57.44,168.76,223,173.74,31.98,152.55,64.93,43.33,30.49,23.04,0,0,0,0,0,0
5.13,26.38,98.07,46.82,11.64,94.42,51.85,146.11,190.03,151.28,28.15,132.62,57.84,37.29,26.17,19.6,0,0,0,0,0,0
4.29,21.39,75.82,36.91,9.2,68.91,42.56,106.24,137.78,110.27,22.65,106.27,47.42,26.39,19.02,15.44,0,0,0,0,0,0
4.52,21.34,77.66,34.8,9.3,59.49,40.55,92.06,120.18,91.54,21.56,98.14,44.73,21.79,15.65,14.12,0,0,0,0,0,0
8.96,41,173.33,63.73,20.08,100.98,73.9,159.44,210.4,138.59,39.9,165.85,76.8,33.97,22.05,22.4,0,0,0,0,0,0
12.42,57.05,251.24,88.76,28.84,138.53,102.74,220.5,291.37,184.87,55.71,225.26,104.85,45.66,28.4,29.73,0,0,0,0,0,0
13.46,60.95,266.07,94.77,30.69,146.01,109.27,232.23,306.8,195.17,59.88,241.02,113.09,48.25,30.13,32.3,0,0,0,0,0,0
13.82,61.18,256.74,95.04,30.1,145.89,108.43,230,304.56,199.46,60.59,246.54,116.35,49.32,31.85,34.48,0,0,0,0,0,0
15.27,65.98,266.36,102.01,31.73,155.55,115.29,243.06,322.65,216.14,66.04,269.46,128.06,53.53,35.62,39.33,0,0,0,0,0,0
16.52,72.17,289.27,112.78,34.24,172.35,126.42,269.64,357.36,242.49,73.73,299.69,142.91,60.44,40.05,44.59,0,0,0,0,0,0
18.24,82.92,339.5,132.09,39.18,208.25,147.17,328.5,433.47,294.93,86.34,349.84,165.9,74.62,48.2,52.12,0,0,0,0,0,0
19.89,92.42,368.03,146.33,42.11,241.58,161.75,379.74,500.72,349.63,97.29,398.51,187.18,90.65,58.96,61.5,0,0,0,0,0,0
20.84,99.96,395.01,157.73,44.66,274.58,173.62,430.97,569.07,402.95,105.75,437.88,202.71,106.47,68.98,68.58,0,0,0,0,0,0
19.86,97.81,392.11,154.59,43.9,277.1,170.89,435.12,573.45,404.65,103.08,430.02,196.55,107.49,69.25,66.39,0,0,0,0,0,0
18.74,93.98,382.49,149.12,42.81,271.92,166.69,427.75,564.42,396.91,98.77,414.36,187.75,105.13,67.29,62.58,0,0,0,0,0,0
18.53,93.17,384.02,146.85,42.98,268.9,164.08,423.22,558.81,389.27,96.99,405.57,182.24,103.45,66.02,60.9,0,0,0,0,0,0
15.88,79.57,331.79,126.02,37.35,230.3,140.93,363.23,477.78,333.66,82.67,344.89,154.72,88.27,56.23,51.07,0,0,0,0,0,0
13.14,65.78,270.38,105.21,30.33,196.99,117.09,308.97,408.71,286.51,68.55,290.6,129.18,75.39,48.91,43.63,0,0,0,0,0,0
13.66,66.18,267.04,105.12,30.53,197.88,115.4,308.11,409.4,289.85,67.92,291.79,128.73,75.96,50.28,44.28,0,0,0,0,0,0
14.93,67.4,261.46,106.07,31.26,196.83,114.11,301.09,403.41,287.37,67.26,295.35,128.18,73.78,51.83,45.67,0,0,0,0,0,0
13.15,58.92,227.5,94.03,27.42,172.5,99.54,262.62,352.48,251.06,58.73,260.36,111.07,63.52,45.88,40.46,0,0,0,0,0,0
6.88,32.15,119.54,53.75,14.32,105.51,55.18,159.69,213.51,159.19,33.11,151.87,62.68,40.03,29.58,24.41,0,0,0,0,0,0
5.98,28.57,104.67,47.64,12.62,95.65,48.65,144.25,194.04,147.69,29.44,136.56,56.48,37.18,26.98,21.86,0,0,0,0,0,0
5.62,27.69,103.16,46.9,12.25,95.72,48.43,145.35,193.37,148.21,28.53,133.44,55.34,37.28,26.72,20.88,0,0,0,0,0,0
6.03,30.31,111.03,52.03,13.4,107.36,55.74,165.06,216.88,172.91,31.78,149.69,63.61,43.44,30.57,22.84,0,0,0,0,0,0
4.94,25.84,95.55,45.22,11.23,92.29,50.39,143.18,186.82,148.85,27.67,130.2,56.35,36.9,25.68,19.18,0,0,0,0,0,0
4.3,21.66,77.11,37.11,9.25,72.44,42.75,111.85,145.93,116.64,23.11,107.93,47.59,28.28,20.16,15.79,0,0,0,0,0,0
4.33,20.36,73.41,32.56,8.83,57.1,38.43,88.5,115.4,88.67,20.7,93.11,41.93,21.24,15.34,13.46,0,0,0,0,0,0
8.55,39.02,165.54,59.68,19.16,95.94,70.09,151.53,200.25,130.73,37.9,155.75,71.42,32.07,20.91,20.88,0,0,0,0,0,0
11.68,53.71,238.69,82.16,27.35,129.57,96.48,206.42,273.08,170.39,52.05,208.46,95.95,42.09,26.16,26.99,0,0,0,0,0,0
12.25,55.97,248.27,85.25,28.51,134.1,100.12,213.29,283.12,175.75,54.13,216.58,99.82,43.46,27,28.1,0,0,0,0,0,0
12.02,53.91,231.03,81.24,26.97,128.3,95.08,202.05,269.24,170.74,52.04,210.86,96.99,42.24,27.2,28.25,0,0,0,0,0,0
12.7,55.98,231.66,83.32,27.47,131.92,97.1,205.76,275.12,177.84,53.96,221.02,101.36,44.15,29.37,30.6,0,0,0,0,0,0
13.15,59.3,245.49,89.07,28.8,143.23,103.31,223.51,298.68,194.39,57.99,237.68,108.47,48.64,32.19,33.27,0,0,0,0,0,0
14.22,67.61,286.52,103.71,32.71,171.56,119.41,270.92,359.14,235.92,67.49,275.99,124.98,60.2,38.56,38.6,0,0,0,0,0,0
15.85,77.24,317.01,118.49,35.75,207.09,134.52,325.34,429.97,292.25,78.4,325.27,146.31,76.65,49.65,47.91,0,0,0,0,0,0
17.43,87.2,351.96,134.48,39.24,245.13,151.04,384.83,509.2,353.75,89.85,376.87,168.53,94.38,60.94,57.19,0,0,0,0,0,0
17.71,89.61,362.82,139.53,40.4,258.05,156.3,405.65,536.7,375.67,93.13,391.64,174.85,100.38,64.5,59.48,0,0,0,0,0,0
17.82,90.01,367.81,141.31,41.14,261.64,159.01,411.43,543.22,381.26,94.25,394.36,177.11,101.37,64.85,59.24,0,0,0,0,0,0
18.18,91.1,376.54,142.36,42.04,261.49,159.77,410.9,541.52,375.16,94.85,393.19,176.63,99.92,63.83,58.96,0,0,0,0,0,0
15.67,78.8,330.17,124.37,36.81,229.16,139.59,360.71,476.56,328.75,81.91,340.87,152.77,86.96,55.2,50.31,0,0,0,0,0,0
13.32,66.73,274.24,106.46,30.79,201.65,118,316.12,417.65,295.27,69.73,294.68,130.96,78.01,50.48,44.4,0,0,0,0,0,0
13.54,65.31,263.75,103.61,30.14,195.51,114.1,304.15,404.34,284.85,67.07,287.19,126.55,74.53,49.54,43.63,0,0,0,0,0,0
14.86,66.78,258.52,104.86,31.03,195.29,112.94,298.49,400.71,285.71,66.77,292.2,126.7,73.31,51.61,45.36,0,0,0,0,0,0
13.07,58.67,226.13,93.22,27.22,172.36,98.72,262.26,354.46,252.34,58.64,259.69,110.63,63.93,45.87,40.43,0,0,0,0,0,0
7.08,32.88,120.99,54.51,14.46,106.06,56.02,160.54,216.65,161.34,34.32,155.54,64.95,40.6,29.7,25.22,0,0,0,0,0,0
6.3,29.65,107.44,49.49,13.03,98.29,50.61,149.08,199.26,153.06,31.01,142,59.12,38.63,28.11,23.03,0,0,0,0,0,0
6.12,29.71,111.15,50.91,13.08,104.84,52.58,159.92,211.83,161.57,31.09,143.76,59.95,40.73,29.24,22.8,0,0,0,0,0,0
6.25,30.75,113.52,53,13.39,108.38,57.25,166.39,217.41,169.35,32.59,150.89,64.64,42.28,30.17,23.16,0,0,0,0,0,0
5.19,26.11,95.86,45.64,11.23,91.63,51.2,141.9,184.9,145.5,28.45,130.61,57.27,35.78,25.27,19.59,0,0,0,0,0,0
4.53,21.75,76.79,37.22,9.15,69.75,43.28,107.11,139.53,109.11,23.66,107.03,48.34,25.96,18.94,15.95,0,0,0,0,0,0
5.18,23.86,87.27,39.39,10.35,67.59,45.11,104.5,135.84,103.14,24.74,109.84,50.96,24.75,17.72,16.3,0,0,0,0,0,0
10.21,46.68,195.1,74.87,22.63,116.12,84.44,183.44,240.04,162.58,46.03,194.11,91.62,40.02,25.87,26.9,0,0,0,0,0,0
14.98,68.46,293.59,111.28,33.95,165.66,124.14,263.68,345.41,228.75,68.02,282.39,135.53,56.38,35.12,38.89,0,0,0,0,0,0
18.02,80.11,335.28,131.73,39.12,191.39,144.69,304.03,397.56,268.69,81.58,335.49,164.51,66.2,41.66,48.23,0,0,0,0,0,0
19.21,83.47,336.62,137.77,39.89,198.48,149.41,313.19,409.83,285.25,86.11,356.1,176.14,70.31,45.39,53.16,0,0,0,0,0,0
19.43,85,338.23,139.75,40.33,204.86,151.02,321.31,421.42,296.11,86.42,365.31,178.63,73.34,48.04,54.6,0,0,0,0,0,0
18.43,83.69,338.51,137.4,39.76,209.18,149.2,328.3,430.25,299.95,84.15,360.54,172.55,75.01,48.88,52.84,0,0,0,0,0,0
18.03,85.99,358.83,140.24,40.96,226.92,154.08,358.4,470.76,323.35,87.07,369.36,172.48,82.35,52.45,53.28,0,0,0,0,0,0
18.21,88.09,357.87,139.84,40.63,237.64,154.71,373.76,492.55,342.97,90.21,380.42,174.87,89.41,57.62,56.85,0,0,0,0,0,0
18.43,91.15,365.24,141.98,41.01,250.31,158.09,392.95,518.83,362.68,94.25,395.58,179.76,96.31,62.1,60.33,0,0,0,0,0,0
18.05,90.09,362.43,139.88,40.66,250.77,156.43,393.79,519.57,364.4,93.85,391.54,177.19,97.18,62.42,59.67,0,0,0,0,0,0
17.5,87.1,352.92,135.35,39.84,240.94,153.36,378.85,499.73,349.06,91.25,377.78,171.53,92.51,59.24,56.81,0,0,0,0,0,0
17.73,87.62,358.57,135.19,40.45,239.43,152.99,376.45,497.07,342.73,91.38,374.55,169.76,91.02,58.14,56.32,0,0,0,0,0,0
15.49,76.58,317.66,119.55,35.88,213.55,134.95,336.66,443.24,306.68,79.85,328.06,148.16,81.02,51.62,48.68,0,0,0,0,0,0
12.82,62.64,254.47,97.97,28.9,176.72,110.08,276.89,364.98,255.56,65.66,271.55,122.27,67.24,43.77,41.06,0,0,0,0,0,0
13.26,62.27,247.64,96.94,28.82,175.5,107.67,272.58,362.56,255.47,64.31,269.59,120.36,66.58,44.55,41.35,0,0,0,0,0,0
14.53,63.98,243.51,98.55,29.63,176.04,107.03,268.55,361.83,257.28,64.16,276.65,121.13,65.67,46.62,43.21,0,0,0,0,0,0
12.96,56.74,214.34,88.37,26.32,156.43,93.96,237.56,320.89,230.36,57.05,247.81,106.82,58.17,42.15,39,0,0,0,0,0,0
7,32.25,117.02,52.94,14.21,101.29,54.36,153.32,206.98,156.13,33.7,152.06,63.66,39.3,28.79,24.78,0,0,0,0,0,0
6.22,29.09,105.3,48.28,12.76,95.37,49.44,144.02,193.36,147.62,30.44,138.64,57.98,37.13,27.07,22.5,0,0,0,0,0,0
6.05,29.5,109.43,50.05,12.93,102.24,51.63,155.97,207.45,159.25,30.88,142.71,59.69,40.24,28.65,22.62,0,0,0,0,0,0
6.23,30.77,112.42,52.76,13.39,107.62,56.87,165.45,217.64,171.11,32.69,151.64,65,42.82,30.29,23.35,0,0,0,0,0,0
5.25,26.45,97.18,46.42,11.41,94.26,51.9,145.83,191.61,150.51,28.89,132.9,58.22,37.03,26.02,20.04,0,0,0,0,0,0
4.67,22.31,77.68,37.97,9.5,71.25,43.69,109.83,142.97,115.18,24.37,109.97,49.69,27.72,20,16.59,0,0,0,0,0,0
5.09,23.43,84.89,38.4,10.13,64.67,44.15,100.12,130.21,99.39,24.27,107.71,50.07,23.79,17.03,15.96,0,0,0,0,0,0
10.09,45.99,191.65,73.58,22.32,112.69,83.25,178.2,233.82,157.97,45.31,190.98,90.25,38.72,25.02,26.44,0,0,0,0,0,0
14.98,68.53,293.94,111.47,33.98,166.25,124.34,264.6,346.77,229.62,68.08,282.87,135.68,56.6,35.27,38.96,0,0,0,0,0,0
18.02,80.09,335.26,131.76,39.11,191.65,144.75,304.38,398.41,269.04,81.57,335.56,164.51,66.26,41.69,48.25,0,0,0,0,0,0
19.17,83.27,336,137.52,39.79,198.04,149.24,312.38,409.11,283.91,85.89,355.16,175.71,69.88,45.15,53.01,0,0,0,0,0,0
19.41,84.88,337.48,139.53,40.28,204.11,150.81,320.3,419.91,295.33,86.29,364.81,178.36,73.14,47.93,54.53,0,0,0,0,0,0
18.46,83.8,338.45,137.64,39.85,209.69,149.38,329.33,431.69,302.08,84.31,361.45,172.85,75.59,49.26,53.05,0,0,0,0,0,0
18.12,86.18,358.99,140.68,41.15,227.71,154.4,359.96,471.66,325.99,87.32,370.31,172.8,83.09,53.1,53.55,0,0,0,0,0,0
18.31,89.08,362.18,141.82,41.02,242.67,156.65,382.21,503.37,351.43,91.19,386.32,177,91.76,59.08,57.67,0,0,0,0,0,0
18.53,91.39,366.99,142.57,41.19,252.29,158.64,395.52,521.63,364.26,94.55,396.05,180.13,96.66,62.49,60.46,0,0,0,0,0,0
18.04,89.62,360.62,139.04,40.53,248.42,155.62,389.88,512.96,359.58,93.36,388.18,175.93,95.86,61.8,59.21,0,0,0,0,0,0
17.5,87.13,354.11,135.6,39.84,241.98,153.71,380.1,501.11,348.32,91.24,377.58,171.46,92.24,59.15,56.71,0,0,0,0,0,0
17.57,87.04,357.3,134.04,40.05,236.65,152.09,371.68,491.23,335.28,90.65,371.2,168.44,88.99,56.72,55.58,0,0,0,0,0,0
15.32,75.78,314.97,118,35.42,210.3,133.6,330.85,437.97,299.78,79,323.98,146.65,79.02,50.15,47.96,0,0,0,0,0,0
12.79,62.74,255.3,98.36,28.87,178.54,110.57,279.52,370.65,258.02,65.77,272.93,122.73,67.76,43.97,41.23,0,0,0,0,0,0
13.31,62.82,250.84,97.94,28.99,178.27,108.69,276.79,367.91,258.26,64.81,272.22,121.47,67.39,44.98,41.61,0,0,0,0,0,0
14.65,64.49,245.44,99.17,29.91,177.4,107.4,270.53,363.67,260.23,64.76,278.45,122.2,66.62,47.16,43.55,0,0,0,0,0,0
12.9,56.23,213,87.72,26.11,155.61,93.46,235.57,319.38,227.03,56.55,245.04,105.75,57.05,41.55,38.6,0,0,0,0,0,0
6.89,31.41,114.01,51.55,13.84,97.96,53.16,147.69,199.61,148.98,32.81,147.37,61.76,37.23,27.61,24.05,0,0,0,0,0,0
6.18,29.1,104.88,48.38,12.73,95.42,49.6,144.62,194.51,148.92,30.42,139.61,58.11,37.49,27.25,22.63,0,0,0,0,0,0
5.99,29.14,107.97,49.68,12.77,101.64,51.38,155,207.07,158.11,30.52,141.48,59.01,39.78,28.44,22.46,0,0,0,0,0,0
6.19,30.6,112.81,53.09,13.28,109.52,57.47,168.1,222.45,171.77,32.47,151.59,64.66,42.7,30.38,23.3,0,0,0,0,0,0
5.31,26.97,99.07,47.19,11.62,95.5,52.59,148.35,193.43,153.26,29.36,135.53,59.21,37.97,26.57,20.36,0,0,0,0,0,0
4.74,22.81,79.4,38.69,9.73,72.93,44.26,112.62,146.63,119.12,24.92,112.56,50.85,28.89,20.63,17.01,0,0,0,0,0,0
5.15,23.59,84.72,38.59,10.27,64.97,44.16,100.75,131.13,101.92,24.52,108.6,50.52,24.51,17.47,16.23,0,0,0,0,0,0
10.13,46.16,192.32,73.9,22.41,113.6,83.52,179.58,235.68,159.6,45.51,191.79,90.61,39.16,25.31,26.6,0,0,0,0,0,0
14.99,68.56,294.19,111.53,34,166.34,124.39,264.74,346.63,229.53,68.12,282.9,135.71,56.59,35.28,38.96,0,0,0,0,0,0
18.03,80.16,335.48,131.87,39.15,191.78,144.84,304.7,398.49,269.46,81.64,335.93,164.65,66.41,41.79,48.3,0,0,0,0,0,0
19.2,83.39,336.26,137.63,39.86,198.05,149.28,312.53,408.86,284.53,86.02,355.65,175.95,70.12,45.28,53.1,0,0,0,0,0,0
19.4,84.84,337.77,139.4,40.24,203.94,150.71,319.77,419.27,294,86.23,364.25,178.24,72.78,47.67,54.4,0,0,0,0,0,0
18.5,83.83,338.15,137.65,39.92,209.64,149.31,329.28,431.43,302.91,84.38,361.47,172.92,75.82,49.46,53.14,0,0,0,0,0,0
18,85.73,357.23,139.9,40.87,225.92,153.78,357.11,469.04,322.66,86.8,368.48,171.94,82.11,52.4,53.2,0,0,0,0,0,0
18.16,87.96,358.71,140.04,40.52,238.75,155.16,375.22,494.57,341.6,89.99,379.93,174.46,88.88,57.42,56.65,0,0,0,0,0,0
18.47,91.11,365.21,141.68,41.04,249.23,157.7,391.01,514.94,360.35,94.23,394.26,179.49,95.77,61.81,60.15,0,0,0,0,0,0
17.94,89.49,360.49,138.84,40.35,247.89,155.6,389.25,512.61,357.79,93.11,388.08,175.68,95.38,61.38,59.03,0,0,0,0,0,0
17.63,87.82,356.23,136.95,40.21,245.35,154.88,385.82,508.66,356.01,92.03,381.74,173.05,94.34,60.51,57.46,0,0,0,0,0,0
17.68,87.7,359.74,135.5,40.38,240.76,153.45,378.34,500.76,343.24,91.39,375.43,170.01,91.07,58.07,56.32,0,0,0,0,0,0
15.42,76.5,318.68,119.77,35.74,215.08,135.42,338.62,447.46,306.34,79.7,328.23,148.07,80.75,51.4,48.56,0,0,0,0,0,0
12.77,62.72,255.41,98.42,28.85,178.3,110.72,279.48,369.34,257,65.67,272.87,122.51,67.53,43.92,41.15,0,0,0,0,0,0
13.24,62.32,247.69,96.7,28.79,174.65,107.36,271.21,360.92,254.52,64.35,269.55,120.52,66.44,44.29,41.29,0,0,0,0,0,0
14.51,63.94,243.52,98.18,29.56,174.94,106.62,266.64,359.32,255.15,64.11,275.95,121.06,65.2,46.16,43.03,0,0,0,0,0,0
12.88,56.32,214.11,87.9,26.08,156.11,93.74,236.31,320.17,226.29,56.57,245.45,105.88,56.88,41.38,38.52,0,0,0,0,0,0
6.96,31.79,115.77,52.08,14.03,99.15,53.56,149.46,201.23,150.75,33.22,148.78,62.52,37.82,27.95,24.25,0,0,0,0,0,0
6.28,29.57,107.34,49.29,12.97,97.89,50.42,148.27,198.5,151.9,30.92,141.42,58.97,38.31,27.86,22.92,0,0,0,0,0,0
5.98,29.22,108.02,49.69,12.77,101.41,51.37,154.87,206.9,158.45,30.58,142.05,59.22,39.95,28.45,22.52,0,0,0,0,0,0
6.16,30.39,111.81,52.24,13.18,106.45,56.56,163.37,214.36,166.59,32.2,149.34,63.99,41.52,29.58,22.88,0,0,0,0,0,0
5.21,26.11,95.42,45.56,11.28,91.17,51.04,141.28,183.68,145.68,28.48,130.47,57.26,35.87,25.35,19.63,0,0,0,0,0,0
4.77,23.09,81.92,39.75,9.81,76.6,45.5,118.03,154.53,122.33,25.17,114.51,51.42,29.56,21.17,17.23,0,0,0,0,0,0
5.18,23.91,86.84,39.55,10.38,68.01,45.25,105.47,137.84,105.46,24.82,110.87,51.22,25.35,18.07,16.52,0,0,0,0,0,0
10.2,46.65,194.97,75.01,22.62,116.61,84.64,184.34,241.37,163.36,45.98,194.36,91.56,40.16,26.03,26.95,0,0,0,0,0,0
15.05,68.85,295.53,112.09,34.14,167.87,124.91,267.09,349.42,231.78,68.42,284.24,136.28,57.2,35.71,39.18,0,0,0,0,0,0
18.05,80.23,335.66,131.98,39.19,191.98,144.91,305.04,398.77,270,81.72,336.21,164.77,66.56,41.91,48.36,0,0,0,0,0,0
19.18,83.3,336.1,137.49,39.81,197.82,149.17,312.04,408.38,283.65,85.93,355.15,175.76,69.85,45.11,53,0,0,0,0,0,0
19.4,84.85,337.27,139.4,40.26,203.73,150.68,319.71,419.23,294.9,86.25,364.63,178.31,73.04,47.83,54.5,0,0,0,0,0,0
18.46,83.8,338.62,137.65,39.84,209.93,149.4,329.55,432.34,302.16,84.32,361.43,172.89,75.58,49.24,53.04,0,0,0,0,0,0
18.02,85.79,357.77,140.06,40.91,226.5,153.93,357.85,470.13,323.09,86.88,368.68,172.08,82.21,52.46,53.23,0,0,0,0,0,0
18.16,87.91,357.67,139.55,40.5,237.19,154.51,372.8,491.88,341.01,90,379.49,174.51,88.83,57.21,56.64,0,0,0,0,0,0
18.57,91.81,368.6,143.26,41.35,253.68,159.27,398.08,524.3,367.03,94.95,398.35,180.99,97.53,62.99,60.76,0,0,0,0,0,0
18.06,89.87,361.14,139.19,40.61,248.52,155.63,390.2,513.8,361.24,93.64,389.56,176.61,96.43,61.96,59.42,0,0,0,0,0,0
17.53,87.39,354.76,136.1,39.96,243.15,154.14,382.23,504.19,351.51,91.54,379.43,172.13,93.12,59.68,57.02,0,0,0,0,0,0
17.61,87.22,357.85,134.37,40.15,237.79,152.34,373.34,494.24,337.82,90.89,372.3,168.95,89.64,57.09,55.81,0,0,0,0,0,0
15.37,76.01,317.12,118.92,35.53,213.27,134.65,335.23,443.33,301.95,79.2,325.16,146.97,79.45,50.65,48.1,0,0,0,0,0,0
12.86,63.2,257.57,99.53,29.09,181.6,111.78,284.58,376.46,262.35,66.21,275.64,123.59,68.9,44.85,41.64,0,0,0,0,0,0
13.21,62.12,247.63,96.63,28.7,174.44,107.48,270.94,359.28,252.01,64.05,268.37,119.82,65.7,44.03,41.03,0,0,0,0,0,0
14.58,64.07,244.08,98.74,29.71,176.88,107.16,269.5,363.34,258.31,64.31,276.78,121.34,65.9,46.8,43.29,0,0,0,0,0,0
13.01,56.93,216.95,89.47,26.42,161.08,95.24,243.83,331.16,234.29,57.3,249.16,107.31,58.85,42.77,39.23,0,0,0,0,0,0
7.04,32.15,117.58,53.09,14.23,102.33,54.58,154.35,208.1,155.55,33.64,151.05,63.32,38.98,28.81,24.67,0,0,0,0,0,0
6.3,29.61,107.83,49.48,13.01,98.79,50.62,149.39,200.47,152.77,30.99,141.61,59.1,38.47,27.99,22.97,0,0,0,0,0,0
5.99,28.87,106.46,48.85,12.69,99.13,50.46,150.91,201.01,154.54,30.27,139.22,58.35,38.91,27.86,22.16,0,0,0,0,0,0
6.1,29.82,109.06,51.35,12.97,104.36,55.73,160,210.62,163.78,31.66,146.72,62.85,40.63,29.1,22.58,0,0,0,0,0,0
5.27,26.5,97.89,46.37,11.42,94.06,51.83,145.25,190.06,148.94,28.92,132.37,58.19,36.67,25.79,19.9,0,0,0,0,0,0
4.54,21.9,76.07,37.16,9.23,68.94,43.06,106.43,138.66,110.95,23.85,108.2,48.81,26.61,19.2,16.18,0,0,0,0,0,0
5.09,23.39,84.6,38.23,10.11,64.17,43.94,99.31,129.33,98.91,24.24,107.43,50.04,23.68,16.9,15.93,0,0,0,0,0,0
10.14,46.2,192.65,74.01,22.44,113.91,83.62,179.99,236.01,159.71,45.55,191.85,90.65,39.18,25.36,26.61,0,0,0,0,0,0
15,68.61,294.25,111.64,34.03,166.61,124.49,265.23,347.29,230.24,68.16,283.23,135.81,56.77,35.42,39.03,0,0,0,0,0,0
18.08,80.46,336.79,132.5,39.3,193.37,145.42,307.27,401.41,271.98,81.95,337.43,165.22,67.09,42.29,48.55,0,0,0,0,0,0
19.21,83.53,337.15,138,39.91,199.21,149.69,314.3,411.31,285.81,86.15,356.5,176.24,70.42,45.49,53.2,0,0,0,0,0,0
19.41,84.91,338.01,139.55,40.28,204.29,150.83,320.35,420.01,294.8,86.32,364.67,178.41,73,47.81,54.48,0,0,0,0,0,0
18.4,83.57,337.53,137.18,39.7,208.56,148.99,327.53,429.8,300.05,84.04,360.41,172.4,75.02,48.85,52.84,0,0,0,0,0,0
17.93,85.27,355.41,138.85,40.65,222.84,152.77,352.18,461.82,317.04,86.29,365.47,170.84,80.66,51.46,52.68,0,0,0,0,0,0
18.25,88.46,360.79,140.73,40.76,240.13,155.7,377.46,496.34,344.06,90.51,381.9,175.43,89.7,57.91,56.94,0,0,0,0,0,0
18.55,91.32,366.17,142.22,41.2,250.79,158.18,393.35,517.7,362.84,94.5,395.23,179.91,96.4,62.33,60.38,0,0,0,0,0,0
18.06,89.7,361.34,139.41,40.59,249.51,156.04,391.56,514.75,360.49,93.43,388.62,176.01,96.05,62.04,59.28,0,0,0,0,0,0
17.63,88.09,358.57,137.72,40.26,247.85,155.8,389.52,513.75,357.52,92.23,383.3,173.55,94.68,60.74,57.56,0,0,0,0,0,0
17.77,87.92,360,135.72,40.57,240.68,153.48,378.48,499.36,344.55,91.67,376.02,170.37,91.56,58.46,56.51,0,0,0,0,0,0
15.38,76.01,315.09,118.3,35.58,209.94,133.78,331.08,435.73,300.82,79.21,324.92,146.9,79.49,50.58,48.14,0,0,0,0,0,0
12.77,62.55,253.94,97.95,28.81,177.24,110.13,277.66,368.15,257.07,65.6,272.09,122.36,67.52,43.83,41.16,0,0,0,0,0,0
13.26,62.5,248.46,97.28,28.87,176.43,107.99,274.16,365.34,257.51,64.53,271.14,120.96,67.16,44.79,41.55,0,0,0,0,0,0
14.63,64.39,244.78,99.16,29.88,177.32,107.45,270.67,363.81,260.5,64.64,278.39,121.97,66.64,47.25,43.56,0,0,0,0,0,0
13.08,57.28,218.49,90.15,26.61,162.17,95.91,246.01,331.61,235.68,57.59,250.57,107.75,59.35,43.25,39.41,0,0,0,0,0,0
6.88,32.1,117.98,53.4,14.33,102.36,54.65,154.96,207.69,156.66,33,151.67,63.06,39.37,28.96,24.39,0,0,0,0,0,0
6.09,28.99,106.21,48.64,12.92,95.69,49.52,144.6,192.16,147.7,29.76,138.24,57.49,37.18,27.15,22.09,0,0,0,0,0,0
5.85,29.03,108.84,49.79,12.91,101.24,51.11,154.2,204.54,157.27,29.81,140.69,58.57,39.63,28.24,21.94,0,0,0,0,0,0
5.93,30.4,112.78,52.99,13.28,108.33,57.06,166.59,220.46,171.2,31.56,151.62,64.29,42.65,29.99,22.78,0,0,0,0,0,0
5,26.31,97.09,46.36,11.45,92.37,51.48,143.79,187.07,149.54,27.95,133.15,57.79,37.02,25.72,19.49,0,0,0,0,0,0
4.4,22.08,78.47,38.17,9.52,72.14,43.68,111.5,144.7,116.51,23.4,110.05,48.96,28.12,20.08,16.06,0,0,0,0,0,0
4.53,21.36,77.64,34.68,9.31,58.82,40.4,91.12,118.07,90.54,21.55,97.85,44.67,21.61,15.54,14.06,0,0,0,0,0,0
8.98,41.14,173.73,63.98,20.15,101.4,74.12,160.32,211.07,139.67,40.03,166.62,77.05,34.3,22.28,22.52,0,0,0,0,0,0
12.41,57.03,251.3,88.71,28.81,138.28,102.74,220.18,290.56,184.03,55.65,225.1,104.74,45.46,28.28,29.65,0,0,0,0,0,0
13.46,60.95,266.25,94.72,30.69,145.9,109.21,231.94,306.27,194.56,59.87,240.77,113.06,48.1,30.03,32.25,0,0,0,0,0,0
13.83,61.14,256.78,94.92,30.1,145.76,108.28,229.5,304.08,198.78,60.57,245.97,116.26,49.12,31.72,34.41,0,0,0,0,0,0
15.26,65.79,265.71,101.67,31.65,155.05,114.97,241.95,322.07,215.09,65.89,268.45,127.75,53.17,35.36,39.2,0,0,0,0,0,0
16.48,71.93,288.29,112.26,34.12,171.13,125.92,267.55,355.15,240.4,73.49,298.36,142.45,59.86,39.62,44.38,0,0,0,0,0,0
18.22,82.76,338.75,131.62,39.1,206.71,146.68,326.09,429.76,292.37,86.15,348.59,165.49,74,47.78,51.9,0,0,0,0,0,0
19.89,92.3,367.85,146.17,42.07,241.3,161.6,379.07,499.71,348.39,97.17,397.64,186.89,90.28,58.77,61.37,0,0,0,0,0,0
20.85,99.68,395.42,157.54,44.58,274.53,173.59,430.18,566.58,398.83,105.42,435.29,201.74,105.23,68.49,68.14,0,0,0,0,0,0
19.75,96.62,387.41,152.44,43.47,271.65,168.85,425.88,560.59,394.19,101.88,422.69,193.8,104.54,67.61,65.37,0,0,0,0,0,0
18.7,93.43,380.87,148.54,42.63,270.45,166.31,425.35,559.68,392.33,98.15,411.16,186.24,103.76,66.79,62.1,0,0,0,0,0,0
18.44,92.83,384.38,146.25,42.72,267.47,163.72,420.45,554.09,382.43,96.47,402.78,181.18,101.61,64.89,60.22,0,0,0,0,0,0
15.71,78.6,327.79,123.82,36.85,224.55,138.81,353.73,466.12,323.7,81.64,339.21,152.7,85.61,54.35,50.12,0,0,0,0,0,0
13.1,65.44,267.48,103.71,30.2,191.79,115.31,301.08,397.09,281.02,68.24,287.72,128.45,74.23,47.95,43.23,0,0,0,0,0,0
13.44,64.84,261.21,102.41,29.88,190.47,112.87,296.35,393.92,277.37,66.47,284.41,125.8,72.59,48.1,43.08,0,0,0,0,0,0
14.9,66.88,257.52,104.48,31.12,191.63,112.27,293.21,392.06,282.42,66.81,291.86,127.1,72.65,51.04,45.3,0,0,0,0,0,0
13.2,59.08,227.24,93.82,27.52,171.54,99.07,261.11,350.57,251.79,58.99,260.69,111.55,63.89,45.92,40.6,0,0,0,0,0,0
6.91,32.6,120.26,54.06,14.47,105.56,55.29,160.34,214.43,162.17,33.58,154.42,63.8,41.08,29.96,24.78,0,0,0,0,0,0
5.97,28.64,105.09,48.04,12.65,96.09,49.18,145.62,193.93,147.89,29.41,137.29,56.38,37.28,27.23,21.89,0,0,0,0,0,0
5.64,27.71,103.29,47.05,12.29,95.93,48.59,145.8,193.02,148.31,28.54,133.41,55.25,37.31,26.87,20.89,0,0,0,0,0,0
5.9,29.9,111.47,51.83,13.09,107.49,55.98,164.9,216.47,167.94,31.17,147.68,62.47,41.91,29.76,22.27,0,0,0,0,0,0
4.9,25.38,94.17,44.58,11.07,90.57,49.9,140.35,181.68,144.16,27.13,127.25,55.07,35.57,25.08,18.71,0,0,0,0,0,0
4.29,21.41,76.69,36.78,9.17,71.27,42.53,110,141.4,112.76,22.77,105.88,46.7,27.24,19.74,15.42,0,0,0,0,0,0
4.34,20.37,73.87,32.6,8.82,57.34,38.49,88.68,115.49,88.12,20.7,92.9,41.9,21.08,15.25,13.4,0,0,0,0,0,0
8.61,39.15,166.32,59.94,19.26,96.84,70.29,152.66,201.62,131.73,38.07,156.03,71.67,32.32,21.11,20.97,0,0,0,0,0,0
11.68,53.68,239.03,82.24,27.33,130.04,96.61,206.95,273.9,170.11,52.01,208.24,95.85,41.96,26.12,26.94,0,0,0,0,0,0
12.25,55.98,248.46,85.3,28.52,134.28,100.17,213.51,283.29,175.7,54.14,216.53,99.82,43.43,27.01,28.09,0,0,0,0,0,0
12.05,54.1,231.81,81.64,27.06,129.23,95.47,203.67,270.93,172.3,52.22,211.9,97.34,42.68,27.52,28.41,0,0,0,0,0,0
12.7,56.04,231.66,83.4,27.49,132,97.14,206.02,275.52,178.58,54.03,221.49,101.53,44.38,29.48,30.68,0,0,0,0,0,0
13.13,59.26,245.09,88.96,28.77,142.64,103.21,222.84,297.39,193.84,57.92,237.59,108.35,48.54,32.12,33.23,0,0,0,0,0,0
14.19,67.69,287.74,104,32.68,172.7,119.84,272.51,361.61,235.89,67.51,276.53,125.13,60.14,38.49,38.57,0,0,0,0,0,0
15.73,76.87,315.8,117.86,35.48,205.99,134.06,323.4,429.39,289.75,77.97,323.98,145.71,75.87,48.98,47.62,0,0,0,0,0,0
17.47,87.38,352.3,134.75,39.34,245.87,151.21,386.02,511.31,356.1,90.09,377.97,169.03,95.02,61.29,57.42,0,0,0,0,0,0
17.8,89.86,363.33,139.86,40.6,258.67,156.45,406.66,537.29,377.93,93.47,392.5,175.35,101.05,64.99,59.73,0,0,0,0,0,0
17.8,89.46,365.62,140.26,40.98,258.9,157.96,406.7,536.14,376.01,93.72,390.54,175.77,99.92,64.09,58.74,0,0,0,0,0,0
18.17,91.48,378.04,143.07,42.12,263.53,160.49,414.35,547.58,379.29,95.23,396.17,177.7,101.04,64.33,59.34,0,0,0,0,0,0
15.7,78.97,329.72,124.51,36.92,229.17,139.6,361.18,477.45,331.55,82.15,342.23,153.29,87.79,55.65,50.61,0,0,0,0,0,0
13.04,64.71,264.4,102.33,29.93,190.19,113.99,298.12,393.78,278.36,67.65,283.6,126.61,73.44,47.61,42.8,0,0,0,0,0,0
13.66,65.64,264.29,104.17,30.41,196.9,114.45,306.4,407.18,289.22,67.54,288.83,127.33,75.72,50.36,44.08,0,0,0,0,0,0
14.89,67.2,260.33,105.67,31.18,197.12,113.76,301.77,404.45,288.7,67.14,294.69,127.53,74.19,52.15,45.66,0,0,0,0,0,0
12.92,57.75,221.72,91.23,26.79,166.46,96.82,253.18,341.57,243.15,57.62,254.41,108.52,61.54,44.35,39.59,0,0,0,0,0,0
7.05,32.51,119.01,53.79,14.34,103.8,55.3,157.16,211.33,158.29,33.94,153.43,64.07,39.8,29.29,24.95,0,0,0,0,0,0
6.23,29.23,106.72,48.84,12.82,96.68,50.13,146.23,194.63,147.71,30.49,139.2,58,37.14,27.28,22.5,0,0,0,0,0,0
6.04,29.14,107.69,49.4,12.84,100.28,50.97,152.88,202.31,156.14,30.53,140.35,58.77,39.39,28.28,22.33,0,0,0,0,0,0
6.22,30.35,110.65,52.11,13.28,105.6,56.27,162.34,211.9,167.3,32.24,148.96,63.86,41.77,29.87,22.99,0,0,0,0,0,0
5.26,26.11,95.19,45.66,11.36,91.52,51.07,141.76,184.12,146.74,28.54,130.36,57.25,36.1,25.62,19.73,0,0,0,0,0,0
4.7,22.4,78.36,38.16,9.56,71.77,43.87,110.52,143.37,115.32,24.46,110.11,49.8,27.77,20.08,16.61,0,0,0,0,0,0
5.04,23.06,83.27,37.75,9.97,62.93,43.55,97.39,126.66,96.58,23.89,105.85,49.29,23,16.56,15.69,0,0,0,0,0,0
10.15,46.34,193.3,74.27,22.49,114.39,83.89,180.92,236.74,160.42,45.67,192.62,90.91,39.42,25.52,26.69,0,0,0,0,0,0
14.99,68.56,294.02,111.48,33.99,166.07,124.33,264.42,346.03,229.39,68.1,282.9,135.7,56.58,35.27,38.96,0,0,0,0,0,0
18.02,80.08,335.12,131.68,39.11,191.19,144.65,303.77,397.1,268.46,81.55,335.37,164.45,66.15,41.63,48.21,0,0,0,0,0,0
19.2,83.46,336.62,137.81,39.89,198.53,149.47,313.33,409.79,285.14,86.08,356.07,176.07,70.27,45.4,53.15,0,0,0,0,0,0
19.43,84.87,337.46,139.52,40.31,204.26,150.77,320.35,420.08,295.52,86.31,364.56,178.34,73.16,47.97,54.54,0,0,0,0,0,0
18.44,83.52,336.76,137,39.75,207.97,148.69,326.57,428.42,300.31,84.06,359.92,172.33,75.1,48.93,52.89,0,0,0,0,0,0
17.99,85.5,355.5,139.08,40.8,223.14,152.83,352.87,462.68,319.61,86.59,366.66,171.42,81.44,51.9,52.97,0,0,0,0,0,0
18.18,87.81,357.48,139.33,40.51,236.43,154.27,371.45,488.79,338.98,89.9,378.18,174.1,88.31,57.01,56.46,0,0,0,0,0,0
18.34,90.27,361.72,140.22,40.66,245.54,156.41,385.08,507.5,353.78,93.33,389.95,177.68,93.89,60.69,59.48,0,0,0,0,0,0
18,89.45,360.58,138.88,40.41,248.48,155.58,389.65,513.48,358.21,93.16,387.43,175.6,95.39,61.48,59.04,0,0,0,0,0,0
17.59,87.93,358.89,137.53,40.14,247.84,155.74,389.04,513.56,355.28,92.03,382.22,173.18,94,60.3,57.31,0,0,0,0,0,0
17.76,88.14,361.33,136.27,40.61,242.12,154.14,380.98,502.43,346.02,91.82,377.55,170.77,91.96,58.72,56.64,0,0,0,0,0,0
15.45,76.5,317.97,119.5,35.8,213.45,135.02,336.45,442.59,304.94,79.7,327.55,147.87,80.54,51.35,48.5,0,0,0,0,0,0
12.91,63.43,257.59,99.57,29.24,180.92,111.61,283.89,374.52,263.41,66.49,276.47,124.07,69.38,45.08,41.82,0,0,0,0,0,0
13.23,62.3,247.1,96.66,28.79,173.99,107.34,270.73,359.35,254.37,64.28,269.75,120.4,66.47,44.35,41.3,0,0,0,0,0,0
14.42,63.2,240.86,97.03,29.26,172.46,105.63,262.25,354.11,249.65,63.35,271.93,119.43,63.53,45.24,42.44,0,0,0,0,0,0
12.8,55.58,210.11,86.39,25.8,152.21,92.19,230.02,312.84,221.64,55.89,241.58,104.45,55.56,40.53,38.08,0,0,0,0,0,0
6.85,30.84,110.67,50.2,13.67,93.85,51.71,141.33,190.38,144,32.28,143.84,60.5,35.97,26.85,23.62,0,0,0,0,0,0
6.24,29.14,105.1,48.29,12.81,94.98,49.38,143.66,192.09,147.88,30.5,138.79,58.04,37.27,27.19,22.56,0,0,0,0,0,0
6.02,29.5,110.91,50.61,12.86,104.89,52.44,159.61,213.95,160.57,30.85,143.41,59.78,40.33,28.77,22.64,0,0,0,0,0,0
6.24,31.08,116.03,53.93,13.43,112.32,58.31,171.89,228.11,174.06,32.96,153.61,65.71,43.32,30.63,23.5,0,0,0,0,0,0
5.38,27.29,101.61,48.04,11.76,98.64,53.46,152.57,199.78,156.03,29.73,136.92,59.91,38.58,27,20.57,0,0,0,0,0,0
4.76,23.11,81.98,39.62,9.79,76.16,45.34,117.31,153.67,121.69,25.18,114.42,51.48,29.44,21,17.18,0,0,0,0,0,0
5.12,23.58,84.85,38.68,10.23,65.3,44.35,101.4,132.29,102.15,24.47,108.99,50.53,24.54,17.48,16.24,0,0,0,0,0,0
10.15,46.27,193.05,74.23,22.46,114.6,83.86,181.09,237.67,160.74,45.63,192.44,90.84,39.43,25.53,26.69,0,0,0,0,0,0
15,68.6,294.4,111.65,34.01,166.82,124.53,265.45,347.84,230.18,68.15,283.21,135.81,56.73,35.38,39.01,0,0,0,0,0,0
18.05,80.22,335.77,132.02,39.2,192.23,144.96,305.33,399.28,270.12,81.72,336.14,164.76,66.56,41.93,48.36,0,0,0,0,0,0
19.19,83.33,336.12,137.58,39.83,198.02,149.27,312.46,408.81,284.2,85.95,355.42,175.82,70,45.23,53.05,0,0,0,0,0,0
19.36,84.63,336.89,139.18,40.15,203.3,150.58,318.92,417.87,292.76,85.99,363.4,177.73,72.4,47.52,54.27,0,0,0,0,0,0
18.43,83.58,337.03,137.11,39.75,208.18,148.83,327.05,429.02,300.66,84.1,360.44,172.46,75.22,48.98,52.92,0,0,0,0,0,0
18.02,85.9,357.78,140.08,40.94,225.92,153.92,357.39,468.56,323.08,86.96,369.26,172.25,82.34,52.51,53.28,0,0,0,0,0,0
18.13,87.66,357.01,139.15,40.39,236.11,154.2,371,488.78,338.04,89.7,377.8,173.81,88.01,56.79,56.35,0,0,0,0,0,0
18.34,90.36,362.09,140.41,40.68,246.02,156.62,385.94,508.69,354.62,93.41,390.62,177.88,94.12,60.82,59.56,0,0,0,0,0,0
18,89.9,361.97,139.87,40.55,250.64,156.62,393.93,518.97,363.09,93.55,391.02,176.61,96.76,62.32,59.52,0,0,0,0,0,0
17.72,88.59,360.08,138.67,40.53,250.22,156.63,393.56,519,363.04,92.8,386.27,174.7,96.2,61.72,58.11,0,0,0,0,0,0
17.7,87.68,359.3,135.33,40.42,239.8,153.21,377.06,497.81,342.3,91.38,374.93,169.85,90.92,58.03,56.27,0,0,0,0,0,0
15.34,75.77,314.15,117.98,35.47,209.66,133.52,330.36,436.27,300.32,79,324.09,146.57,79.23,50.38,48.04,0,0,0,0,0,0
12.8,62.98,255.46,98.62,28.96,178.44,110.75,280.07,370.59,259.83,65.99,274.56,123.25,68.41,44.31,41.47,0,0,0,0,0,0
13.15,61.83,246.72,96.18,28.54,173.55,107.13,269.33,357.71,249.72,63.73,266.93,119.21,65.01,43.59,40.78,0,0,0,0,0,0
14.62,64.12,244.73,99.03,29.79,177.58,107.47,270.54,363.44,258.25,64.34,276.63,121.23,65.86,46.97,43.28,0,0,0,0,0,0
12.93,56.53,214.75,88.52,26.23,157.74,94.33,239.08,323.48,229.54,56.81,246.86,106.3,57.7,42.05,38.83,0,0,0,0,0,0
6.94,31.84,115.4,52.25,14.03,99.63,53.75,150.58,203.63,153,33.28,149.95,62.79,38.39,28.25,24.46,0,0,0,0,0,0
6.34,29.75,108.47,49.79,13.1,99.17,50.92,150.26,200.06,153.13,31.1,142.09,59.21,38.63,28.22,23.03,0,0,0,0,0,0
6.01,28.87,106.44,48.73,12.73,98.25,50.29,149.68,197.56,152.91,30.25,138.53,58.14,38.58,27.75,22.05,0,0,0,0,0,0
5.99,29.25,105.92,49.65,12.67,99.18,53.95,151.91,199.7,156.6,31.05,143,61.64,38.89,27.77,21.96,0,0,0,0,0,0
5.29,26.46,96.42,45.94,11.47,91.91,51.22,142.44,184.88,148.11,28.9,131.84,58.04,36.64,25.77,19.91,0,0,0,0,0,0
4.62,22.24,78.48,38.08,9.41,71.76,44,110.51,143.54,113.46,24.2,109.64,49.4,27.2,19.73,16.39,0,0,0,0,0,0
4.97,22.79,81.9,37.22,9.82,61.62,43.07,95.37,124.78,94.88,23.6,104.77,48.81,22.51,16.18,15.51,0,0,0,0,0,0
10.09,45.96,191.91,73.65,22.3,112.99,83.38,178.57,234,157.42,45.25,190.66,90.08,38.53,24.99,26.37,0,0,0,0,0,0
14.99,68.55,294.14,111.53,34,166.31,124.39,264.72,346.48,229.45,68.1,282.84,135.67,56.56,35.29,38.95,0,0,0,0,0,0
18.04,80.24,336,132.09,39.18,192.38,145.08,305.65,399.54,270.06,81.72,336.36,164.78,66.56,41.92,48.35,0,0,0,0,0,0
19.18,83.38,336.31,137.65,39.84,198.12,149.34,312.67,409.04,284.38,85.99,355.69,175.91,70.06,45.25,53.08,0,0,0,0,0,0
19.36,84.56,336.16,138.88,40.14,202.41,150.19,317.49,416.28,292.37,85.96,362.96,177.68,72.33,47.41,54.25,0,0,0,0,0,0
18.43,83.77,337.89,137.53,39.81,209.05,149.3,328.75,430.72,301.96,84.24,361.69,172.8,75.61,49.24,53.05,0,0,0,0,0,0
17.98,85.62,357.28,139.82,40.81,225.65,153.81,356.69,467.72,320.86,86.63,367.72,171.55,81.61,52.17,53.02,0,0,0,0,0,0
18.14,88.06,358.76,140,40.5,238.71,155.08,375.21,495.82,342.68,90.11,380.83,174.89,89.21,57.41,56.76,0,0,0,0,0,0
18.39,90.61,362.35,140.66,40.82,246.67,156.68,386.99,510.99,357.8,93.76,392.09,178.63,95.03,61.25,59.89,0,0,0,0,0,0
17.95,89.11,357.41,138,40.31,245.28,154.6,385.4,507.35,356.63,92.84,386.12,174.95,95.08,61.27,58.95,0,0,0,0,0,0
17.59,87.76,355.64,136.64,40.15,243.88,154.57,383.93,505.22,354.22,91.91,381.38,172.84,94,60.24,57.34,0,0,0,0,0,0
17.65,87.46,357.97,134.84,40.3,238.3,152.75,374.9,495.05,340.58,91.12,373.97,169.4,90.48,57.71,56.12,0,0,0,0,0,0
15.46,76.5,318.42,119.86,35.81,215.18,135.46,338.85,447.04,306.94,79.73,328.08,147.99,80.89,51.64,48.62,0,0,0,0,0,0
12.87,62.98,255.89,98.81,29.07,179.24,110.89,280.86,370.81,259.96,66.05,273.79,123.08,68.36,44.51,41.46,0,0,0,0,0,0
13.2,62.2,246.8,96.54,28.73,173.89,107.26,270.47,359.56,253.94,64.18,269.38,120.23,66.3,44.23,41.24,0,0,0,0,0,0
14.57,64.24,245.08,98.96,29.73,177.1,107.4,270.03,363.25,258.02,64.41,277.48,121.59,65.92,46.76,43.29,0,0,0,0,0,0
12.84,55.93,210.78,86.96,25.97,152.89,92.7,231.89,313.88,224.51,56.21,243.73,105.1,56.48,41.15,38.41,0,0,0,0,0,0
6.85,31.25,114.23,51.49,13.74,98.27,53.25,147.87,200.21,147.46,32.6,146.58,61.37,36.71,27.34,23.86,0,0,0,0,0,0
6.2,28.87,105.43,48.33,12.69,95.94,49.69,144.65,193.55,145.97,30.17,137.38,57.31,36.52,26.94,22.28,0,0,0,0,0,0
6.17,29.97,112.5,51.29,13.19,106.07,52.87,161.52,214.24,163.21,31.39,144.74,60.55,41.2,29.46,22.96,0,0,0,0,0,0
6.11,29.68,108.38,50.99,12.96,103.35,55.32,158.24,207.82,162.13,31.54,145.42,62.48,40.2,28.88,22.44,0,0,0,0,0,0
5.2,25.87,95,45.35,11.2,91.38,50.9,141.04,184.31,144.72,28.28,129.14,56.79,35.44,25.16,19.48,0,0,0,0,0,0
4.6,21.97,77.56,37.7,9.3,71.57,43.66,109.65,144.18,112.77,23.99,108.37,49,26.85,19.48,16.27,0,0,0,0,0,0
5.08,23.41,84.55,38.37,10.12,64.5,44.1,100.02,130.35,99.83,24.26,107.93,50.11,23.91,17.07,16.01,0,0,0,0,0,0
10.11,46.11,192.18,73.84,22.38,113.31,83.49,179.22,234.88,158.9,45.43,191.55,90.46,38.98,25.22,26.53,0,0,0,0,0,0
14.98,68.43,293.28,111.22,33.96,165.46,124.06,263.39,344.91,228.76,68,282.18,135.45,56.38,35.15,38.89,0,0,0,0,0,0
18.02,80.13,335.35,131.81,39.13,191.69,144.78,304.51,398.43,269.28,81.61,335.77,164.59,66.34,41.74,48.28,0,0,0,0,0,0
19.18,83.33,336.2,137.57,39.82,198,149.26,312.4,408.9,284.05,85.95,355.44,175.84,69.96,45.17,53.04,0,0,0,0,0,0
19.44,85.14,339.08,140.16,40.38,205.91,151.49,323.12,423.45,297.3,86.53,366.27,178.87,73.65,48.29,54.71,0,0,0,0,0,0
18.44,83.69,338.1,137.49,39.79,209.32,149.28,328.75,430.87,301.09,84.17,360.92,172.58,75.3,49.11,52.94,0,0,0,0,0,0
17.94,85.21,355.47,139.05,40.67,223.56,153.05,353.29,462.88,317.37,86.22,365.27,170.61,80.65,51.64,52.68,0,0,0,0,0,0
18.23,88.23,358.06,139.89,40.71,236.83,154.69,373,489.39,342.27,90.3,380.66,174.94,89.41,57.68,56.86,0,0,0,0,0,0
18.46,91.04,364.58,141.46,41,248.47,157.46,389.94,513.5,359.77,94.15,393.93,179.36,95.65,61.7,60.11,0,0,0,0,0,0
17.95,89.25,358.56,138.31,40.31,246.77,154.95,387.31,511.48,358.13,92.99,387.05,175.41,95.4,61.34,59.05,0,0,0,0,0,0
17.42,86.66,352.61,135.08,39.61,241.73,153.36,379.16,502.4,347.04,90.81,375.89,170.71,91.62,58.76,56.49,0,0,0,0,0,0
17.48,86.5,354.76,133,39.79,234.1,151.11,367.56,486.91,331.56,90.1,368.64,167.42,87.92,55.97,55.2,0,0,0,0,0,0
15.23,75.2,312.44,116.85,35.15,207.28,132.51,325.95,431.71,294.68,78.39,320.74,145.4,77.62,49.26,47.46,0,0,0,0,0,0
12.95,63.11,255.91,98.92,29.22,179.38,110.84,281.04,370.62,261.43,66.27,274.07,123.37,68.79,44.83,41.63,0,0,0,0,0,0
13.28,62.52,248.55,96.99,28.9,174.96,107.6,271.88,360.36,254.8,64.52,270.12,120.77,66.62,44.46,41.35,0,0,0,0,0,0
14.54,63.91,243.34,98.2,29.61,175.21,106.59,266.84,359.74,255.68,64.13,275.62,121,65.28,46.29,43.07,0,0,0,0,0,0
12.9,56.46,214.42,88.01,26.14,156.35,93.77,236.69,320.93,227.44,56.74,246.13,106.25,57.24,41.53,38.65,0,0,0,0,0,0
6.86,31.35,113.21,51.06,13.78,96.03,52.6,144.96,195.41,146.95,32.72,146.8,61.61,36.86,27.24,23.91,0,0,0,0,0,0
6.26,29.23,105.22,48.31,12.86,95.17,49.32,143.82,193.02,148.96,30.65,139.23,58.36,37.57,27.29,22.67,0,0,0,0,0,0
6.13,29.42,109.23,50.06,13.03,102.45,51.56,155.93,206.54,159.16,30.89,141.59,59.4,40.14,28.83,22.6,0,0,0,0,0,0
6.18,30.38,111.31,52.22,13.21,106.34,56.48,163.28,214.38,167.45,32.23,149.42,64.02,41.75,29.74,22.97,0,0,0,0,0,0
5.29,26.73,97.73,46.54,11.53,93.64,51.88,145.34,189.38,150.83,29.14,133.91,58.71,37.36,26.14,20.15,0,0,0,0,0,0
4.66,22.65,78.77,38.48,9.58,72.47,44.18,112.1,146.8,118.34,24.7,112.45,50.6,28.65,20.39,16.91,0,0,0,0,0,0
5.07,23.41,84.43,38.43,10.11,64.95,44.18,100.68,132.09,100.92,24.28,108.29,50.22,24.15,17.19,16.09,0,0,0,0,0,0
10.2,46.62,194.66,74.97,22.61,116.76,84.58,184.48,242.49,164.21,46,194.5,91.64,40.34,26.1,27.01,0,0,0,0,0,0
15.01,68.71,294.7,111.81,34.06,167.07,124.66,265.98,348.32,231.03,68.27,283.83,136.05,57,35.53,39.11,0,0,0,0,0,0
18.05,80.35,336.28,132.22,39.23,192.64,145.17,306.12,400.2,270.89,81.83,336.93,165.03,66.81,42.05,48.44,0,0,0,0,0,0
19.2,83.44,336.82,137.89,39.88,198.94,149.6,313.88,410.74,285.28,86.06,356.11,176.05,70.26,45.42,53.15,0,0,0,0,0,0
19.39,84.79,337.43,139.45,40.23,204.08,150.8,320.14,419.82,294.48,86.17,364.35,178.14,72.86,47.78,54.43,0,0,0,0,0,0
18.46,83.73,338.31,137.6,39.84,209.7,149.37,329.26,431.5,301.71,84.24,361.04,172.67,75.45,49.24,53,0,0,0,0,0,0
18.07,86.13,358.41,140.64,41.07,227.65,154.42,360.15,472.91,326.84,87.25,370.9,172.85,83.29,53.13,53.62,0,0,0,0,0,0
18.26,88.52,359.54,140.67,40.82,239.59,155.5,377.17,496.6,346.73,90.65,382.97,175.79,90.48,58.3,57.23,0,0,0,0,0,0
18.47,91.38,366.19,142.23,41.11,250.6,158.28,393.51,518.59,363.15,94.47,396.32,180.14,96.55,62.24,60.41,0,0,0,0,0,0
18.05,90.06,361.85,139.88,40.67,250.45,156.43,393.67,518.83,364.75,93.8,391.66,177.08,97.3,62.56,59.72,0,0,0,0,0,0
17.61,87.86,356.44,136.93,40.19,245.2,154.87,385.64,508.49,355.71,92.04,381.95,173.15,94.31,60.41,57.45,0,0,0,0,0,0
17.7,87.87,360.6,135.6,40.44,241.01,153.47,378.54,501.17,343.47,91.58,375.92,170.41,91.21,58.03,56.36,0,0,0,0,0,0
15.3,75.68,314.44,117.79,35.37,209.43,133.41,329.69,435.8,298.47,78.87,323.43,146.37,78.72,49.98,47.85,0,0,0,0,0,0
12.83,62.83,255,98.35,28.96,177.94,110.43,278.87,368.75,258.46,65.89,273.14,122.87,67.99,44.15,41.33,0,0,0,0,0,0
13.4,63.2,251.76,98.59,29.23,179.41,109.18,279,369.56,261.67,65.24,274.13,122.21,68.41,45.72,41.99,0,0,0,0,0,0
14.52,63.85,243.65,98.28,29.56,175.55,106.8,267.36,360.08,254.82,64.01,275.37,120.76,64.99,46.2,42.96,0,0,0,0,0,0
12.85,56.18,212.56,87.51,26.03,154.61,93.3,234.41,317.53,225.92,56.44,245.07,105.64,56.84,41.33,38.52,0,0,0,0,0,0
6.82,31.72,115.8,52.1,14.13,98.4,53.24,148.68,199.22,151.3,32.62,148.89,62.29,38.1,27.94,23.94,0,0,0,0,0,0
6.13,29.23,106.78,48.98,13.03,96.61,49.76,146.1,194.77,150.49,30.06,139.72,58.15,37.96,27.55,22.37,0,0,0,0,0,0
5.93,29.47,110.53,50.61,13.13,103.13,51.84,157.39,208,160.86,30.28,142.94,59.46,40.66,28.94,22.31,0,0,0,0,0,0
6,30.25,112.75,52.62,13.33,107.11,56.61,164.18,214.85,167.35,31.43,149.09,63.6,41.67,29.6,22.45,0,0,0,0,0,0
5.15,26.96,101,47.86,11.81,96.54,52.94,149.98,193.6,153.78,28.62,135.72,58.89,38.14,26.67,19.88,0,0,0,0,0,0
4.34,21.53,77.06,37.4,9.28,70.73,43.08,108.7,141.36,111.88,22.81,106.86,47.7,26.71,19.31,15.55,0,0,0,0,0,0
4.52,21.35,78.12,34.85,9.29,59.75,40.65,92.31,120.33,90.96,21.54,97.96,44.68,21.62,15.57,14.06,0,0,0,0,0,0
8.95,40.99,173.2,63.74,20.06,100.95,73.94,159.53,210.56,138.75,39.88,166.01,76.79,34.01,22.07,22.41,0,0,0,0,0,0
12.39,56.99,250.93,88.61,28.79,137.92,102.63,219.72,290.02,183.87,55.61,225.01,104.68,45.43,28.24,29.64,0,0,0,0,0,0
13.45,60.91,265.77,94.64,30.68,145.67,109.13,231.68,306.19,194.85,59.84,240.77,113.02,48.17,30.06,32.28,0,0,0,0,0,0
13.81,61.04,255.98,94.68,30.04,144.88,108.05,228.39,302.52,198.15,60.46,245.69,116.07,48.98,31.61,34.37,0,0,0,0,0,0
15.27,65.91,266,101.83,31.7,155.12,115.1,242.32,321.93,215.64,65.99,269.08,127.95,53.39,35.5,39.28,0,0,0,0,0,0
16.52,72.15,289.53,112.91,34.23,172.98,126.6,270.49,358.76,242.8,73.71,299.71,142.87,60.45,40.11,44.59,0,0,0,0,0,0
18.26,82.95,339.99,132.16,39.2,208.76,147.22,328.95,434.51,295.04,86.4,349.76,165.99,74.61,48.18,52.11,0,0,0,0,0,0
19.95,92.56,368.37,146.36,42.22,241.48,161.6,379.41,499.97,350.15,97.5,398.65,187.5,90.87,59.05,61.59,0,0,0,0,0,0
20.78,99.25,392.52,156.34,44.39,270.68,172.31,424.49,558.81,394.72,104.97,432.95,200.88,104.26,67.75,67.8,0,0,0,0,0,0
19.86,97.49,390.1,153.91,43.86,274.57,170.15,431.44,566.53,401.41,102.75,427.71,195.62,106.7,68.95,66.13,0,0,0,0,0,0
18.7,93.29,380.07,147.79,42.58,268.19,165.4,421.45,554.25,389,98.05,409.34,185.93,103,66.16,61.84,0,0,0,0,0,0
18.47,92.82,383.1,145.75,42.76,265.77,162.98,417.87,551.1,382.59,96.57,402.48,181.35,101.79,64.83,60.3,0,0,0,0,0,0
15.82,79.5,333.38,126.03,37.2,230.75,141.18,363.42,477.66,330.02,82.45,343.94,154.34,87.25,55.58,50.68,0,0,0,0,0,0
13.33,66.64,273.71,106.36,30.79,199.11,117.89,312.42,410.69,290.77,69.48,293.66,130.8,76.83,49.82,44.15,0,0,0,0,0,0
13.81,66.59,267.79,105.49,30.85,197.98,115.44,308.47,407.64,292.03,68.43,292.75,129.43,76.76,50.88,44.58,0,0,0,0,0,0
14.89,66.74,257.14,104.45,31.07,191.87,112.32,293.49,392.77,282.29,66.67,291.39,126.8,72.51,51.04,45.25,0,0,0,0,0,0
12.93,57.33,219.28,90.53,26.74,162.77,96.03,247.3,332.91,237.87,57.15,251.68,107.82,60.02,43.52,39.24,0,0,0,0,0,0
6.78,31.89,118.82,52.98,14.09,103.6,54.48,156.42,210.18,155.26,32.79,150.34,62.22,39.02,28.69,24.04,0,0,0,0,0,0
6.01,29.25,109.65,49.45,12.81,100.66,50.72,152.18,203.19,151.31,29.96,140.33,57.63,38.11,27.72,22.15,0,0,0,0,0,0
5.8,28.84,109,49.62,12.8,102.92,51.18,156.99,206.9,158.04,29.65,139.71,57.52,39.89,28.67,21.8,0,0,0,0,0,0
5.9,29.8,111.13,51.64,13.05,107.22,55.78,164.25,216.16,167.39,31.1,147.11,62.32,41.72,29.61,22.21,0,0,0,0,0,0
4.96,25.68,95.59,45.29,11.22,93.19,50.54,144.07,188.37,148.64,27.54,129.24,55.96,36.65,25.71,19.1,0,0,0,0,0,0
4.29,21.46,75.78,36.68,9.2,71.39,42.28,110.14,144.2,115.93,22.95,106.94,47.25,28.05,20.01,15.72,0,0,0,0,0,0
4.32,20.29,73.26,32.46,8.79,57.06,38.36,88.29,115.57,88.33,20.63,92.8,41.82,21.11,15.24,13.41,0,0,0,0,0,0
8.59,39.25,166.8,60.26,19.27,97.82,70.66,154.34,204.55,133.44,38.16,157.18,71.99,32.74,21.34,21.11,0,0,0,0,0,0
11.67,53.68,239.02,82.22,27.31,130.15,96.59,207.05,274.65,170.39,52.02,208.38,95.93,42.01,26.1,26.95,0,0,0,0,0,0
12.28,56.17,249.14,85.61,28.6,135.07,100.44,214.8,285.04,177.3,54.34,217.53,100.23,43.89,27.27,28.25,0,0,0,0,0,0
12.07,54.19,232.11,81.77,27.12,129.56,95.56,204.17,271.48,173.04,52.33,212.24,97.52,42.89,27.66,28.49,0,0,0,0,0,0
12.74,56.19,232.55,83.79,27.58,133.11,97.55,207.73,277.34,179.8,54.18,222.18,101.77,44.69,29.76,30.79,0,0,0,0,0,0
13.13,59.18,244.72,88.79,28.76,142.28,103.02,222.15,296.55,193.28,57.86,237.01,108.18,48.37,32.03,33.17,0,0,0,0,0,0
14.16,67.37,285.89,103.2,32.55,170.48,118.98,268.97,357.32,233.34,67.23,274.72,124.54,59.48,38,38.34,0,0,0,0,0,0
15.89,77.66,318.17,119.15,35.91,208.9,135.06,328.36,435.19,297,78.88,328.05,147.44,77.96,50.3,48.37,0,0,0,0,0,0
17.38,86.68,348.89,133.07,39.04,241.02,149.52,378.31,500.61,348.69,89.36,373.56,167.47,93.11,60.03,56.75,0,0,0,0,0,0
17.76,89.81,364.09,139.68,40.5,258.32,156.35,405.77,535.94,375.13,93.35,391.68,175.15,100.33,64.45,59.46,0,0,0,0,0,0
17.74,89.21,365.08,139.94,40.82,258.75,157.75,406.05,536.96,374.75,93.47,389.57,175.39,99.44,63.71,58.56,0,0,0,0,0,0
18.03,90.58,373.72,141.37,41.73,258.64,158.93,406.92,537.09,371.76,94.24,391.42,175.65,98.99,63.14,58.63,0,0,0,0,0,0
15.6,78.36,328.13,123.87,36.64,227.96,139.25,359.05,474.58,326.95,81.44,339.26,151.82,86.35,54.95,50.09,0,0,0,0,0,0
13.2,66.24,272.94,105.86,30.52,199.81,117.69,313.53,412.87,290.09,69.07,292.31,129.64,76.57,49.74,43.88,0,0,0,0,0,0
13.72,66.36,268.53,105.7,30.65,201,116.05,312.88,414.97,293.55,68.19,292.6,128.73,76.92,51.13,44.48,0,0,0,0,0,0
14.92,67,259.3,105.02,31.15,195.43,112.96,298.64,400.26,286.28,67.03,292.72,127.12,73.57,51.74,45.46,0,0,0,0,0,0
13.04,57.99,222.34,91.76,27.03,167.82,97.19,255.27,343.57,246.29,57.97,255.33,108.98,62.36,45.05,39.9,0,0,0,0,0,0
7.15,33.28,122.53,55.42,14.68,107.99,56.9,164.07,219.73,164.83,34.71,157.8,65.65,41.6,30.49,25.58,0,0,0,0,0,0
6.41,30.33,111.17,50.7,13.33,101.49,51.72,153.85,204.65,156.65,31.7,144.83,60.45,39.68,28.77,23.4,0,0,0,0,0,0
6.12,29.62,110.65,50.61,13.06,104.06,52.22,158.52,210.02,160.54,31.03,142.93,59.77,40.48,29.05,22.71,0,0,0,0,0,0
6.23,30.7,113.66,53.08,13.35,109.32,57.38,167.5,220.57,170.44,32.58,151.1,64.73,42.44,30.22,23.21,0,0,0,0,0,0
5.26,26.32,96.75,45.99,11.39,92.59,51.43,143.18,186.22,147.06,28.72,131.17,57.67,36.21,25.6,19.75,0,0,0,0,0,0
4.74,22.74,80.29,38.76,9.69,73.32,44.46,112.89,146.05,116.91,24.79,111.62,50.46,28.25,20.36,16.77,0,0,0,0,0,0
5.13,23.57,85.71,38.55,10.21,64.91,44.23,100.36,129.77,99.27,24.42,107.83,50.28,23.82,17.06,15.97,0,0,0,0,0,0
10.16,46.41,193.99,74.44,22.51,115.04,84.08,181.75,237.88,160.64,45.74,192.81,91.03,39.46,25.55,26.7,0,0,0,0,0,0
15.02,68.64,294.15,111.55,34.06,166.22,124.32,264.59,346.21,230.16,68.23,283.13,135.89,56.81,35.41,39.05,0,0,0,0,0,0
18.02,80.09,335.07,131.69,39.12,191.22,144.65,303.83,397.3,268.69,81.57,335.47,164.48,66.21,41.66,48.23,0,0,0,0,0,0
19.2,83.39,336.61,137.73,39.86,198.38,149.43,312.99,409.13,284.22,86,355.55,175.88,70.01,45.27,53.06,0,0,0,0,0,0
19.41,84.82,337.46,139.44,40.26,203.84,150.74,319.8,418.84,294.31,86.22,364.27,178.16,72.87,47.8,54.43,0,0,0,0,0,0
18.49,83.99,338.86,137.87,39.93,210.06,149.54,330.13,432.61,303.65,84.51,362.53,173.29,76.08,49.52,53.22,0,0,0,0,0,0
17.98,85.64,357.18,139.69,40.8,225.58,153.59,356.32,468.59,321.48,86.72,367.92,171.81,81.78,52.1,53.08,0,0,0,0,0,0
18.21,88.31,358.5,140.13,40.7,237.73,154.99,374.46,492.33,343.78,90.38,381.7,175.25,89.77,57.82,56.98,0,0,0,0,0,0
18.45,91.29,365.92,142.14,41.06,250.72,158.21,393.52,519.58,363.28,94.41,396.14,180.08,96.51,62.17,60.4,0,0,0,0,0,0
17.98,89.48,360.2,139,40.42,248.78,155.7,390.41,515.13,359.99,93.21,388.3,175.8,95.85,61.74,59.2,0,0,0,0,0,0
17.65,88.19,357.84,137.52,40.33,246.52,155.42,387.91,510.93,358.02,92.37,383.72,173.83,95,60.84,57.69,0,0,0,0,0,0
17.73,87.84,359.72,135.52,40.49,240.49,153.31,378.01,499.95,344.23,91.59,375.86,170.34,91.44,58.26,56.46,0,0,0,0,0,0
15.38,76.06,316.04,118.62,35.59,211.68,134.18,333.27,440.12,302.26,79.29,325.4,147.13,79.72,50.71,48.21,0,0,0,0,0,0
12.89,63.35,257.64,99.69,29.19,181.53,111.84,284.81,375.97,263.47,66.38,276.37,123.87,69.29,45.12,41.78,0,0,0,0,0,0
13.4,63.08,251.3,98.6,29.22,179.63,109.24,279.32,369.94,261.82,65.13,273.68,121.91,68.35,45.82,41.98,0,0,0,0,0,0
14.52,63.71,243.05,98.09,29.54,175.22,106.6,266.67,359.27,254.29,63.91,274.54,120.47,64.8,46.14,42.9,0,0,0,0,0,0
12.99,56.61,215.88,88.91,26.32,159.2,94.76,240.95,325.4,230.05,56.91,246.78,106.32,57.74,42.26,38.84,0,0,0,0,0,0
6.92,31.34,113.86,51.39,13.86,97.49,52.95,146.74,197.69,147.79,32.77,146.44,61.52,36.93,27.49,23.95,0,0,0,0,0,0
6.21,29.1,105.33,48.41,12.76,95.79,49.6,144.75,194.49,148.36,30.45,138.95,58.02,37.29,27.2,22.56,0,0,0,0,0,0
6,28.71,105.65,48.45,12.67,97.79,50,148.75,197.1,152.38,30.12,137.73,57.88,38.37,27.61,21.98,0,0,0,0,0,0
6.05,29.69,108.05,50.73,12.87,102.36,55.04,156.95,206.8,161.55,31.52,145.84,62.65,40.16,28.61,22.41,0,0,0,0,0,0
5.25,26.24,96.2,45.93,11.36,92.56,51.39,143.21,186.7,147.56,28.65,131.14,57.58,36.3,25.67,19.78,0,0,0,0,0,0
4.6,22.16,77.34,37.78,9.38,70.7,43.64,109.14,141.99,113.58,24.14,109.54,49.35,27.29,19.71,16.43,0,0,0,0,0,0
5.09,23.42,84.03,38.23,10.14,63.85,43.9,99.19,129.05,99.95,24.29,107.96,50.15,24.01,17.1,16.05,0,0,0,0,0,0
10.17,46.39,193.69,74.49,22.53,115.49,84.11,182.34,239.56,161.96,45.77,193.01,91.11,39.73,25.72,26.8,0,0,0,0,0,0
14.97,68.42,293.37,111.17,33.94,165.28,124.01,263.09,344.44,228.17,67.97,282.05,135.41,56.24,35.04,38.84,0,0,0,0,0,0
18.03,80.13,335.34,131.75,39.14,191.39,144.7,304.05,397.41,268.76,81.61,335.55,164.55,66.24,41.69,48.24,0,0,0,0,0,0
19.18,83.29,335.81,137.42,39.82,197.51,149.08,311.65,407.71,283.64,85.92,355.06,175.73,69.87,45.13,53.01,0,0,0,0,0,0
19.38,84.71,336.84,139.14,40.19,203.05,150.44,318.55,417.57,293.32,86.1,363.73,177.98,72.61,47.57,54.34,0,0,0,0,0,0
18.44,83.71,338.42,137.62,39.8,209.62,149.46,329.28,431.07,301.06,84.17,361.03,172.56,75.29,49.16,52.94,0,0,0,0,0,0
17.98,85.59,358.18,140.05,40.79,226.88,154.14,358.14,470,320.63,86.59,367.45,171.44,81.42,52.14,52.94,0,0,0,0,0,0
18.16,87.97,358.72,139.81,40.49,238.29,154.87,374.21,494.02,341.03,90.03,379.71,174.59,88.76,57.19,56.61,0,0,0,0,0,0
18.38,90.63,362.84,140.71,40.78,246.96,156.79,387.34,511.73,357.45,93.75,392.22,178.68,94.92,61.14,59.85,0,0,0,0,0,0
17.99,89.54,359.68,138.69,40.44,247.41,155.24,388.48,512.35,359.49,93.28,388.33,175.98,95.88,61.6,59.22,0,0,0,0,0,0
17.64,88.04,358.08,137.63,40.26,247.73,155.66,389.28,513.95,358.11,92.23,383.17,173.55,94.8,60.81,57.62,0,0,0,0,0,0
17.8,88.17,361.97,136.22,40.65,242.81,153.98,381.12,504.03,346.2,91.95,377,170.97,91.92,58.61,56.62,0,0,0,0,0,0
15.33,75.91,315.61,118.37,35.47,211.13,134,332.38,439.44,300.94,79.11,324.88,146.87,79.34,50.42,48.07,0,0,0,0,0,0
12.94,63.64,258.31,99.94,29.33,181.92,111.92,285.51,377,265.63,66.73,277.75,124.6,70,45.43,42.03,0,0,0,0,0,0
13.32,62.86,249.85,97.89,29.06,177.51,108.52,276.17,366.52,259.55,64.88,272.74,121.58,67.83,45.27,41.78,0,0,0,0,0,0
14.54,63.77,242.42,97.98,29.6,174.07,106.39,265.44,356.17,254.16,63.95,274.66,120.49,64.92,46.24,42.95,0,0,0,0,0,0
12.85,56.04,211.64,87.19,26,153.52,92.95,232.8,314.84,224.65,56.3,244.13,105.27,56.53,41.19,38.42,0,0,0,0,0,0
7.04,32.07,115.6,52.4,14.24,99.45,53.67,150.42,202.02,154.33,33.59,150.37,63.19,38.89,28.63,24.65,0,0,0,0,0,0
6.29,29.46,106.09,48.86,12.97,96.33,49.87,146.01,195.13,151.09,30.86,140.69,58.78,38.18,27.75,22.88,0,0,0,0,0,0
6.1,29.61,111.24,50.61,13,104.29,52.28,158.64,210.47,159.58,30.99,142.78,59.75,40.2,28.82,22.6,0,0,0,0,0,0
6.2,30.44,112.18,52.46,13.24,107.5,56.74,164.68,216.83,168.16,32.33,149.63,64.19,41.85,29.82,23,0,0,0,0,0,0
5.32,26.64,97.63,46.5,11.55,94.06,51.81,145.49,190.04,150.86,29.12,133.08,58.53,37.25,26.17,20.12,0,0,0,0,0,0
4.77,22.68,79.84,38.61,9.72,72.87,44.25,112.07,144.45,116.39,24.76,110.87,50.26,28.11,20.35,16.73,0,0,0,0,0,0
5.1,23.32,84.17,38.26,10.13,64.22,43.98,99.48,129.12,99.2,24.19,107.16,49.83,23.72,17.06,15.95,0,0,0,0,0,0
10.14,46.35,193.17,74.26,22.48,114.44,83.87,181.04,237.44,161,45.69,192.92,91.02,39.57,25.55,26.74,0,0,0,0,0,0
14.98,68.53,293.76,111.39,33.98,165.8,124.23,264.02,345.62,229.26,68.08,282.79,135.66,56.55,35.23,38.95,0,0,0,0,0,0
18.04,80.2,335.53,131.89,39.17,191.73,144.83,304.65,398.24,269.59,81.68,336.02,164.71,66.46,41.83,48.32,0,0,0,0,0,0
19.16,83.16,335.46,137.27,39.75,197.17,149,311.12,407,282.61,85.76,354.51,175.44,69.56,44.96,52.9,0,0,0,0,0,0
19.39,84.77,337.05,139.27,40.23,203.32,150.56,319.06,418.01,293.87,86.16,364.06,178.08,72.77,47.69,54.4,0,0,0,0,0,0
18.44,83.72,337.73,137.26,39.8,208.35,148.95,327.37,428.81,300.65,84.22,360.83,172.67,75.29,49,52.94,0,0,0,0,0,0
18.02,85.79,357.23,139.74,40.91,225.01,153.52,355.77,466.41,321.71,86.87,368.27,172.01,81.99,52.26,53.16,0,0,0,0,0,0
18.22,88.13,358.51,140.08,40.66,238.02,155.04,374.53,491.96,342.25,90.18,380.36,174.69,89.23,57.69,56.79,0,0,0,0,0,0
18.49,90.94,363.78,141.48,41.05,248.58,157.45,390.19,513.67,360.78,94.11,393.63,179.15,95.84,61.99,60.19,0,0,0,0,0,0
18.02,89.22,359.26,138.64,40.4,248.26,155.31,389.08,513.36,358.57,93.02,386.34,175.18,95.34,61.59,59.04,0,0,0,0,0,0
17.55,87.15,354.72,135.96,39.92,243.22,154.1,381.81,502.84,349.14,91.29,377.49,171.39,92.35,59.44,56.75,0,0,0,0,0,0
17.6,87.23,357.47,134.46,40.16,237.7,152.44,373.62,494.26,338.6,90.89,372.8,168.97,89.87,57.27,55.9,0,0,0,0,0,0
15.19,75.12,312.79,116.87,35.06,207.45,132.68,326.2,431.88,293.34,78.23,320.45,145.13,77.22,49.03,47.31,0,0,0,0,0,0
12.8,63.06,257.59,99.19,28.95,180.76,111.53,283.1,374.64,259.59,66.01,274.74,123.26,68.18,44.3,41.37,0,0,0,0,0,0
13.25,62.66,249.87,97.64,28.89,176.89,108.47,275.17,364.75,256.4,64.57,271.67,121.01,66.96,44.75,41.46,0,0,0,0,0,0
14.56,64.05,244.09,98.31,29.65,175.3,106.67,266.97,359.34,255.45,64.25,275.94,121.23,65.3,46.26,43.07,0,0,0,0,0,0
12.91,56.35,212.93,87.72,26.16,155.34,93.35,235.33,319.31,228.09,56.71,245.78,106.13,57.42,41.66,38.74,0,0,0,0,0,0
6.95,32.07,116.76,52.66,14.09,100.75,54.18,152.3,205.88,154.06,33.48,151.09,63.26,38.71,28.4,24.56,0,0,0,0,0,0
6.23,29.24,106.26,48.71,12.81,96.6,49.91,145.99,195.93,149.03,30.57,139.64,58.29,37.48,27.32,22.62,0,0,0,0,0,0
5.97,28.95,107.06,49.13,12.68,100.58,50.78,152.9,205.61,156.71,30.38,140.26,58.76,39.37,28.04,22.32,0,0,0,0,0,0
6.13,30.31,111.08,52.2,13.12,107.26,56.5,164.34,218.88,169.35,32.23,150.03,64.28,42.09,29.76,23.09,0,0,0,0,0,0
5.24,26.21,95.29,45.37,11.33,90.35,50.68,139.99,181.91,145.67,28.63,130.55,57.54,36,25.29,19.68,0,0,0,0,0,0
4.75,22.78,80.65,39.03,9.72,73.9,44.79,113.97,146.58,117.26,24.79,111.87,50.4,28.32,20.55,16.8,0,0,0,0,0,0
5.1,23.45,85.01,38.42,10.15,64.78,44.14,100.2,130.45,99.54,24.31,107.71,50.13,23.83,17.04,15.98,0,0,0,0,0,0
10.16,46.2,192.76,73.96,22.45,113.93,83.53,179.8,235.96,159.56,45.58,191.58,90.68,39.13,25.31,26.59,0,0,0,0,0,0
15.02,68.61,294.22,111.58,34.05,166.51,124.37,264.91,346.89,230.19,68.21,282.97,135.83,56.76,35.41,39.03,0,0,0,0,0,0
18.05,80.22,335.79,132.02,39.19,192.08,144.98,305.21,398.69,269.78,81.7,336.12,164.71,66.5,41.91,48.34,0,0,0,0,0,0
19.19,83.33,336.42,137.67,39.84,198.24,149.4,312.78,408.8,283.84,85.93,355.33,175.74,69.89,45.22,53.01,0,0,0,0,0,0
19.39,84.73,337.16,139.33,40.23,203.7,150.66,319.51,418.65,293.87,86.13,363.86,177.98,72.71,47.72,54.38,0,0,0,0,0,0
18.48,83.93,338.85,137.86,39.9,210.35,149.57,330.39,433.47,303.63,84.46,362.3,173.2,76,49.49,53.2,0,0,0,0,0,0
18.03,85.93,357.82,140.09,40.97,226.16,153.87,357.57,469.43,323.81,87.04,369.36,172.4,82.52,52.57,53.34,0,0,0,0,0,0
18.3,88.79,361.58,141.45,40.93,241.87,156.38,380.65,500.46,348.35,90.87,384.25,176.18,90.86,58.69,57.36,0,0,0,0,0,0
18.51,91.75,367.75,143.17,41.26,253.55,159.22,398.2,526.06,368.39,94.88,399.12,181.12,97.85,63.05,60.88,0,0,0,0,0,0
18,89.92,361.91,139.71,40.54,250.59,156.37,393.5,519.92,363.62,93.63,391.1,176.88,96.89,62.22,59.56,0,0,0,0,0,0
17.47,87.17,354.44,135.76,39.8,242.56,153.95,381.1,503.19,349.1,91.26,378.33,171.64,92.42,59.2,56.76,0,0,0,0,0,0
17.66,87.44,358.53,134.92,40.28,239.45,152.85,376.01,498.35,341.36,91.17,373.91,169.54,90.54,57.68,56.13,0,0,0,0,0,0
15.37,75.81,315.22,118,35.5,209.9,133.53,330.19,435.24,298.53,79.03,323.23,146.46,78.76,50.14,47.87,0,0,0,0,0,0
12.98,63.6,258.47,99.74,29.35,181.59,111.65,284.48,375.48,264.23,66.73,276.67,124.45,69.62,45.2,41.9,0,0,0,0,0,0
13.32,62.85,249.83,97.56,29.04,176.39,108.11,274.26,363.58,257.61,64.87,272.01,121.52,67.42,44.91,41.64,0,0,0,0,0,0
14.61,64.4,245.52,99.25,29.83,177.83,107.63,271.25,364.82,259.85,64.61,278.41,121.97,66.43,47.09,43.47,0,0,0,0,0,0
13,56.66,214.77,88.57,26.36,157.89,94.2,239.13,323.78,231.13,57.05,247.18,106.67,58.16,42.31,39,0,0,0,0,0,0
7.1,32.61,118.49,53.8,14.46,103.41,55.14,156.8,210.45,159.77,34.11,153.87,64.32,40.28,29.6,25.14,0,0,0,0,0,0
6.25,29.3,106.33,48.81,12.85,96.96,49.98,146.54,197.01,150.14,30.67,140.05,58.48,37.76,27.49,22.72,0,0,0,0,0,0
6.09,29.57,110.7,50.36,12.97,103.71,51.97,157.65,210.16,159.64,30.99,142.71,59.84,40.24,28.7,22.62,0,0,0,0,0,0
6.1,29.81,108.8,50.98,12.95,103.07,55.26,157.92,207.58,162.14,31.66,146.11,62.83,40.32,28.78,22.47,0,0,0,0,0,0
5.19,26.1,96.91,45.86,11.23,92.47,51.53,142.9,185.5,144.32,28.39,130.14,57.06,35.4,25.16,19.45,0,0,0,0,0,0
4.59,22.06,77.64,37.67,9.31,70.44,43.63,108.56,140.51,111.3,23.98,108.57,48.95,26.66,19.39,16.2,0,0,0,0,0,0
5.12,23.63,85.27,38.7,10.23,65.21,44.36,101.22,131.59,101.48,24.5,108.93,50.56,24.41,17.38,16.19,0,0,0,0,0,0
10.13,46.24,192.94,74.13,22.43,114.25,83.78,180.6,236.92,160.08,45.57,192.28,90.76,39.28,25.4,26.64,0,0,0,0,0,0
14.99,68.54,294.1,111.51,33.98,166.42,124.39,264.81,347.01,229.59,68.09,282.86,135.68,56.58,35.27,38.96,0,0,0,0,0,0
18.04,80.26,336,132.07,39.19,192.38,145.03,305.59,399.74,270.22,81.74,336.42,164.85,66.6,41.92,48.37,0,0,0,0,0,0
19.19,83.39,336.42,137.71,39.85,198.35,149.4,313,409.52,284.63,86,355.76,175.93,70.12,45.3,53.09,0,0,0,0,0,0
19.4,84.85,337.44,139.47,40.26,204.03,150.76,320.1,419.83,294.97,86.25,364.63,178.3,73.03,47.84,54.49,0,0,0,0,0,0
18.42,83.49,336.84,136.91,39.71,207.88,148.62,326.3,428.45,299.8,84.03,359.76,172.31,74.96,48.79,52.83,0,0,0,0,0,0
18.04,85.66,356.39,139.63,40.91,225.31,153.36,355.93,468.02,323.01,86.84,367.88,171.92,82.2,52.42,53.24,0,0,0,0,0,0
18.14,87.53,355.39,138.69,40.39,234.43,153.61,368.64,485.38,337.61,89.62,377.09,173.59,87.97,56.75,56.35,0,0,0,0,0,0
18.43,90.92,364.62,141.75,40.95,249.88,157.94,392.11,517.18,360.92,94.01,394.13,179.13,95.74,61.92,60.14,0,0,0,0,0,0
17.88,89.19,358.72,138.36,40.21,246.94,155.16,387.8,512.36,357.56,92.85,387.34,175.28,95.22,61.2,58.97,0,0,0,0,0,0
17.61,87.99,357.91,137.37,40.21,246.6,155.43,387.71,510.95,356.01,92.12,382.66,173.33,94.35,60.49,57.45,0,0,0,0,0,0
17.76,88.15,361.62,136.27,40.61,242.41,154.12,381.13,503.25,346.05,91.85,377.46,170.86,91.93,58.65,56.63,0,0,0,0,0,0
15.36,75.79,314.74,118.15,35.5,210.45,133.72,331.28,437.48,300.43,79.03,323.93,146.55,79.19,50.43,48.03,0,0,0,0,0,0
12.79,62.59,253.7,97.86,28.87,176.32,109.96,276.53,365.05,256.21,65.62,271.81,122.27,67.42,43.83,41.13,0,0,0,0,0,0
13.21,61.83,245.99,96,28.64,172.68,106.77,268.04,355.27,249.93,63.81,266.48,119.21,65.14,43.72,40.84,0,0,0,0,0,0
14.63,64.27,244.63,99.04,29.84,177.23,107.37,270.29,363.3,259.55,64.53,277.6,121.68,66.32,47.12,43.45,0,0,0,0,0,0
12.84,55.88,212.41,87.17,25.92,154.32,93.07,233.29,316.02,222.76,56.12,242.9,104.87,55.86,40.84,38.17,0,0,0,0,0,0
6.69,31.26,114.19,51.42,13.84,96.95,52.77,146.38,197.34,148.05,32.08,147.15,61.37,37.12,27.27,23.58,0,0,0,0,0,0
5.99,28.94,106.17,48.6,12.75,95.8,49.65,144.99,194.29,147.72,29.62,139.03,57.57,37.15,26.93,22.06,0,0,0,0,0,0
5.73,28.55,106.63,49.09,12.63,99.3,50.61,151.57,201.58,154.36,29.24,139.16,57.6,38.78,27.71,21.63,0,0,0,0,0,0
5.93,29.86,110.88,52.03,13.15,105.65,56.12,162,212.45,165.32,31.01,147.51,62.8,41.04,29.25,22.23,0,0,0,0,0,0
4.98,26.19,97.9,46.52,11.38,93.58,51.82,145.13,189.34,148.52,27.79,132.45,57.45,36.57,25.54,19.32,0,0,0,0,0,0
4.28,21.52,75.98,36.97,9.21,68.74,42.58,106.27,137.99,110.97,22.76,107.2,47.77,26.67,19.06,15.54,0,0,0,0,0,0
4.59,21.75,79.38,35.45,9.48,61.17,41.1,94.66,123.51,94.52,22,100.07,45.62,22.65,16.14,14.42,0,0,0,0,0,0
9.07,41.57,175.94,64.86,20.36,103.93,74.94,164.12,215.97,143.23,40.51,168.72,77.97,35.26,22.91,22.85,0,0,0,0,0,0
12.42,57.14,251.65,88.86,28.87,138.56,102.84,220.67,291.11,184.83,55.78,225.66,105,45.71,28.41,29.74,0,0,0,0,0,0
13.45,60.91,265.9,94.66,30.67,145.77,109.16,231.81,306.41,194.79,59.84,240.8,113.02,48.15,30.05,32.27,0,0,0,0,0,0
13.82,61.11,256.52,94.85,30.07,145.5,108.23,229.22,303.72,198.59,60.52,245.97,116.2,49.08,31.68,34.4,0,0,0,0,0,0
15.27,65.89,265.85,101.74,31.69,154.8,114.99,241.81,321.12,215.17,65.96,268.83,127.88,53.29,35.43,39.24,0,0,0,0,0,0
16.48,71.85,287.8,112.07,34.1,170.41,125.71,266.5,353.33,239.5,73.41,297.82,142.25,59.65,39.51,44.31,0,0,0,0,0,0
18.1,82.17,336.1,130.38,38.79,203.69,145.51,321.13,424.66,287.78,85.55,345.73,164.41,72.72,46.81,51.44,0,0,0,0,0,0
19.8,91.82,365.25,145.02,41.83,238.26,160.45,374.25,494.5,344.7,96.7,395.27,186.04,89.3,57.98,61.02,0,0,0,0,0,0
20.82,99.53,393.87,156.87,44.5,272.08,172.82,426.71,561.53,396.7,105.25,434.34,201.44,104.81,68.1,67.99,0,0,0,0,0,0
19.82,97.58,390.36,153.74,43.8,274.41,169.92,430.98,568.01,401.93,102.88,428.48,196.14,106.89,68.71,66.19,0,0,0,0,0,0
18.69,93.18,379.07,147.27,42.54,266.41,164.79,418.77,550.41,387.26,97.95,408.46,185.72,102.65,65.84,61.72,0,0,0,0,0,0
18.68,93.36,384.69,146.99,43.22,268.76,163.97,422.72,555.56,388.95,97.26,404.83,182.32,103.49,66.27,60.93,0,0,0,0,0,0
15.84,79.62,333.07,126.35,37.28,231.78,141.44,365.28,481.41,333.82,82.65,345.51,154.84,88.21,56.15,51.03,0,0,0,0,0,0
13.22,66.1,270.58,105.46,30.54,196.73,117.09,309.07,407.43,288.66,68.92,291.92,129.82,76.17,49.38,43.92,0,0,0,0,0,0
13.7,66.22,266.61,105.27,30.61,197.93,115.5,308.55,409.13,291.07,67.97,292.12,128.74,76.3,50.63,44.41,0,0,0,0,0,0
14.83,66.94,259.03,105.06,31.02,193.94,113.15,296.73,398.03,283.53,66.76,293.16,127.26,72.78,51.11,45.32,0,0,0,0,0,0
13.05,57.97,222.27,91.74,27.04,166.41,97.11,252.69,340.73,243.6,57.88,254.89,109.28,61.54,44.43,39.78,0,0,0,0,0,0
6.84,31.93,117.87,53,14.2,103.77,54.31,156.7,211.54,158.22,32.97,150.85,62.52,39.77,29.16,24.33,0,0,0,0,0,0
6.06,29.32,108.56,49.59,12.93,101.01,50.71,153.04,205.18,155.13,30.15,141.36,57.99,39.1,28.37,22.52,0,0,0,0,0,0
5.73,28.8,107.63,49.13,12.69,101.19,50.6,154.79,205.42,158.23,29.62,140.33,57.76,40.08,28.45,21.86,0,0,0,0,0,0
5.83,29.62,109.32,51.15,12.93,105.6,55.28,162.23,214.43,167.2,30.91,147.06,62.15,41.72,29.45,22.21,0,0,0,0,0,0
4.86,25.43,93.4,44.45,11.04,89.92,49.71,139.8,182.01,145.61,27.2,128.32,55.43,36.04,25.17,18.88,0,0,0,0,0,0
4.17,20.84,72.97,35.45,8.89,67.56,41.17,104.47,135.78,109.69,22.23,103.67,45.8,26.43,19,15.14,0,0,0,0,0,0
4.33,20.46,74.26,32.75,8.83,57.83,38.66,89.49,117.1,89.01,20.78,93.64,42.17,21.32,15.32,13.48,0,0,0,0,0,0
8.6,39.3,166.57,60.11,19.29,97,70.43,153.24,202.57,133,38.21,157.17,72.06,32.73,21.27,21.11,0,0,0,0,0,0
11.68,53.77,238.87,82.18,27.35,129.63,96.48,206.48,273.4,170.64,52.11,208.72,96.1,42.18,26.16,27.02,0,0,0,0,0,0
12.27,56.09,248.7,85.42,28.57,134.4,100.25,213.84,283.41,176.34,54.25,217.02,100.02,43.65,27.14,28.17,0,0,0,0,0,0
12.07,54.12,231.94,81.64,27.09,129.21,95.44,203.55,270.46,172.1,52.26,211.7,97.33,42.63,27.52,28.4,0,0,0,0,0,0
12.71,56.06,231.97,83.48,27.51,132.37,97.24,206.46,276.05,178.62,54.05,221.45,101.53,44.36,29.51,30.67,0,0,0,0,0,0
13.17,59.52,246.05,89.41,28.9,143.84,103.6,224.76,299.93,196.22,58.21,238.95,108.93,49.2,32.53,33.47,0,0,0,0,0,0
14.37,68.66,292.32,105.88,33.15,177.78,121.54,280.34,371.35,243.61,68.57,281.24,127.16,62.26,39.88,39.32,0,0,0,0,0,0
15.97,77.61,319.06,119.39,36,210.05,135.32,329.47,435.59,296.18,78.87,326.8,147.08,77.6,50.38,48.26,0,0,0,0,0,0
17.63,88.02,355.6,135.96,39.71,248.92,152.28,390.6,515.39,359.74,90.77,380.25,170.13,96.07,62.13,57.8,0,0,0,0,0,0
17.77,89.36,361.66,138.73,40.42,255.35,155.32,401.07,528.12,370.89,92.92,388.4,173.97,99.22,63.95,59.09,0,0,0,0,0,0
17.62,88.58,361.72,138.46,40.52,253.77,156.32,398.83,525.72,367.61,92.73,386.02,173.87,97.69,62.59,57.95,0,0,0,0,0,0
18.02,90.67,373.05,141.29,41.74,258.26,158.74,406.64,538,373.82,94.39,392.58,176.13,99.62,63.32,58.85,0,0,0,0,0,0
15.7,78.92,329.98,124.77,36.92,230.05,139.96,362.55,478.9,331.85,82.07,342.2,153.08,87.77,55.8,50.6,0,0,0,0,0,0
13.12,65.86,270.33,104.93,30.31,197.63,116.73,310.1,410.77,288.93,68.74,291.06,129.2,76.22,49.27,43.75,0,0,0,0,0,0
13.64,65.77,264.69,104.07,30.4,196.3,114.27,305.54,406.09,288.69,67.65,289.3,127.66,75.72,50.16,44.07,0,0,0,0,0,0
14.86,67.08,259,105.27,31.1,196.08,113.29,300.27,403.89,289.07,67.07,294.62,127.54,74.29,52.05,45.7,0,0,0,0,0,0
12.91,57.38,219.8,90.62,26.7,165.04,96.2,250.82,338.9,241.59,57.31,252.57,107.8,61.03,44.1,39.42,0,0,0,0,0,0
7.18,33.41,123.34,55.7,14.73,109.18,57.17,165.63,222.78,166.42,34.88,158.54,66.04,41.97,30.67,25.71,0,0,0,0,0,0
6.35,29.95,109.28,50.2,13.17,100.49,51.32,152.33,203.62,155.62,31.33,143.53,59.76,39.27,28.56,23.26,0,0,0,0,0,0
5.98,28.65,105.83,48.58,12.63,98.43,50.25,149.72,198.73,152.51,30.03,137.81,57.75,38.32,27.63,21.96,0,0,0,0,0,0
6.19,30.46,111.83,52.23,13.25,105.96,56.46,162.77,212.37,166.32,32.28,149.28,64.03,41.55,29.64,22.9,0,0,0,0,0,0
5.18,25.91,94.68,45.1,11.17,89.89,50.59,139.17,180.77,143.23,28.26,129.15,56.8,35.23,24.92,19.4,0,0,0,0,0,0
4.61,22.16,77.35,37.71,9.38,70.48,43.53,108.7,141.34,113.17,24.15,109.3,49.33,27.2,19.64,16.4,0,0,0,0,0,0
5.09,23.42,84.74,38.49,10.14,64.84,44.26,100.56,130.67,99.99,24.26,107.96,50.07,23.93,17.16,16.02,0,0,0,0,0,0
10.21,46.55,194.18,74.74,22.62,115.58,84.32,182.84,238.68,162.37,45.9,193.6,91.28,39.94,25.94,26.88,0,0,0,0,0,0
15.04,68.67,294.38,111.69,34.1,166.57,124.47,265.16,346.47,230.42,68.26,283.17,135.88,56.86,35.53,39.07,0,0,0,0,0,0
18.06,80.3,336.1,132.13,39.23,192.39,145.06,305.67,399.43,270.44,81.8,336.52,164.91,66.69,42,48.4,0,0,0,0,0,0
19.19,83.43,336.71,137.79,39.86,198.63,149.48,313.37,410.13,284.89,86.05,355.95,176.03,70.18,45.33,53.11,0,0,0,0,0,0
19.39,84.82,337.26,139.37,40.24,203.71,150.67,319.64,419.2,294.58,86.22,364.49,178.24,72.94,47.77,54.46,0,0,0,0,0,0
18.44,83.72,337.22,137.29,39.82,208.39,148.95,327.63,429.62,301.99,84.25,361.31,172.8,75.64,49.21,53.07,0,0,0,0,0,0
17.9,85.18,354.25,138.73,40.61,222.51,152.66,352.01,462.53,318.33,86.22,365.85,170.82,80.97,51.61,52.8,0,0,0,0,0,0
18.14,88.06,358.67,139.88,40.5,237.87,154.94,374.12,493.11,341.27,90.06,380.47,174.74,88.94,57.26,56.67,0,0,0,0,0,0
18.37,90.74,364.94,141.45,40.79,249.48,157.78,391.03,516.11,357.84,93.77,392.88,178.7,94.87,61.31,59.81,0,0,0,0,0,0
17.96,89.38,359.21,138.72,40.37,248.09,155.38,389.41,514.78,360.21,93.13,388.15,175.75,95.89,61.67,59.22,0,0,0,0,0,0
17.56,87.54,354.8,136.36,40.04,243.74,154.34,383.41,506.07,353.9,91.72,380.62,172.54,93.78,60.06,57.26,0,0,0,0,0,0
17.74,88,360.63,136.13,40.57,241.87,154.03,380.6,502.3,345.87,91.69,377.12,170.52,91.86,58.69,56.6,0,0,0,0,0,0
15.43,76.37,317.91,119.43,35.72,213.99,135.03,336.88,444.58,304.87,79.58,327.12,147.72,80.38,51.22,48.44,0,0,0,0,0,0
12.8,62.88,254.67,98.32,28.95,177.61,110.38,278.7,368.94,259.26,65.93,273.88,123.08,68.27,44.2,41.42,0,0,0,0,0,0
13.22,62.55,248.39,97.05,28.82,175.03,107.74,272.43,362.11,255.82,64.5,271.32,121.02,66.91,44.48,41.45,0,0,0,0,0,0
14.5,63.84,243.26,98.13,29.52,175.33,106.61,266.96,360.82,255.47,64.04,275.64,120.94,65.17,46.15,43.02,0,0,0,0,0,0
12.85,56.23,213.37,87.9,26.04,156.19,93.79,236.67,321.1,227.2,56.48,245.63,105.75,57.06,41.54,38.59,0,0,0,0,0,0
6.91,31.37,113.14,51.41,13.89,97.04,52.94,146.63,197.07,148.87,32.78,147.07,61.59,37.28,27.74,24.08,0,0,0,0,0,0
6.21,28.83,103.3,47.8,12.73,93.5,48.91,141.55,188.93,146.3,30.19,137.32,57.34,36.81,27.02,22.41,0,0,0,0,0,0
6.05,29.34,109,49.97,12.9,102,51.61,155.62,206.26,158.15,30.71,141.82,59.23,39.89,28.59,22.5,0,0,0,0,0,0
6.15,30.33,111.79,52.42,13.16,107.31,56.81,164.64,216.62,167.55,32.15,149.5,63.9,41.66,29.74,22.93,0,0,0,0,0,0
5.16,25.83,94.45,45.2,11.14,90.55,50.78,140.16,182.83,144.09,28.18,129.24,56.69,35.34,25.05,19.44,0,0,0,0,0,0
4.6,22.03,75.92,37.27,9.35,69.1,43,106.71,139.13,112.89,24.07,108.78,49.18,27.16,19.54,16.39,0,0,0,0,0,0
4.99,22.84,81.82,37.21,9.85,61.49,42.99,95.21,124.69,95.45,23.68,105.03,48.98,22.7,16.25,15.58,0,0,0,0,0,0
10.14,46.22,192.75,74.06,22.44,114.15,83.67,180.32,236.8,160.19,45.59,192.07,90.76,39.3,25.41,26.65,0,0,0,0,0,0
15.01,68.54,294.05,111.55,34.01,166.55,124.4,264.98,347.18,229.99,68.12,282.83,135.69,56.67,35.37,38.99,0,0,0,0,0,0
18.03,80.18,335.63,131.94,39.16,192,144.91,305.01,398.92,269.68,81.67,336.01,164.68,66.45,41.84,48.32,0,0,0,0,0,0
19.18,83.33,336.18,137.59,39.82,198.13,149.29,312.57,409.21,284.23,85.95,355.44,175.83,69.99,45.21,53.05,0,0,0,0,0,0
19.4,84.8,337.17,139.39,40.25,203.76,150.69,319.73,419.13,294.68,86.21,364.38,178.19,72.96,47.82,54.47,0,0,0,0,0,0
18.44,83.76,338.07,137.48,39.82,208.85,149.22,328.3,429.64,301.1,84.23,361.25,172.71,75.4,49.14,52.98,0,0,0,0,0,0
18.06,85.99,357.9,140.19,41.02,226.13,153.94,357.69,468.72,323.94,87.08,369.47,172.42,82.59,52.69,53.37,0,0,0,0,0,0
18.25,88.63,360.86,140.67,40.81,239.01,155.55,376.3,493.4,343.58,90.63,382.56,175.71,89.8,57.87,56.97,0,0,0,0,0,0
18.36,90.5,362.93,140.61,40.73,246.24,156.82,386.41,508.3,354.37,93.51,391.04,178.05,94.14,60.84,59.56,0,0,0,0,0,0
17.92,89.47,360.72,139.05,40.32,248.87,155.91,390.72,515.52,358.88,93.09,388.56,175.73,95.56,61.5,59.08,0,0,0,0,0,0
17.53,87.67,356.25,136.59,40.02,244.56,154.67,384.48,507.61,353.34,91.79,381.14,172.78,93.64,59.89,57.19,0,0,0,0,0,0
17.69,87.78,358.8,135.4,40.45,239.72,153.22,377.38,498.8,344.34,91.49,376.11,170.21,91.51,58.3,56.49,0,0,0,0,0,0
15.42,76.33,317.14,119.27,35.7,213.72,134.81,336.47,445.3,305.98,79.6,327.35,147.85,80.65,51.28,48.54,0,0,0,0,0,0
12.92,63.31,257.13,99.41,29.22,180.73,111.45,283.38,374.04,262.89,66.39,275.68,123.81,69.18,45.02,41.75,0,0,0,0,0,0
13.13,61.81,245.8,95.93,28.52,172.55,106.81,268.11,356.53,250.14,63.73,267.23,119.33,65.2,43.58,40.85,0,0,0,0,0,0
14.58,64.14,244.34,98.72,29.73,176.46,107.1,268.96,361.9,257.64,64.36,276.84,121.41,65.82,46.71,43.26,0,0,0,0,0,0
12.84,55.94,211.92,87.25,25.96,154.06,93.11,233.39,315.64,223.89,56.17,243.56,104.99,56.22,41.09,38.3,0,0,0,0,0,0
6.86,31.24,113.3,51.04,13.76,96.25,52.64,145.04,195.32,145.99,32.6,146.01,61.3,36.52,27.14,23.8,0,0,0,0,0,0
6.16,28.69,103.59,47.53,12.59,93.28,48.75,140.73,188.68,144.01,30.01,136.37,57.06,36.14,26.5,22.16,0,0,0,0,0,0
5.88,28.4,104.47,47.89,12.43,96,49.64,146.37,193.89,149.02,29.67,136.71,57.19,37.51,26.98,21.66,0,0,0,0,0,0
6.07,29.57,107.75,50.85,12.88,103.05,55.23,157.9,208,162.07,31.42,145.34,62.33,40.15,28.81,22.41,0,0,0,0,0,0
5.16,25.78,94.51,44.89,11.1,89.91,50.42,138.76,181.35,142.5,28.15,128.41,56.61,34.94,24.69,19.3,0,0,0,0,0,0
4.55,21.91,76.45,37.05,9.22,68.88,42.9,105.93,138.46,110.21,23.88,107.81,48.88,26.41,18.99,16.11,0,0,0,0,0,0
5.01,23.03,83.11,37.66,9.92,62.71,43.49,97.11,126.67,96.3,23.83,105.89,49.27,22.93,16.45,15.66,0,0,0,0,0,0
10.11,46.09,192.5,73.83,22.36,113.49,83.52,179.3,235.04,158.28,45.4,191.25,90.38,38.79,25.11,26.46,0,0,0,0,0,0
14.98,68.51,293.66,111.36,33.98,165.75,124.2,263.94,345.55,229.25,68.07,282.71,135.63,56.54,35.23,38.95,0,0,0,0,0,0
18.03,80.15,335.3,131.81,39.15,191.55,144.75,304.36,398.05,269.38,81.64,335.85,164.64,66.4,41.78,48.3,0,0,0,0,0,0
19.19,83.38,336.45,137.67,39.85,198.26,149.36,312.8,409.21,284.31,85.99,355.6,175.9,70.03,45.24,53.06,0,0,0,0,0,0
19.42,84.9,338.08,139.66,40.29,204.64,150.98,320.94,420.52,295.05,86.3,364.7,178.34,73.03,47.91,54.49,0,0,0,0,0,0
18.48,83.94,339.27,137.81,39.9,210.11,149.52,329.89,432.25,302.33,84.45,361.9,173.13,75.7,49.29,53.08,0,0,0,0,0,0
17.94,85.33,355.18,138.81,40.68,222.59,152.66,351.9,461.66,317.74,86.38,365.83,171.04,80.9,51.54,52.77,0,0,0,0,0,0
18.13,87.74,357.03,139.31,40.44,235.89,154.38,371.2,487.6,338.2,89.72,378.33,173.83,88.14,56.96,56.4,0,0,0,0,0,0
18.47,91.27,366.02,142.24,41.08,250.88,158.37,393.86,519.07,362.86,94.35,395.86,179.86,96.38,62.24,60.36,0,0,0,0,0,0
18.01,89.87,361.62,139.8,40.56,250.75,156.5,393.92,519.92,363.96,93.58,391.01,176.7,96.94,62.39,59.59,0,0,0,0,0,0
17.69,88.05,357.6,137.58,40.35,247.65,155.49,389.04,513.72,359.16,92.33,383.01,173.63,95.08,61.03,57.73,0,0,0,0,0,0
17.7,87.68,359.2,135.4,40.41,240.51,153.27,377.93,500.55,343.91,91.43,375.36,170.05,91.25,58.17,56.39,0,0,0,0,0,0
15.34,75.92,315.42,118.47,35.5,211.42,134.11,332.96,440.3,301.89,79.12,325.16,146.9,79.56,50.6,48.15,0,0,0,0,0,0
12.78,62.67,254.92,98.18,28.85,177.84,110.39,278.52,368.81,257,65.69,272.44,122.53,67.53,43.84,41.15,0,0,0,0,0,0
13.25,62.43,249.06,97.22,28.83,176.15,108.02,273.55,363.16,254.82,64.39,270.11,120.56,66.46,44.45,41.29,0,0,0,0,0,0
14.48,63.93,243.92,98.25,29.52,175.25,106.78,267.07,359.95,254.56,64.04,275.95,120.98,65.01,46.05,42.95,0,0,0,0,0,0
12.82,55.92,211.67,87.01,25.93,153.37,92.83,232.26,314.54,223.28,56.17,243.4,105.04,56.11,40.9,38.26,0,0,0,0,0,0
6.96,31.82,114.88,52.01,14.05,98.61,53.42,149.09,201,152.18,33.27,149.48,62.7,38.26,28.16,24.42,0,0,0,0,0,0
6.27,29.16,105.43,48.58,12.87,96.02,49.71,145.18,194.02,148.97,30.54,138.95,58.03,37.47,27.46,22.63,0,0,0,0,0,0
6,28.98,106.88,48.93,12.73,98.92,50.5,150.76,199.83,154.22,30.35,139.48,58.48,38.92,27.87,22.16,0,0,0,0,0,0
6.09,29.95,109.98,51.13,12.94,103.96,55.41,158.86,210.18,162.58,31.81,146.74,63.27,40.42,28.65,22.49,0,0,0,0,0,0
5.16,26,94.98,45.44,11.18,91.23,50.99,141.33,185.09,145.9,28.37,130.5,57.19,35.85,25.25,19.62,0,0,0,0,0,0
4.64,22.41,78.81,38.26,9.46,72.3,44.1,111.37,145.55,115.42,24.41,110.76,49.92,27.76,19.95,16.59,0,0,0,0,0,0
5.33,24.04,85.64,39.02,10.38,65.98,44.64,102.09,133.09,102.67,24.67,110.22,51.15,24.75,17.82,16.55,0,0,0,0,0,0
10.43,47.01,194.23,74.87,22.74,115.21,84.54,181.63,238.34,161.49,46.08,194.93,91.96,39.64,25.93,27.2,0,0,0,0,0,0
15.23,69.18,295.2,112.16,34.25,167.27,125.04,265.84,348.28,231.05,68.52,285.18,136.7,56.96,35.76,39.44,0,0,0,0,0,0
18.34,80.99,337.08,132.75,39.5,193.06,145.75,306.15,400.64,271.32,82.23,338.95,166,66.85,42.38,48.9,0,0,0,0,0,0
19.67,84.62,338.49,138.92,40.37,199.94,150.68,314.47,412.44,287.09,86.87,360.19,177.98,70.63,46.07,53.99,0,0,0,0,0,0
20.08,86.63,340.59,141.27,41.03,206.32,152.66,322.35,423.78,298.58,87.5,371.08,181.22,73.81,48.97,55.76,0,0,0,0,0,0
18.94,84.77,338.81,138.21,40.31,209.42,149.9,328.13,430.62,302.88,84.76,364.37,174.23,75.71,49.79,53.69,0,0,0,0,0,0
17.9,84.28,351.39,137.25,40.35,219.75,151.1,347.03,455.28,311.7,84.92,360.01,168.45,79.03,50.65,51.81,0,0,0,0,0,0
17.9,85.98,351.06,136.56,39.88,230.76,151.31,362.94,478.06,330.43,87.49,369.55,170.03,85.79,55.36,54.75,0,0,0,0,0,0
18.18,89.26,361.03,139.79,40.64,247.56,155.27,388.66,512.02,357.85,91.88,386.02,175.48,94.72,61.09,58.38,0,0,0,0,0,0
17.68,87.5,356.02,137.09,40.04,247.31,153.16,388.45,511.83,357.65,90.77,379.29,171.47,94.85,61.11,57.32,0,0,0,0,0,0
17.33,85.92,352.71,135.37,39.85,245.06,152.77,385.58,507.89,354.72,89.69,373.34,168.9,93.56,60.09,55.69,0,0,0,0,0,0
17.46,85.93,356.2,133.94,40.16,239.68,151.21,377.1,496.67,341.47,89.2,366.86,165.91,90.3,57.77,54.59,0,0,0,0,0,0
15.12,74.18,311.15,116.49,35.12,208.87,131.7,328.9,433.96,296.95,77.02,316.41,142.97,77.94,49.71,46.51,0,0,0,0,0,0
12.81,62.12,253.22,97.75,28.93,178.47,109.43,279.57,370.34,260.07,64.82,269.86,121.23,68.16,44.35,40.68,0,0,0,0,0,0
13.71,63.67,252.85,99.26,29.49,181.78,109.89,281.67,375.43,263.97,65.02,275.86,122.68,68.63,46.21,42.15,0,0,0,0,0,0
15.82,67.26,249.59,101.78,31.1,181.21,110.23,273.87,370.56,265.63,66.42,287.96,126.54,67.65,48.97,45.49,0,0,0,0,0,0
14.18,59.43,217.83,90.79,27.56,160.16,96.52,240.65,326.06,235.82,58.72,256.12,110.9,59.33,44.22,40.99,0,0,0,0,0,0
7.51,32.5,113.65,51.8,14.32,97.41,53.3,145.66,196.99,149.38,33.26,149.62,63.2,37.42,28.33,24.86,0,0,0,0,0,0
6.69,30.12,106.3,49.07,13.06,96.56,50.42,145.24,194.99,148.22,30.73,141.88,59.27,37.3,27.79,23.23,0,0,0,0,0,0
6.34,29.43,105.63,48.77,12.78,98.42,50.45,149.21,199.63,153.21,30.23,140.39,58.93,38.61,28.06,22.61,0,0,0,0,0,0
6.54,30.8,109.47,51.91,13.36,105.4,55.95,161.18,213.06,168.16,32.29,149.97,64.58,42.01,30.22,23.53,0,0,0,0,0,0
5.33,25.55,91.27,43.76,11.03,86.9,49.02,133.98,174.33,139.59,27.67,125.78,55.79,34.36,24.56,19.24,0,0,0,0,0,0
4.79,22.17,76.04,37.24,9.36,69.97,42.92,107.25,140.66,112.53,23.94,108.26,49.18,27.03,19.7,16.51,0,0,0,0,0,0
5.35,23.93,85.85,38.92,10.34,66.28,44.56,101.96,133.37,101.55,24.58,109.14,50.88,24.34,17.62,16.41,0,0,0,0,0,0
10.51,47.4,196.7,75.71,22.92,118.01,85.36,185.51,243.9,164.49,46.51,196.64,92.8,40.38,26.42,27.45,0,0,0,0,0,0
15.26,69.33,296.28,112.48,34.31,168.43,125.35,267.36,350.63,232.07,68.69,285.77,137.04,57.21,35.91,39.52,0,0,0,0,0,0
18.35,81.05,338.03,133.08,39.52,194.48,146.15,308,403.62,272.17,82.3,339.26,166.13,66.96,42.5,48.94,0,0,0,0,0,0
19.7,84.8,339.31,139.28,40.46,200.79,151.03,315.89,413.86,288.34,87.04,361.07,178.3,70.99,46.33,54.12,0,0,0,0,0,0
20.09,86.68,340.71,141.35,41.06,206.34,152.72,322.5,423.54,298.8,87.55,371.31,181.29,73.9,49.05,55.79,0,0,0,0,0,0
18.91,84.77,339.37,138.39,40.27,210.14,150.19,329.2,432.27,302.89,84.72,364.62,174.21,75.65,49.77,53.66,0,0,0,0,0,0
18,85.06,354.88,138.76,40.68,223.66,152.53,353.37,463.22,317.95,85.71,364.23,170.08,80.77,51.74,52.42,0,0,0,0,0,0
18.06,86.8,354.45,138.22,40.3,235.31,152.81,370.13,487.59,338.51,88.42,374.04,171.85,87.97,56.78,55.52,0,0,0,0,0,0
17.95,87.95,354.28,137.04,40.02,239.98,152.62,376.97,497.79,347.7,90.52,379.59,172.87,91.98,59.2,57.42,0,0,0,0,0,0
17.4,86.08,348.97,133.9,39.3,238.18,150.11,374.44,493.99,344.48,89.22,371.97,168.54,91.41,58.67,56.1,0,0,0,0,0,0
17.14,85.12,349.33,133.36,39.36,238.98,150.89,376.21,494.83,344.17,88.71,368.57,167.06,90.91,58.19,54.74,0,0,0,0,0,0
17.31,85.32,353.59,132.24,39.78,234.91,149.54,369.4,487.09,333.6,88.52,363.13,164.69,88.32,56.2,53.88,0,0,0,0,0,0
15.13,74.26,310.1,116.21,35.16,207.19,131.25,326.93,430.7,297.26,77.11,316.9,143.19,78.23,49.76,46.62,0,0,0,0,0,0
12.76,62,253.08,97.46,28.83,177.3,109.23,277.9,367.04,257.06,64.6,268.95,120.8,67.43,43.89,40.41,0,0,0,0,0,0
13.52,62.23,246.7,96.31,28.87,173.75,107.07,268.65,357.53,250,63.5,267.17,119.4,64.86,43.89,40.82,0,0,0,0,0,0
15.71,66.61,247.36,100.83,30.79,179.15,109.49,270.39,366.66,260.94,65.72,284.84,125.16,66.23,48.14,44.99,0,0,0,0,0,0
14.06,59.3,218.74,90.72,27.31,160.38,96.75,240.86,327.19,233.01,58.42,255.92,110.62,58.52,43.57,40.67,0,0,0,0,0,0
7.31,32.58,116.51,52.74,14.35,100.57,54.23,150.29,204.43,151.83,32.73,151.34,63.39,37.93,28.44,24.59,0,0,0,0,0,0
6.54,30.01,107.17,49.51,13.16,98.03,50.6,147.24,198.7,150.67,30.11,142.33,59.14,37.83,27.98,22.98,0,0,0,0,0,0
6.37,30.68,112.56,51.77,13.49,106.2,52.98,161.45,215.66,166.03,30.96,147.94,61.64,42.09,30.09,23.36,0,0,0,0,0,0
6.31,31.05,112.2,52.93,13.49,107.58,56.78,164.96,218.5,171.48,31.78,152.91,65.18,42.94,30.44,23.34,0,0,0,0,0,0
5.11,26.04,95.41,45.76,11.27,91.94,50.92,142.52,186.21,147.06,27.34,130.94,56.88,36.28,25.56,19.35,0,0,0,0,0,0
4.55,22.34,79.54,38.39,9.51,73.4,43.97,112.93,146.68,115.67,23.28,110.3,49.08,27.93,20.19,16.14,0,0,0,0,0,0
4.79,22.14,79.97,35.74,9.6,61.65,41.4,95.14,123.66,94.34,22.09,100.98,46.02,22.66,16.41,14.67,0,0,0,0,0,0
9.32,42.17,176.42,65.25,20.57,104.13,75.38,163.88,216.54,143.61,40.84,170.71,78.9,35.31,23.17,23.3,0,0,0,0,0,0
12.66,57.72,252.74,89.51,29.09,139.77,103.55,222.08,293.53,186.26,56.14,227.78,105.91,46.01,28.86,30.19,0,0,0,0,0,0
13.79,61.93,268.24,95.9,31.1,147.95,110.4,234.75,310.56,198.39,60.63,244.91,114.81,49.08,30.92,33.04,0,0,0,0,0,0
14.34,62.59,259.87,96.65,30.71,148.73,110.11,233.29,309.81,203.34,61.64,251.74,118.73,50.19,32.89,35.51,0,0,0,0,0,0
15.98,67.92,270.16,104.1,32.57,158.71,117.44,246.61,328.67,221.33,67.47,276.79,131.37,54.72,36.98,40.74,0,0,0,0,0,0
17.01,73.17,290.45,113.7,34.72,173.66,127.37,270.55,359.75,244.46,74.23,302.91,144.37,60.73,40.77,45.29,0,0,0,0,0,0
18.19,82.07,336.97,130.81,38.87,206.23,145.91,324.83,428.97,289.37,85.04,345.01,163.74,72.92,47.3,51.2,0,0,0,0,0,0
19.72,91.06,364.78,144.49,41.71,239.03,159.63,375.3,495.51,343.9,95.43,391.48,184.09,88.85,57.77,60.03,0,0,0,0,0,0
20.33,96.79,384.7,153.03,43.62,265.19,168.52,416.46,550.61,388.43,101.99,422.55,195.92,102.2,66.08,65.67,0,0,0,0,0,0
19.49,95.4,385.12,151.79,43.35,272.88,167.46,429.24,565.03,399.82,100.21,419.15,191.37,105.84,68.2,64.29,0,0,0,0,0,0
18.36,90.79,371.15,144.26,42.04,261.49,161,411.8,540.92,383.33,95.21,397.58,180.72,101.29,64.94,59.77,0,0,0,0,0,0
17.98,89.73,372.63,141.59,41.86,258.01,158.31,406.37,536.67,372.82,93.03,388.49,174.89,98.74,62.81,57.76,0,0,0,0,0,0
15.56,77.71,326.44,123.37,36.77,226.07,137.84,356.6,470.39,327.52,80.41,336.13,150.88,86.4,54.76,49.32,0,0,0,0,0,0
13.11,64.82,267.42,103.61,30.2,193.67,114.98,303.77,399.52,281.49,67.15,284.39,126.65,74.05,48.17,42.45,0,0,0,0,0,0
14,66.02,264.43,104.43,30.71,195.77,114.57,303.82,403.25,286.24,67.13,288.8,127.51,74.67,50.15,43.94,0,0,0,0,0,0
16.05,69.91,262.98,107.77,32.35,197.22,115.9,299.75,403.51,290.55,68.67,303.66,132.06,74.42,53.27,47.49,0,0,0,0,0,0
14.33,61.79,230.05,95.92,28.61,173.92,101.32,262.7,354.91,256.96,60.6,269.98,115.91,65.12,47.68,42.61,0,0,0,0,0,0
7.69,34.86,125.25,56.59,15.46,111.12,57.56,168.01,224.52,172.31,35.26,162.98,67.78,43.95,32.32,26.53,0,0,0,0,0,0
6.65,30.62,109.16,50.1,13.47,100.38,50.96,151.56,201.77,156.21,30.85,144.72,59.86,39.72,29.23,23.44,0,0,0,0,0,0
6.16,29.24,105.96,48.54,12.84,99.18,49.88,150.5,200.23,155.37,29.58,139.65,58.04,39.41,28.45,22.19,0,0,0,0,0,0
6.29,30.59,111.2,52.14,13.34,108.26,56.11,165.52,218.58,170.61,31.48,149.78,63.57,42.69,30.58,23.01,0,0,0,0,0,0
5.01,25.45,93.3,44.42,10.98,90.83,49.72,140.72,183.15,144.56,26.86,127.42,55.02,35.74,25.33,18.89,0,0,0,0,0,0
4.34,20.89,71.85,35.01,8.87,66.68,40.62,102.72,133.45,108.12,21.99,102.62,45.55,26.1,19.02,15.2,0,0,0,0,0,0
4.49,20.29,71.79,31.84,8.77,55.21,37.67,84.83,110.91,85.04,20.38,91.19,41.43,20.26,14.95,13.36,0,0,0,0,0,0
8.88,39.83,167.23,60.51,19.51,97.26,70.91,152.92,202.13,132.29,38.47,158.36,72.7,32.45,21.47,21.45,0,0,0,0,0,0
11.95,54.44,240.17,82.92,27.66,130.89,97.19,207.97,275.36,172.57,52.6,211.02,97.18,42.66,26.75,27.53,0,0,0,0,0,0
12.58,56.92,250.35,86.3,28.91,135.79,101.17,215.38,286.03,178.33,54.84,220.09,101.42,44.12,27.7,28.78,0,0,0,0,0,0
12.57,55.54,234.81,83.19,27.68,131.63,97.03,206.4,275.18,176.06,53.31,217.21,99.8,43.58,28.54,29.45,0,0,0,0,0,0
13.46,58.14,236.62,85.93,28.45,136.48,99.73,211.46,283.34,184.84,55.63,229.31,105.06,45.83,31.14,32.18,0,0,0,0,0,0
13.67,60.7,248.24,90.6,29.43,145.73,104.81,226.6,303.22,198.63,58.86,242.95,110.73,49.66,33.32,34.22,0,0,0,0,0,0
14.26,67.34,286.36,103.2,32.65,171.45,118.73,270.12,358.37,234,66.84,273.69,124.12,59.61,38.21,38.08,0,0,0,0,0,0
15.55,74.96,309,114.79,34.95,199.49,130.59,313.04,415.02,279.77,75.61,313.54,141.33,72.99,47.26,45.8,0,0,0,0,0,0
17.07,84.8,345.52,131.45,38.61,240.57,147.49,377.59,500.21,346.18,86.96,365.35,163.36,91.93,59.31,54.93,0,0,0,0,0,0
17.55,88.19,360.6,138.25,40.36,257.65,154.08,405.32,533.94,376.08,91.35,384.36,171.6,100.33,64.46,57.94,0,0,0,0,0,0
17.43,87.37,359.24,137.39,40.49,253.54,154.31,399.44,525.13,370.85,91.16,380.9,171.3,98.49,62.9,56.75,0,0,0,0,0,0
17.55,87.56,363.48,136.89,40.85,249.6,153.82,393.32,519.13,360.04,90.78,376.94,169.29,95.6,60.77,55.97,0,0,0,0,0,0
15.4,76.78,322.51,121.48,36.32,223.7,136.13,352.78,466.47,324.02,79.6,331.63,148.59,85.48,54.18,48.73,0,0,0,0,0,0
12.97,63.89,262.82,101.47,29.78,189.71,112.87,297.33,392.39,276.6,66.35,279.47,124.56,72.78,47.26,41.84,0,0,0,0,0,0
14.05,66.18,264.38,104.36,30.81,196.74,114.34,305.44,405.78,289.95,67.46,289.58,127.77,75.81,50.79,44.21,0,0,0,0,0,0
16.07,70.01,263.22,107.77,32.41,198.54,115.84,301.89,406.27,293.43,68.88,304.11,132.03,75.31,53.84,47.65,0,0,0,0,0,0
14.25,61.56,229.19,95.55,28.46,174.29,101.11,263.76,355.88,257.6,60.4,269.43,115.07,65.37,47.93,42.52,0,0,0,0,0,0
7.76,34.33,121.67,55.41,15.13,106.72,56.72,160.87,216.07,164.81,35.14,159.75,67.08,41.71,31.05,26.36,0,0,0,0,0,0
6.77,30.11,105.15,48.69,13.18,95.13,49.76,142.96,191.37,148.32,30.85,141.08,59.28,37.44,27.87,23.3,0,0,0,0,0,0
6.42,29.4,104.31,48.22,12.9,96.07,49.59,145.64,193.13,151.81,30.3,139.05,58.76,38.44,27.99,22.57,0,0,0,0,0,0
6.6,31.26,111,52.6,13.58,106.47,56.54,163.41,214.44,170.84,32.73,152.23,65.43,42.91,30.79,23.85,0,0,0,0,0,0
5.31,25.94,93.07,44.53,11.09,88.74,49.87,137.34,179.02,142.54,27.98,128.62,56.68,35.22,24.98,19.52,0,0,0,0,0,0
4.82,22.67,77.56,38,9.53,71.41,43.61,110.15,144.15,116.4,24.41,111.36,50.29,28.23,20.33,16.93,0,0,0,0,0,0
5.27,23.78,84.17,38.44,10.22,64.31,44.09,99.65,130.35,100.7,24.38,109.17,50.67,24.23,17.41,16.37,0,0,0,0,0,0
10.46,47.17,194.58,75.13,22.83,115.83,84.72,182.68,239.88,163.38,46.28,195.87,92.37,40.17,26.25,27.39,0,0,0,0,0,0
15.24,69.14,294.82,112.04,34.25,166.96,124.87,265.3,347.72,231.02,68.51,284.91,136.66,56.96,35.75,39.44,0,0,0,0,0,0
18.39,81.07,337.38,132.95,39.59,193.58,145.89,306.88,401.16,272.23,82.35,339.1,166.12,67.08,42.61,48.99,0,0,0,0,0,0
19.68,84.62,338.56,138.94,40.38,199.94,150.71,314.47,412,286.83,86.86,360.02,177.9,70.57,46.08,53.97,0,0,0,0,0,0
20.07,86.6,340.94,141.41,41.01,207.04,152.88,323.3,425.37,298.76,87.47,371.07,181.16,73.77,49,55.74,0,0,0,0,0,0
18.97,85.06,340.52,138.91,40.41,211.39,150.65,331.27,434.63,305.21,85.03,366.09,174.82,76.32,50.21,53.9,0,0,0,0,0,0
18.02,85.21,355.88,139.1,40.73,224.89,152.89,355.09,466.08,319.33,85.87,365.09,170.46,81.1,51.92,52.53,0,0,0,0,0,0
17.92,86.12,351.5,136.78,39.94,231.28,151.49,363.84,479.31,331.74,87.65,370.38,170.37,86.18,55.56,54.88,0,0,0,0,0,0
18.09,88.69,358.97,138.83,40.38,244.95,154.47,384.53,505.91,352.36,91.23,382.84,174.1,93.19,60.24,57.84,0,0,0,0,0,0
17.64,87.4,356.11,136.77,39.94,246.6,152.88,387.05,510.16,355.29,90.63,378.37,171.23,94.23,60.63,57.09,0,0,0,0,0,0
17.31,85.9,353.09,134.85,39.78,243.13,152.19,382.38,502.33,350.3,89.6,371.97,168.67,92.58,59.32,55.34,0,0,0,0,0,0
17.26,84.78,350.2,131.13,39.6,232.02,148.36,364.88,482.19,331.23,88.06,360.6,163.73,87.63,55.74,53.65,0,0,0,0,0,0
15.05,73.81,309.42,115.69,34.91,206.7,130.96,325.52,429.87,293.58,76.61,314.55,142.21,77.04,49.07,46.19,0,0,0,0,0,0
12.77,62.13,255.01,98.32,28.86,180.51,110.31,282.58,373.96,259.43,64.7,270.17,121.05,67.83,44.31,40.54,0,0,0,0,0,0
13.72,63.21,251.03,98.02,29.37,178.42,108.5,275.65,366.48,257.68,64.61,271.61,121.51,67,45.22,41.58,0,0,0,0,0,0
15.84,67.32,249.97,102.2,31.18,182.02,110.73,275.5,371.09,266.41,66.43,288.34,126.43,67.84,49.34,45.56,0,0,0,0,0,0
14.11,59.48,218.3,91.06,27.47,161.16,96.95,242.44,329.81,237.13,58.7,257.45,111.17,59.62,44.28,41.08,0,0,0,0,0,0
7.53,33.12,116.77,53.12,14.5,100.92,54.68,151.5,205.02,154.47,33.83,153.64,64.58,38.82,29.12,25.33,0,0,0,0,0,0
6.75,30.31,107.34,49.46,13.17,98.05,50.74,147.21,198.35,150.38,30.99,142.77,59.77,37.83,28.1,23.42,0,0,0,0,0,0
6.44,30.01,108.42,49.65,13.02,100.91,51.18,152.77,204.63,156.89,30.87,142.9,60.22,39.68,28.6,22.98,0,0,0,0,0,0
6.51,30.88,110.46,51.5,13.29,103.96,55.49,158.62,209.11,164.34,32.3,149.25,64.66,41.2,29.44,23.22,0,0,0,0,0,0
5.31,26.09,93.98,44.58,11.11,88.94,49.87,137.41,179.43,142.4,28.14,129.02,57.05,35.25,24.84,19.53,0,0,0,0,0,0
4.73,22.22,76.28,37.33,9.29,69.75,43.12,107.45,140.39,112.08,23.88,109.04,49.23,27,19.62,16.49,0,0,0,0,0,0
5.32,23.9,85.3,38.84,10.32,65.63,44.5,101.4,132.15,101.43,24.52,109.37,50.81,24.37,17.63,16.42,0,0,0,0,0,0
10.5,47.36,195.65,75.54,22.93,117.07,85.11,184.5,242.22,164.95,46.49,196.75,92.77,40.57,26.53,27.53,0,0,0,0,0,0
15.26,69.26,295.5,112.26,34.3,167.61,125.08,266.22,348.87,231.7,68.64,285.38,136.89,57.14,35.87,39.5,0,0,0,0,0,0
18.35,80.95,336.95,132.68,39.49,192.98,145.66,305.88,400.44,271.12,82.21,338.61,165.93,66.77,42.34,48.88,0,0,0,0,0,0
19.7,84.79,339.39,139.32,40.46,201.17,151.08,316.32,415.01,288.85,87.06,361.14,178.36,71.08,46.37,54.15,0,0,0,0,0,0
20.14,86.89,341.91,141.88,41.17,208.04,153.24,325,427.05,301.03,87.79,372.42,181.75,74.44,49.44,55.98,0,0,0,0,0,0
18.97,84.96,340.25,138.7,40.39,211.3,150.39,330.65,434.78,304.81,84.99,365.33,174.71,76.14,50.05,53.84,0,0,0,0,0,0
18.03,85.05,354.67,138.68,40.72,223.52,152.37,352.97,462.86,318.15,85.76,363.92,170.1,80.82,51.77,52.44,0,0,0,0,0,0
18.1,87,355.01,138.54,40.43,235.75,153.07,371.07,487.68,339.75,88.62,374.85,172.16,88.38,57.11,55.67,0,0,0,0,0,0
17.98,88.1,355.53,137.58,40.1,241.54,153.23,379.37,500.37,348.85,90.65,380.37,173.07,92.24,59.5,57.51,0,0,0,0,0,0
17.4,86.12,349.19,134.16,39.32,239.24,150.42,376.05,496.91,346.18,89.27,372.63,168.71,91.77,58.92,56.23,0,0,0,0,0,0
17.15,85.03,347.96,133.28,39.38,239.09,150.73,376.44,496.62,346.78,88.73,368.84,167.13,91.5,58.56,54.97,0,0,0,0,0,0
17.18,84.61,349.83,131.11,39.45,232.01,148.57,365.22,482.7,330.33,87.78,360.53,163.32,87.31,55.59,53.53,0,0,0,0,0,0
15.04,73.84,309.62,115.61,34.9,206.63,130.85,325.21,430.06,293.43,76.66,314.57,142.36,77.02,48.94,46.17,0,0,0,0,0,0
12.74,61.9,253.88,97.49,28.75,177.95,109.41,278.42,367.93,255.43,64.46,268.17,120.51,66.89,43.6,40.2,0,0,0,0,0,0
13.49,62.25,246.77,96.47,28.85,174.11,107.29,269.47,358.72,250.66,63.49,267.79,119.46,65.02,43.99,40.87,0,0,0,0,0,0
15.83,67.46,251.82,102.5,31.16,183.21,111.13,276.94,373.24,265.67,66.51,288.76,126.67,67.63,49.13,45.47,0,0,0,0,0,0
14.12,59.12,217.07,90.11,27.36,158.51,95.92,237.73,322.44,231.74,58.36,254.07,110.2,58.23,43.45,40.59,0,0,0,0,0,0
7.53,32.45,113.59,51.82,14.35,97.69,53.31,145.86,197.19,149.41,33.24,149.12,63.05,37.36,28.39,24.84,0,0,0,0,0,0
6.76,30.07,105.71,48.9,13.14,96.4,50.09,144.58,194.56,148.84,30.8,141.15,59.24,37.42,27.9,23.29,0,0,0,0,0,0
6.42,29.59,106.91,49,12.91,99.22,50.58,149.88,199.78,153.11,30.44,140.09,59.13,38.59,28.13,22.6,0,0,0,0,0,0
6.42,30.12,107.87,50.51,12.98,102.1,54.73,155.24,205.41,159.55,31.51,145.45,63,39.65,28.65,22.68,0,0,0,0,0,0
5.27,25.61,92.65,44.07,10.94,87.86,49.54,135.5,176.29,138.68,27.6,126.37,55.83,34.09,24.37,19.12,0,0,0,0,0,0
4.84,22.48,77.9,38.08,9.52,71.93,43.82,110.57,143.33,114.38,24.19,109.78,49.59,27.55,20.23,16.69,0,0,0,0,0,0
5.34,24,85.77,39.07,10.36,66.64,44.7,102.75,134.92,103.12,24.66,110.03,51.13,24.76,17.83,16.56,0,0,0,0,0,0
10.5,47.45,195.96,75.72,22.95,117.65,85.3,185.45,243.94,166.12,46.58,197.49,93.02,40.88,26.68,27.64,0,0,0,0,0,0
15.24,69.2,295.27,112.18,34.25,167.52,125.05,266.11,349.25,231.6,68.57,285.36,136.83,57.09,35.8,39.48,0,0,0,0,0,0
18.36,81.15,337.89,133.11,39.56,194.1,146.11,307.77,402.86,272.78,82.39,339.84,166.34,67.23,42.63,49.04,0,0,0,0,0,0
19.71,84.84,339.77,139.39,40.48,201.23,151.15,316.42,414.59,288.5,87.09,361.16,178.38,71.02,46.36,54.13,0,0,0,0,0,0
20.1,86.66,340.96,141.44,41.06,207.02,152.83,323.26,425.22,299.27,87.55,371.24,181.31,73.94,49.1,55.81,0,0,0,0,0,0
18.99,84.99,340.5,138.91,40.43,211.96,150.64,331.7,435.95,305.57,85.02,365.58,174.72,76.3,50.25,53.9,0,0,0,0,0,0
18.02,85.09,354.56,138.62,40.72,223.1,152.28,352.49,461.98,318.02,85.78,364.12,170.18,80.85,51.74,52.45,0,0,0,0,0,0
18.01,86.78,354.3,138.11,40.23,234.79,152.75,369.56,486.79,337.78,88.34,374.17,171.81,87.83,56.61,55.46,0,0,0,0,0,0
18.02,88.31,356.83,138.14,40.2,243.15,153.82,381.86,503.31,350.6,90.85,381.44,173.44,92.67,59.86,57.66,0,0,0,0,0,0
17.57,86.93,352.17,135.55,39.77,242.2,151.56,381.09,501.56,352.18,90.15,376.37,170.29,93.56,60.15,56.87,0,0,0,0,0,0
17.23,85.21,348.68,133.67,39.54,239.79,151.04,377.65,496.72,347.9,88.94,369.33,167.35,91.85,58.95,55.1,0,0,0,0,0,0
17.2,84.48,349.09,130.78,39.45,231.41,148.14,363.89,481.58,329.81,87.73,359.5,163.13,87.13,55.46,53.47,0,0,0,0,0,0
15.02,73.71,308.64,115.31,34.84,205.69,130.54,323.92,428.56,292.86,76.53,314.15,142.14,76.88,48.82,46.13,0,0,0,0,0,0
12.66,61.13,249.26,95.73,28.48,172.53,107.58,270.25,356.32,249.04,63.7,263.81,118.82,65.26,42.6,39.65,0,0,0,0,0,0
13.56,62.39,246.93,96.57,28.98,174.43,107.24,269.79,359.28,252.24,63.72,268.13,119.82,65.47,44.26,41.04,0,0,0,0,0,0
15.76,67.06,248.56,101.3,30.98,179.63,109.78,271.59,367.33,263.39,66.18,286.99,126.11,67.11,48.57,45.3,0,0,0,0,0,0
14.11,59.28,217.75,90.5,27.4,159.63,96.34,239.67,325.55,233.83,58.51,255.5,110.65,58.77,43.75,40.78,0,0,0,0,0,0
7.58,33.06,116.97,53.08,14.55,100.84,54.63,151.06,203.13,153.01,33.78,152.44,64.22,38.41,29.05,25.19,0,0,0,0,0,0
6.69,29.87,104.67,48.3,13,94.34,49.51,141.57,190.1,145.71,30.54,139.94,58.76,36.69,27.35,23.02,0,0,0,0,0,0
6.52,30.17,110.14,50.24,13.17,102.66,51.8,155.15,206.12,157.22,31.03,142.89,60.26,39.7,28.9,22.99,0,0,0,0,0,0
6.49,30.73,110.17,51.76,13.25,105.03,55.93,160.39,211.45,165.11,32.11,149.12,64.25,41.22,29.69,23.23,0,0,0,0,0,0
5.39,26.55,96.01,45.96,11.37,92.98,51.3,143.98,188.39,149.05,28.63,132.36,58.06,36.88,26.07,20.11,0,0,0,0,0,0
4.81,22.48,77.86,38.14,9.47,72.43,43.94,111.35,145.58,115.43,24.19,110.34,49.73,27.76,20.28,16.76,0,0,0,0,0,0
5.21,23.36,82.65,37.67,10.03,62.47,43.4,96.5,126.43,96.89,23.94,106.77,49.75,23.15,16.74,15.99,0,0,0,0,0,0
10.43,47.04,194.2,74.89,22.75,115.36,84.53,181.83,239.18,162.29,46.14,195.25,92.13,39.85,26.01,27.27,0,0,0,0,0,0
15.24,69.17,295.06,112.05,34.25,166.98,124.89,265.28,347.67,230.77,68.53,284.95,136.7,56.91,35.69,39.42,0,0,0,0,0,0
18.33,80.92,336.89,132.6,39.46,192.75,145.59,305.5,399.95,270.55,82.17,338.41,165.85,66.63,42.23,48.82,0,0,0,0,0,0
19.68,84.67,338.8,139,40.39,200.08,150.76,314.7,412.48,287.14,86.91,360.36,178.05,70.67,46.1,54,0,0,0,0,0,0
20.13,86.93,342,141.87,41.17,208.03,153.22,324.98,427.31,301.22,87.82,372.65,181.88,74.52,49.43,56.01,0,0,0,0,0,0
18.98,85.09,341,139.05,40.44,211.96,150.81,331.95,435.45,305.28,85.06,366.03,174.82,76.3,50.25,53.89,0,0,0,0,0,0
17.98,84.91,353.93,138.2,40.61,222.04,151.91,350.73,459.96,315.94,85.57,363.11,169.81,80.3,51.33,52.25,0,0,0,0,0,0
18.01,86.2,351.83,137.08,40.09,232.51,151.69,365.35,481.42,333.82,87.85,370.43,170.55,86.63,56.01,55.06,0,0,0,0,0,0
17.99,87.69,353.24,136.59,40.01,238.8,152.11,374.78,493.86,345.3,90.31,377.37,172.15,91.3,58.97,57.2,0,0,0,0,0,0
17.51,86.45,349.44,134.41,39.58,238.98,150.37,376,494.92,348.18,89.69,373.55,169.29,92.52,59.45,56.51,0,0,0,0,0,0
17.19,85.12,347.86,133.28,39.46,238.92,150.6,376.19,496.32,347.66,88.88,369.13,167.38,91.79,58.7,55.08,0,0,0,0,0,0
17.32,85.24,352.24,132.49,39.83,235.66,149.8,371.08,489.88,337.12,88.5,363.94,164.65,89.12,56.89,54.18,0,0,0,0,0,0
15.06,73.71,309.46,115.7,34.9,207.46,131,326.18,431.83,293.89,76.56,314,142.07,76.97,49.07,46.16,0,0,0,0,0,0
12.72,61.66,250.88,96.55,28.69,174.58,108.25,273.71,361.6,254.18,64.28,266.99,120.13,66.72,43.36,40.17,0,0,0,0,0,0
13.62,62.86,248.6,97.37,29.18,175.95,107.95,272.68,362.08,255.59,64.18,270.73,120.77,66.5,44.9,41.41,0,0,0,0,0,0
15.72,66.73,248.14,101.12,30.85,179.61,109.82,271.3,366.55,260.82,65.78,285.22,125.2,66.25,48.26,44.99,0,0,0,0,0,0
14.06,59.24,218.06,90.6,27.31,160.15,96.6,240.52,327.2,233.59,58.4,255.76,110.56,58.64,43.65,40.72,0,0,0,0,0,0
7.56,33.18,117.89,53.54,14.55,102.34,55.21,153.52,207,154.7,33.85,153.73,64.53,38.79,29.29,25.32,0,0,0,0,0,0
6.88,30.93,109.38,50.66,13.53,100.79,51.77,151.9,203.3,156.28,31.68,145.98,61.02,39.49,29.28,24.02,0,0,0,0,0,0
6.63,30.76,110.75,51.13,13.51,104.31,52.41,158.57,210.5,164.43,31.73,146.67,61.7,41.78,30.16,23.75,0,0,0,0,0,0
6.52,30.67,109.7,51.68,13.29,104.96,55.79,160.13,211.21,165.5,32.12,148.69,64.16,41.28,29.8,23.26,0,0,0,0,0,0
5.34,26.17,95.87,45.61,11.19,92.42,51.19,142.68,185.71,144.47,28.15,129.85,56.96,35.52,25.44,19.62,0,0,0,0,0,0
4.77,22.34,77.71,37.88,9.38,71.64,43.76,110.07,143.39,113.03,23.99,109.38,49.33,27.14,19.9,16.54,0,0,0,0,0,0
5.3,23.84,84.66,38.67,10.27,65.33,44.31,100.94,132.6,101.9,24.48,109.43,50.84,24.47,17.6,16.46,0,0,0,0,0,0
10.44,47.04,194.11,74.87,22.77,115.24,84.48,181.64,238.74,162.24,46.15,195.15,92.11,39.84,26.02,27.27,0,0,0,0,0,0
15.24,69.23,295.14,112.13,34.27,167.05,124.95,265.53,347.89,231.3,68.59,285.33,136.84,57.08,35.79,39.48,0,0,0,0,0,0
18.37,81.12,337.62,132.94,39.56,193.63,145.89,306.93,401.79,272.33,82.39,339.46,166.29,67.13,42.53,49,0,0,0,0,0,0
19.71,84.88,340.12,139.5,40.48,201.79,151.27,317.12,416.07,289.05,87.14,361.39,178.51,71.12,46.4,54.16,0,0,0,0,0,0
20.13,86.86,341.98,141.81,41.15,207.76,153.2,324.55,425.86,299.96,87.72,372,181.58,74.18,49.32,55.89,0,0,0,0,0,0
18.95,84.92,339.66,138.6,40.36,210.54,150.32,329.95,433.14,304.38,84.9,365.42,174.56,76.09,50.04,53.82,0,0,0,0,0,0
17.97,84.79,353.01,138.02,40.58,221.62,151.71,350.16,459.79,316.33,85.49,362.89,169.68,80.37,51.36,52.28,0,0,0,0,0,0
18.14,87.4,357.09,139.21,40.54,237.88,153.7,374.19,492.92,342.85,89.05,377.09,173.18,89.23,57.47,55.96,0,0,0,0,0,0
18.04,88.42,357.98,138.37,40.23,244.05,154.08,382.93,504.69,350.56,90.95,381.62,173.61,92.64,59.84,57.64,0,0,0,0,0,0
17.5,86.75,352.17,135.23,39.6,241.9,151.37,380.21,501.53,350.03,89.92,375.44,169.96,92.91,59.63,56.63,0,0,0,0,0,0
17.12,84.93,347.19,132.83,39.3,237.47,150.23,374.09,493.37,344.94,88.61,368.25,166.96,91.13,58.19,54.83,0,0,0,0,0,0
17.12,84.35,348.81,130.5,39.29,230.45,147.99,362.63,479.81,327.6,87.5,359.11,162.82,86.58,55.03,53.26,0,0,0,0,0,0
14.99,73.57,307.46,114.86,34.79,203.83,130.04,321.38,424.16,290.86,76.35,313.23,141.75,76.46,48.56,45.98,0,0,0,0,0,0
12.78,62.38,254.69,97.97,28.93,178.45,109.7,279.88,369.82,259.26,64.97,271.06,121.69,68.14,44.16,40.65,0,0,0,0,0,0
13.68,63.51,251.2,98.5,29.42,179.38,108.97,277.98,370.91,262.13,64.9,274.72,122.45,68.26,45.79,42.02,0,0,0,0,0,0
15.8,67.43,250.53,102.1,31.12,182.1,110.59,275.36,372.99,266.83,66.56,289.2,126.97,68,49.08,45.6,0,0,0,0,0,0
14.07,59.18,216.69,90.29,27.34,158.82,96.15,238.81,324.69,233.91,58.39,255.59,110.51,58.82,43.73,40.8,0,0,0,0,0,0
7.37,32.93,116.24,53.09,14.57,100.32,54.36,150.91,203.84,155.31,33.11,153.49,64.14,39.09,29.16,25.02,0,0,0,0,0,0
6.59,30.19,106.17,49.29,13.3,96.19,50.1,145.11,194.49,151.58,30.34,143.03,59.54,38.36,28.2,23.19,0,0,0,0,0,0
6.22,29.67,108.04,49.79,13.03,100.71,51.14,152.85,204.06,157.04,29.88,142.45,59.4,39.65,28.58,22.5,0,0,0,0,0,0
6.27,30.56,110.01,51.91,13.31,104.66,55.77,160.25,211.45,166.51,31.27,149.7,63.99,41.61,29.69,22.88,0,0,0,0,0,0
5.21,26.53,96.41,46.12,11.53,92.05,50.97,143,185.79,149.79,27.92,132.84,57.95,37.28,26.05,19.72,0,0,0,0,0,0
4.5,21.96,76.9,37.31,9.35,70.16,42.77,107.98,140.57,112.66,22.94,108.23,48.42,27.21,19.58,15.89,0,0,0,0,0,0
4.73,21.86,78.12,35.14,9.46,59.99,40.8,92.73,121.28,93.1,21.82,100,45.57,22.32,16.12,14.55,0,0,0,0,0,0
9.27,41.86,174.8,64.6,20.43,102.14,74.75,160.92,212.38,140.88,40.51,169.1,78.23,34.6,22.72,23.05,0,0,0,0,0,0
12.67,57.71,252.48,89.34,29.1,139.14,103.32,221.09,291.92,185.68,56.15,227.45,105.88,45.91,28.77,30.15,0,0,0,0,0,0
13.77,61.78,267.62,95.64,31.05,147.29,110.16,233.66,308.92,197.12,60.47,243.99,114.44,48.72,30.74,32.91,0,0,0,0,0,0
14.33,62.54,259.69,96.59,30.69,148.55,110.07,233.03,309.36,202.88,61.58,251.49,118.59,50.06,32.83,35.46,0,0,0,0,0,0
15.96,67.73,269.47,103.79,32.5,158.04,117.15,245.4,327.19,219.93,67.29,275.71,130.96,54.3,36.75,40.59,0,0,0,0,0,0
17.03,73.29,290.86,113.82,34.77,173.74,127.45,270.78,359.59,244.77,74.34,303.35,144.58,60.88,40.84,45.34,0,0,0,0,0,0
18.26,82.34,336.81,130.92,39.05,206.18,145.74,324.91,429.47,292.45,85.44,346.33,164.52,73.87,47.75,51.56,0,0,0,0,0,0
19.73,90.93,363.79,144.34,41.71,238.74,159.44,374.86,495.3,344.41,95.36,391.04,183.89,88.92,57.88,60.07,0,0,0,0,0,0
20.25,96.07,382.38,151.86,43.33,261.99,167.52,411.2,542.1,380.92,101.18,418.03,194.06,100.12,65.01,64.94,0,0,0,0,0,0
19.3,94.07,380,149.19,42.73,266.89,165.02,418.79,553.28,388.49,98.87,411.61,188.65,102.6,66.06,63.15,0,0,0,0,0,0
18.19,90.2,369.38,143.33,41.65,259.84,160.33,408.85,539.47,379.14,94.55,395.29,179.68,99.99,63.95,59.29,0,0,0,0,0,0
17.96,89.95,375.18,142.22,41.86,260.03,159.16,409.27,539.99,372.4,93.12,389.39,175.15,98.59,62.75,57.68,0,0,0,0,0,0
15.59,77.84,328.07,124.19,36.86,228.69,138.84,360.6,474.98,329.27,80.5,337,150.95,86.71,55.23,49.43,0,0,0,0,0,0
13.08,64.7,266.44,103.28,30.13,193.12,114.61,302.79,399.99,281.94,67.09,284.24,126.67,74.13,48.05,42.48,0,0,0,0,0,0
13.94,65.91,263.27,103.86,30.59,193.84,113.98,301.14,400.2,284.68,66.98,288.49,127.41,74.38,49.73,43.83,0,0,0,0,0,0
16.06,70.03,262.74,107.75,32.4,196.77,115.76,299.34,402.98,291.58,68.82,304.4,132.4,74.81,53.4,47.63,0,0,0,0,0,0
14.1,60.71,225.84,94.02,28.02,169.18,99.75,255.23,346.24,248.07,59.38,264.98,113.66,62.6,46.02,41.7,0,0,0,0,0,0
7.09,31.7,110.6,51.23,13.78,99.48,52.21,149.41,200.54,153.7,31.92,148.81,61.59,38.8,29.27,24.49,0,0,0,0,0,0
6.72,30.74,108.7,50.21,13.36,99.87,51.86,150.42,201.1,154.39,30.88,145.17,60.42,38.86,28.88,23.41,0,0,0,0,0,0
6.67,31.5,112.26,52.9,13.66,106.85,56.94,162.88,214.98,167.91,32.18,152.76,64.83,41.86,30.55,23.66,0,0,0,0,0,0
6.59,32.04,115.47,54.86,13.97,112.82,60.19,173.21,226.61,179.28,33.24,158.14,67.91,44.67,32.05,23.96,0,0,0,0,0,0
5.15,25.96,94.32,45.22,11.26,93.01,50.49,143.93,188.47,150.3,27.52,130.36,56.56,37.22,26.23,19.44,0,0,0,0,0,0
5.16,24.69,91.21,40.54,10.85,75.79,46.5,116.78,152.88,116.46,25.18,114.92,50.77,28.33,20.3,16.74,0,0,0,0,0,0
8.9,40.17,168.56,61.09,19.62,98.82,71.45,155.5,206.02,135.33,38.82,160.47,73.52,33.31,21.91,21.74,0,0,0,0,0,0
11.94,54.57,240.85,83.23,27.68,131.88,97.53,209.55,278.18,174.12,52.73,212.14,97.56,43.06,26.93,27.67,0,0,0,0,0,0
12.6,57.05,251.13,86.68,28.97,137.08,101.57,217.32,288.97,180.07,54.99,220.99,101.73,44.53,27.99,28.92,0,0,0,0,0,0
12.58,55.63,235.18,83.42,27.73,132.31,97.27,207.51,276.67,177.19,53.41,217.81,99.99,43.87,28.75,29.55,0,0,0,0,0,0
13.43,58.08,236.36,85.84,28.39,136.23,99.68,211.15,283.19,184.42,55.54,229.22,104.96,45.71,31.03,32.14,0,0,0,0,0,0
13.71,60.86,248.95,90.97,29.53,146.66,105.16,228.11,304.78,200.11,59.04,243.73,111.02,50.06,33.64,34.37,0,0,0,0,0,0
14.28,67.28,285.96,103.24,32.67,171.88,118.76,270.67,359.82,235.14,66.84,273.68,124.1,59.82,38.39,38.16,0,0,0,0,0,0
15.71,75.91,311.96,116.52,35.44,203.57,132.09,320.12,423.74,289.19,76.65,319.03,143.42,75.65,48.95,46.75,0,0,0,0,0,0
17.06,84.53,344.04,130.67,38.51,238.2,146.63,373.77,494.61,342.8,86.7,363.25,162.72,91.09,58.76,54.64,0,0,0,0,0,0
17.37,87.12,355.92,135.97,39.83,251.74,151.91,395.68,522.26,366.36,90.23,378.44,169.4,97.68,62.64,57,0,0,0,0,0,0
17.31,86.57,357.24,136.57,40.12,252.13,153.88,396.83,521.67,364.88,90.24,376.9,169.36,96.59,62.01,56.07,0,0,0,0,0,0
17.73,88.59,369.17,139.2,41.33,256.12,156.11,403.29,531.25,367.98,91.82,381.98,171.28,97.69,62.28,56.7,0,0,0,0,0,0
15.65,77.89,329.45,124.08,36.92,230.8,138.71,363.39,477.07,330.55,80.7,335.9,150.36,87.21,55.74,49.34,0,0,0,0,0,0
13.09,64.52,265.74,102.63,30.1,192.66,113.9,301.93,397.58,281.12,67.03,282.35,125.83,74.07,48.12,42.3,0,0,0,0,0,0
14.05,66.52,265.78,104.79,30.87,197.58,114.75,307.02,407.96,291.55,67.75,291.55,128.54,76.36,50.95,44.39,0,0,0,0,0,0
16.13,70.05,263.19,107.85,32.51,198.97,115.8,302.27,406.88,294.63,69.02,303.95,132.14,75.58,54.09,47.76,0,0,0,0,0,0
14.03,60.09,223.35,92.84,27.77,168.04,98.63,253.07,343.99,246.08,58.9,261.58,112.07,62.03,45.77,41.34,0,0,0,0,0,0
7.5,33.86,122.26,55.23,14.93,108.53,56.62,163.43,220.07,164.93,34.13,158.35,65.64,41.66,30.97,25.71,0,0,0,0,0,0
6.9,31.36,111.44,51.29,13.65,102.43,52.37,154.52,207.14,158.75,32.09,148.3,62.01,40.24,29.58,24.27,0,0,0,0,0,0
6.41,29.89,107.34,49.45,12.98,99.99,51.01,151.8,202.81,156.5,30.72,142.66,59.93,39.6,28.61,22.96,0,0,0,0,0,0
6.51,31.1,111.67,52.32,13.35,106.63,56.45,162.98,215.97,168.33,32.5,151.53,65.24,42.13,30.06,23.54,0,0,0,0,0,0
5.41,26.56,95.48,45.61,11.38,91.55,50.81,141.85,185.04,147.95,28.66,131.93,58.08,36.73,25.88,20.06,0,0,0,0,0,0
4.78,22.21,75.86,37.22,9.37,69.39,42.89,106.74,139.02,112.23,23.94,108.46,49.17,27.05,19.72,16.52,0,0,0,0,0,0
5.34,23.8,84.78,38.55,10.32,64.76,44.15,99.89,129.53,99.99,24.44,108.24,50.49,24,17.46,16.3,0,0,0,0,0,0
10.49,47.33,195.82,75.51,22.9,117.05,85.13,184.38,241.93,164.13,46.43,196.44,92.63,40.34,26.4,27.44,0,0,0,0,0,0
15.26,69.25,295.2,112.19,34.3,167.2,124.99,265.75,347.98,231.57,68.62,285.36,136.85,57.14,35.87,39.51,0,0,0,0,0,0
18.35,81.02,337.05,132.76,39.52,193.05,145.72,306.13,400.68,271.66,82.28,339.06,166.08,66.95,42.43,48.94,0,0,0,0,0,0
19.69,84.74,338.83,139.1,40.44,200.23,150.82,315.05,412.83,287.97,87,360.78,178.21,70.92,46.25,54.1,0,0,0,0,0,0
20.13,86.8,341.26,141.64,41.14,207.18,152.99,323.77,425.03,300.05,87.68,371.85,181.51,74.22,49.32,55.91,0,0,0,0,0,0
18.93,84.77,339.17,138.29,40.3,209.82,150.03,328.63,431.39,302.73,84.75,364.34,174.2,75.63,49.76,53.66,0,0,0,0,0,0
18.05,85.37,356.44,139.26,40.81,225.23,152.96,355.56,466.72,320.25,86.07,365.7,170.84,81.4,52.04,52.64,0,0,0,0,0,0
18.12,87.08,356.11,139.02,40.46,237.39,153.66,373.49,490.72,340.69,88.67,375.36,172.23,88.52,57.34,55.72,0,0,0,0,0,0
17.98,87.57,352.55,136.56,39.99,238.53,152.13,374.65,493.13,345.18,90.18,377.09,171.83,91.23,59.05,57.18,0,0,0,0,0,0
17.38,85.79,348.37,133.28,39.19,236.55,149.52,371.45,489.06,340.04,88.9,369.43,167.72,90.23,58,55.68,0,0,0,0,0,0
17.07,84.56,345.95,131.9,39.12,235.2,149.3,369.99,488.22,340.25,88.24,365.46,166.13,89.87,57.32,54.38,0,0,0,0,0,0
17.18,84.35,348.83,130.27,39.38,229.45,147.62,360.83,475.71,325.61,87.53,357.81,162.6,86.15,54.86,53.12,0,0,0,0,0,0
15.16,74.31,310.35,116.3,35.22,207.46,131.3,327.22,430.77,297.56,77.19,316.86,143.25,78.31,49.86,46.65,0,0,0,0,0,0
12.77,61.97,252.5,97.57,28.86,177.57,109.34,278.57,368,258.54,64.6,269.28,120.78,67.77,44.2,40.54,0,0,0,0,0,0
13.64,63.12,250.47,98.31,29.28,178.96,109.04,277.37,368.54,258.95,64.41,272.69,121.3,67.26,45.52,41.67,0,0,0,0,0,0
15.84,67.74,252.57,102.95,31.25,184.36,111.53,279,376.77,268.87,66.82,290.83,127.45,68.52,49.57,45.78,0,0,0,0,0,0
14.09,58.99,215.35,89.82,27.32,157.54,95.57,236.68,321.97,232.94,58.27,254.3,110.15,58.55,43.58,40.72,0,0,0,0,0,0
7.45,32.41,113.08,51.56,14.22,96.49,53.11,144.55,195.63,148.34,33.12,149.56,63.05,37.2,28.09,24.77,0,0,0,0,0,0
6.74,30.02,105.06,48.37,13.1,94.02,49.47,141.2,188.29,145.61,30.69,140.09,58.94,36.79,27.43,23.06,0,0,0,0,0,0
6.52,30.38,110.28,50.77,13.27,103.58,52.35,157.38,208.58,160.41,31.21,144.92,60.72,40.6,29.52,23.31,0,0,0,0,0,0
6.62,31.33,112.38,53.02,13.6,108.11,57.06,165.56,217.29,171.1,32.78,152.4,65.48,42.86,30.87,23.82,0,0,0,0,0,0
5.38,26.21,95.02,45.29,11.25,91.22,50.64,140.83,183.43,144.86,28.28,129.69,57.17,35.74,25.45,19.71,0,0,0,0,0,0
4.84,22.76,79.17,38.51,9.57,73.34,44.25,112.73,147.48,116.84,24.48,111.64,50.36,28.22,20.46,16.92,0,0,0,0,0,0
5.3,23.83,85.18,38.75,10.28,65.44,44.45,101.07,131.67,100.67,24.43,108.99,50.63,24.15,17.51,16.34,0,0,0,0,0,0
10.49,47.21,194.99,75.23,22.87,116.11,84.83,183.02,239.78,163.21,46.32,195.75,92.36,40.12,26.28,27.37,0,0,0,0,0,0
15.24,69.14,294.82,111.99,34.24,166.76,124.83,265.01,347.24,230.61,68.49,284.81,136.63,56.87,35.68,39.4,0,0,0,0,0,0
18.33,80.97,336.96,132.69,39.48,192.9,145.69,305.88,400.33,271.09,82.21,338.8,165.96,66.79,42.33,48.88,0,0,0,0,0,0
19.68,84.69,338.76,139,40.4,199.98,150.74,314.6,412.22,287.23,86.94,360.42,178.09,70.71,46.12,54.02,0,0,0,0,0,0
20.11,86.79,341.32,141.63,41.12,207.13,153.01,323.74,424.92,299.76,87.66,371.84,181.48,74.15,49.26,55.88,0,0,0,0,0,0
18.93,84.87,340.16,138.77,40.32,211.65,150.6,331.31,435.83,304.63,84.84,365.33,174.48,76.01,50.04,53.79,0,0,0,0,0,0
17.94,84.81,353.26,138.07,40.53,222.17,151.8,350.86,462.15,317.1,85.52,363.42,169.9,80.52,51.32,52.33,0,0,0,0,0,0
18.06,86.69,353.78,138,40.28,234.74,152.57,369.19,486.28,337.95,88.33,373.34,171.61,87.8,56.71,55.47,0,0,0,0,0,0
18.12,88.72,358.55,138.8,40.43,244.76,154.34,384.32,505.82,353.41,91.32,383.09,174.26,93.5,60.41,57.96,0,0,0,0,0,0
17.58,87.02,353.71,136,39.79,244.18,152.13,383.64,505.59,352.91,90.23,376.74,170.45,93.62,60.24,56.88,0,0,0,0,0,0
17.18,85.09,349.75,133.65,39.4,240.71,151.21,378.3,498.79,345.94,88.77,368.47,167.08,91.16,58.47,54.84,0,0,0,0,0,0
17.32,85.29,352.57,132.21,39.8,234.72,149.45,369.43,487.62,335.33,88.54,363.56,164.75,88.77,56.49,54.05,0,0,0,0,0,0
15.09,74.02,310.32,116,35.02,207.28,131.21,326.49,430.4,294.52,76.83,315.33,142.59,77.37,49.29,46.3,0,0,0,0,0,0
12.74,61.81,253.03,97.33,28.74,177.24,109.23,277.57,366.34,255.15,64.37,267.81,120.28,66.83,43.63,40.19,0,0,0,0,0,0
13.75,63.76,251.98,98.98,29.59,180.34,109.37,279.7,372.18,264.36,65.19,275.89,122.91,68.91,46.3,42.26,0,0,0,0,0,0
15.84,67.64,251.06,102.46,31.23,182.68,110.9,276.6,373.9,268.58,66.77,290.37,127.38,68.54,49.46,45.8,0,0,0,0,0,0
13.98,58.6,214.8,89.25,27.05,156.22,95.27,234.46,318.81,228.02,57.74,252.2,109.16,57.17,42.73,40.21,0,0,0,0,0,0
7.47,32.36,113.41,51.76,14.24,97.3,53.4,145.64,196.58,148.26,33.05,149.16,62.8,37.07,28.2,24.73,0,0,0,0,0,0
6.83,30.58,108.03,49.76,13.35,98.07,50.89,147.53,196.71,151.16,31.27,143.4,60.12,38.2,28.43,23.56,0,0,0,0,0,0
6.45,29.8,107.98,49.52,13.01,100.25,51.13,151.81,201.03,154.28,30.61,141.16,59.4,38.95,28.47,22.73,0,0,0,0,0,0
6.5,30.63,109.74,51.49,13.23,104.35,55.62,159.14,209.71,163.97,32.04,148.24,64.02,40.91,29.51,23.12,0,0,0,0,0,0
5.27,25.56,92.3,44.11,10.93,88.75,49.57,136.54,179.82,140.74,27.64,126.69,56,34.49,24.55,19.26,0,0,0,0,0,0
4.72,21.77,74.48,36.49,9.17,67.91,42.25,103.97,136.05,108.6,23.49,105.99,48.24,25.96,19.06,16.13,0,0,0,0,0,0
5.23,23.15,81.54,37.26,10.02,61.35,42.92,94.55,123.22,95.3,23.78,105.08,49.21,22.7,16.58,15.84,0,0,0,0,0,0
10.46,47.03,194.38,74.86,22.78,115.19,84.48,181.43,237.71,161.28,46.13,194.61,91.95,39.59,25.94,27.18,0,0,0,0,0,0
15.26,69.27,295.62,112.26,34.3,167.46,125.09,266.06,348.22,231.21,68.62,285.31,136.84,57.04,35.82,39.46,0,0,0,0,0,0
18.38,81.24,337.97,133.16,39.62,194.09,146.09,307.8,402.77,273.46,82.51,340.18,166.54,67.45,42.74,49.12,0,0,0,0,0,0
19.71,84.75,338.97,139.17,40.46,200.41,150.89,315.29,412.79,287.99,87.01,360.67,178.18,70.91,46.31,54.1,0,0,0,0,0,0
20.09,86.67,340.78,141.4,41.07,206.49,152.8,322.74,423.57,298.73,87.53,371.21,181.22,73.86,49.09,55.78,0,0,0,0,0,0
18.95,85.07,340.48,138.87,40.39,211.42,150.59,331.24,435.32,305.54,85.05,366.29,174.94,76.4,50.17,53.93,0,0,0,0,0,0
18.01,85.1,354.4,138.52,40.7,222.74,152.16,352.01,461.71,317.99,85.79,364.31,170.28,80.89,51.66,52.46,0,0,0,0,0,0
18.04,86.47,352.37,137.49,40.22,232.68,152.04,366.34,480.85,335.24,88.07,371.86,170.95,87.17,56.42,55.26,0,0,0,0,0,0
18.18,88.88,358.88,139.32,40.58,246.06,154.81,386.57,508.24,356.26,91.52,384.14,174.55,94.22,61.04,58.23,0,0,0,0,0,0
17.57,86.88,352.62,135.76,39.74,243.6,151.87,382.81,505.12,353.12,90.13,376.37,170.27,93.63,60.24,56.9,0,0,0,0,0,0
17.12,85.08,348.63,133.27,39.34,238.89,150.77,376.17,495.94,345.46,88.72,368.94,167.18,91.22,58.3,54.85,0,0,0,0,0,0
17.31,85.32,353.16,132.37,39.79,235.26,149.68,370.22,488.55,335.19,88.54,363.74,164.77,88.71,56.48,54.02,0,0,0,0,0,0
15.14,74.52,311.9,116.87,35.22,209.64,131.96,330.42,436.77,300.06,77.39,318.64,143.89,78.88,50.09,46.84,0,0,0,0,0,0
12.83,62.49,254.68,98.2,29.04,179.08,109.83,280.91,371.38,261.44,65.14,271.76,121.99,68.7,44.56,40.86,0,0,0,0,0,0
13.56,62.74,248.72,97.17,29.04,175.96,107.86,272.34,363.01,254.37,64.03,270.31,120.64,66.1,44.51,41.25,0,0,0,0,0,0
15.6,66.19,245.6,99.7,30.51,175.94,108.41,265.29,360.23,255.49,65.23,282.38,124.29,64.86,47.07,44.49,0,0,0,0,0,0
14.05,59.03,216.23,89.98,27.25,158.48,95.86,237.9,324.75,233.09,58.27,254.82,110.33,58.53,43.46,40.69,0,0,0,0,0,0
7.53,32.72,114.85,52.24,14.4,98.83,53.72,147.73,200.29,151.31,33.5,150.83,63.73,37.92,28.59,25.03,0,0,0,0,0,0
6.71,29.79,104.47,48.14,12.98,94.52,49.3,141.33,191.07,145.92,30.54,139.4,58.75,36.65,27.27,23.01,0,0,0,0,0,0
6.32,29.12,104.38,48.01,12.66,96.62,49.63,145.9,195.71,150.09,29.97,138.15,58.31,37.76,27.47,22.31,0,0,0,0,0,0
6.44,30.47,109.18,51.34,13.11,104.09,55.6,158.87,209.92,163.28,31.83,147.99,63.73,40.67,29.34,23.03,0,0,0,0,0,0
5.36,26.32,95.11,45.52,11.26,91.87,50.89,142.13,186,146.95,28.39,131.02,57.55,36.3,25.71,19.9,0,0,0,0,0,0
4.76,22.3,76.81,37.48,9.35,70.42,43.23,108.18,141.68,112.82,24.01,109.19,49.43,27.16,19.73,16.55,0,0,0,0,0,0
5.31,23.8,84.66,38.56,10.28,64.81,44.19,100.11,130.48,100.51,24.43,108.74,50.61,24.14,17.46,16.34,0,0,0,0,0,0
10.45,47.1,194.73,75.14,22.8,116,84.81,182.83,239.86,162.59,46.18,195.45,92.15,39.91,26.15,27.29,0,0,0,0,0,0
15.24,69.21,295.36,112.23,34.27,167.47,125.11,266.13,348.64,231.29,68.56,285.3,136.76,57.03,35.82,39.46,0,0,0,0,0,0
18.34,80.92,336.79,132.6,39.48,192.67,145.58,305.45,399.68,270.66,82.17,338.42,165.85,66.66,42.27,48.84,0,0,0,0,0,0
19.7,84.69,338.72,139.03,40.43,200.21,150.75,314.85,412.77,287.7,86.96,360.38,178.11,70.8,46.2,54.06,0,0,0,0,0,0
20.11,86.72,340.99,141.47,41.09,206.98,152.83,323.29,425.18,299.71,87.62,371.55,181.45,74.09,49.17,55.86,0,0,0,0,0,0
19.02,85.19,340.91,139.1,40.52,212.11,150.73,332.14,436.18,306.88,85.24,366.54,175.17,76.75,50.47,54.06,0,0,0,0,0,0
18,84.99,354.17,138.39,40.67,222.51,152.06,351.51,460.84,317.01,85.68,363.57,169.99,80.58,51.54,52.36,0,0,0,0,0,0
17.92,86.03,351.89,136.72,39.9,231.63,151.49,363.87,479.68,330.58,87.57,369.52,170.14,85.78,55.35,54.74,0,0,0,0,0,0
17.99,88.42,358.25,138.33,40.15,244.07,154.1,382.95,505.5,350.15,90.91,381.92,173.7,92.53,59.64,57.59,0,0,0,0,0,0
17.46,86.47,350.61,134.87,39.49,241.32,151.05,379.27,501.62,349.97,89.68,374.64,169.54,92.77,59.54,56.58,0,0,0,0,0,0
17.18,84.99,348.83,133.42,39.39,240.24,150.91,377.51,498.67,346.46,88.73,368.22,167.04,91.27,58.49,54.88,0,0,0,0,0,0
17.19,84.44,349.92,130.78,39.4,231.41,148.25,363.68,480.24,327.37,87.61,358.7,162.82,86.48,55.13,53.23,0,0,0,0,0,0
15,73.5,309.14,115.25,34.76,206.11,130.64,323.97,428.16,290.14,76.27,312.45,141.47,76,48.46,45.81,0,0,0,0,0,0
12.72,61.55,251.07,96.62,28.66,175.05,108.43,274.27,362.02,253.38,64.15,266.37,119.79,66.41,43.31,40.05,0,0,0,0,0,0
13.68,63.18,249.75,97.84,29.34,177.1,108.31,274.48,364.33,258.04,64.54,272.21,121.48,67.22,45.32,41.67,0,0,0,0,0,0
15.82,67.33,251.05,102.17,31.11,182.71,110.74,275.84,373.14,265.57,66.45,288.16,126.6,67.55,48.98,45.44,0,0,0,0,0,0
14.06,59,216.56,90.09,27.26,158.61,96.04,238.15,323.77,232.01,58.19,254.35,110.04,58.23,43.44,40.59,0,0,0,0,0,0
7.54,32.86,114.9,52.5,14.47,99.04,53.97,148.61,200.79,152.89,33.62,151.98,64.01,38.41,28.93,25.21,0,0,0,0,0,0
6.78,30.23,105.56,48.89,13.22,95.56,49.95,143.77,192.34,149.23,30.96,141.8,59.53,37.71,28.03,23.4,0,0,0,0,0,0
6.49,29.95,107.51,49.93,13.15,100.96,51.47,153.57,203.16,158.03,30.81,142.8,59.81,39.96,29.2,23.1,0,0,0,0,0,0
6.59,30.89,110.3,51.9,13.44,104.87,55.88,160.24,209.54,165.92,32.34,149.16,64.44,41.54,30.03,23.36,0,0,0,0,0,0
5.4,26.22,94.78,45.3,11.3,91.13,50.6,140.75,183,145.25,28.31,129.64,57.16,35.86,25.58,19.76,0,0,0,0,0,0
4.79,22.48,77.9,38.05,9.44,72.29,43.84,111.04,145.83,115.25,24.19,110.43,49.82,27.73,20.15,16.75,0,0,0,0,0,0
5.26,23.69,84.05,38.25,10.19,63.88,43.92,98.78,128.98,99.28,24.28,108.34,50.41,23.84,17.18,16.23,0,0,0,0,0,0
10.44,47.08,194.43,74.92,22.78,115.26,84.55,181.71,238.32,161.83,46.16,195.18,92.11,39.76,25.99,27.24,0,0,0,0,0,0
15.28,69.41,295.96,112.47,34.36,167.96,125.26,266.95,349.58,232.68,68.78,286.19,137.2,57.46,36.05,39.61,0,0,0,0,0,0
18.35,81.03,337.44,132.86,39.52,193.38,145.87,306.58,401.02,271.4,82.27,339.01,166.04,66.86,42.42,48.91,0,0,0,0,0,0
19.73,84.91,339.44,139.4,40.53,200.98,151.07,316.25,414.19,289.45,87.19,361.56,178.55,71.33,46.54,54.25,0,0,0,0,0,0
20.13,86.86,341.27,141.71,41.17,207.23,153.02,323.97,425.23,300.7,87.75,372.22,181.66,74.42,49.43,55.98,0,0,0,0,0,0
18.92,84.82,339.53,138.48,40.3,210.4,150.27,329.61,432.86,303.43,84.78,364.89,174.33,75.8,49.87,53.72,0,0,0,0,0,0
18.04,85.34,355.77,139.17,40.8,224.7,152.86,355.09,465.88,320.52,86.02,365.84,170.78,81.51,52.12,52.68,0,0,0,0,0,0
18.09,87.07,356.08,138.7,40.4,236.17,153.32,371.63,487.82,338.61,88.61,374.91,172.17,88.1,56.94,55.56,0,0,0,0,0,0
18.03,88.18,356.31,137.9,40.19,242.33,153.57,380.55,500.59,348.96,90.72,380.31,173.02,92.24,59.7,57.52,0,0,0,0,0,0
17.44,86.07,348.76,134.07,39.38,238.62,150.27,375.18,494.21,345.35,89.23,371.83,168.4,91.59,58.98,56.18,0,0,0,0,0,0
17.16,84.79,347.32,132.86,39.33,238.02,150.31,374.45,493.23,343.97,88.5,366.9,166.48,90.73,58.19,54.7,0,0,0,0,0,0
17.2,84.52,348.7,130.5,39.46,230,147.75,361.96,478.23,328.73,87.76,359.37,163.2,87.02,55.28,53.43,0,0,0,0,0,0
15.04,73.5,307.1,114.59,34.83,203.29,129.65,320.08,422.43,290.06,76.37,312.1,141.59,76.23,48.44,45.92,0,0,0,0,0,0
12.71,61.72,253.08,97.19,28.65,177.24,109.15,277.3,366.86,254.28,64.27,267.42,120.16,66.54,43.37,40.08,0,0,0,0,0,0
13.47,62.08,245.65,95.97,28.77,172.57,106.76,267.15,355.65,248.98,63.32,266.82,119.13,64.62,43.68,40.74,0,0,0,0,0,0
15.8,67.25,249.91,102.03,31.09,181.81,110.6,275.02,371.34,265.65,66.35,288.14,126.38,67.61,49.09,45.48,0,0,0,0,0,0
14.12,59.22,216.95,90.32,27.4,159.13,96.1,238.93,324.94,234.2,58.49,255.29,110.59,58.87,43.79,40.82,0,0,0,0,0,0
7.58,32.95,115.67,52.53,14.52,99.06,53.93,148.31,199.63,151.88,33.71,151.56,64.07,38.2,28.81,25.13,0,0,0,0,0,0
6.63,30.21,107.25,49.41,13.33,97.26,50.22,145.96,196.14,151.11,30.4,142.38,59.55,38.12,28.09,23.1,0,0,0,0,0,0
6.27,29.74,108.28,50,13.13,100.83,51.33,153.26,202.73,157.05,29.93,142.38,59.31,39.69,28.81,22.52,0,0,0,0,0,0
6.26,30.58,110.08,51.9,13.32,104.08,55.78,159.68,209.29,165.41,31.23,149.59,63.86,41.41,29.62,22.81,0,0,0,0,0,0
5.21,26.55,97.51,46.53,11.53,93.7,51.52,145.28,189.04,150.24,27.9,133.06,57.92,37.26,26.16,19.7,0,0,0,0,0,0
4.59,22.34,79.02,38.29,9.56,73.12,43.75,112.44,146.26,116.5,23.36,110.2,49.17,28.16,20.32,16.23,0,0,0,0,0,0
4.83,22.37,81.31,36.45,9.71,64.06,42.15,98.76,129.15,97.63,22.35,102.54,46.56,23.42,16.97,14.94,0,0,0,0,0,0
9.31,42.07,176.42,65.32,20.53,104.72,75.54,164.63,217.98,143.67,40.75,170.41,78.7,35.21,23.19,23.26,0,0,0,0,0,0
12.65,57.64,252.29,89.35,29.06,139.45,103.38,221.51,293.16,186.03,56.08,227.45,105.81,45.93,28.79,30.16,0,0,0,0,0,0
13.78,61.89,268.1,95.79,31.08,147.73,110.29,234.32,310.05,197.91,60.59,244.6,114.72,48.94,30.82,32.99,0,0,0,0,0,0
14.33,62.45,258.7,96.23,30.67,147.25,109.62,231.14,306.59,202.03,61.51,250.88,118.42,49.91,32.69,35.41,0,0,0,0,0,0
15.99,67.85,269.61,103.91,32.57,158.12,117.19,245.67,327.28,220.9,67.44,276.26,131.22,54.62,36.93,40.71,0,0,0,0,0,0
17.01,73.24,290.55,113.67,34.74,173.42,127.28,270.21,359.33,244.51,74.3,303.14,144.54,60.81,40.74,45.31,0,0,0,0,0,0
18.25,82.22,336.73,130.71,38.99,205.44,145.59,323.69,426.8,290.03,85.27,345.21,164.08,73.25,47.44,51.33,0,0,0,0,0,0
19.69,90.51,361.78,143.33,41.54,235.91,158.4,370.25,488.95,340.07,94.95,388.25,182.96,87.79,57.15,59.68,0,0,0,0,0,0
20.22,95.72,380.13,151,43.22,259.66,166.57,407.47,537.77,378.8,100.9,416.1,193.45,99.55,64.59,64.75,0,0,0,0,0,0
19.39,94.58,381.86,150.27,43.01,269.08,166.03,422.85,556.77,392.77,99.38,414.41,189.57,103.85,67.01,63.6,0,0,0,0,0,0
18.18,90.33,370.65,143.75,41.65,260.94,160.88,410.68,541.23,379.25,94.59,396.06,179.81,100.01,64.02,59.29,0,0,0,0,0,0
18.03,90.01,373.96,142.17,42,259.33,158.88,408.59,538.55,374.51,93.29,389.75,175.34,99.23,63.22,57.94,0,0,0,0,0,0
15.57,77.59,326.56,123.39,36.75,226.24,137.96,356.73,469.69,326.21,80.27,335.25,150.45,85.99,54.67,49.18,0,0,0,0,0,0
12.97,64.05,263.45,102.21,29.85,190.12,113.69,298.32,393.7,277.14,66.38,281.11,125.19,72.77,47.32,42.01,0,0,0,0,0,0
14.02,66.29,265.16,104.63,30.79,195.85,114.67,304.21,403.48,287.39,67.39,290.1,128.12,75.13,50.29,44.1,0,0,0,0,0,0
16.2,70.63,266.67,109.31,32.72,201.87,117.34,306.63,412.75,297.07,69.48,307.16,133.59,76.11,54.42,48.09,0,0,0,0,0,0
14.24,61.05,227.04,94.53,28.3,170.72,100,257.16,348.65,251.29,59.88,265.9,114.41,63.48,46.63,42.03,0,0,0,0,0,0
7.52,33.84,121.87,55.08,14.96,106.63,56.33,159.96,216.39,162.18,34.08,157.76,66.05,40.82,30.29,25.61,0,0,0,0,0,0
6.5,29.9,106.41,48.97,13.07,98.39,50.06,148.03,200.02,152.4,30.11,141.92,58.62,38.46,28.31,22.98,0,0,0,0,0,0
6.1,29.01,104.97,48.36,12.72,98.64,49.85,149.98,199.42,154.35,29.29,139.08,57.51,39.07,28.33,22.07,0,0,0,0,0,0
6.25,30.63,110.86,51.94,13.29,107.28,55.89,164.36,217.11,170.17,31.47,150.21,63.72,42.7,30.41,23,0,0,0,0,0,0
4.97,25.41,93.07,44.16,10.89,90,49.47,139.5,181.92,143.42,26.78,127.31,55.01,35.5,25.03,18.8,0,0,0,0,0,0
4.31,20.73,71.07,34.72,8.8,65.8,40.36,101.44,131.65,106.88,21.82,101.9,45.21,25.77,18.82,15.08,0,0,0,0,0,0
4.5,20.42,72.46,32.12,8.81,55.83,37.97,85.95,112.14,85.85,20.49,92.03,41.69,20.5,15.1,13.44,0,0,0,0,0,0
8.94,40.3,169.1,61.39,19.72,99.45,71.72,156.57,206.7,136.41,38.97,161.03,73.73,33.62,22.19,21.86,0,0,0,0,0,0
11.93,54.39,239.91,82.79,27.62,130.56,97.06,207.43,274.98,172.2,52.55,210.85,97.13,42.57,26.64,27.5,0,0,0,0,0,0
12.59,56.97,250.51,86.45,28.94,136.21,101.31,216.08,286.99,179.19,54.9,220.49,101.54,44.34,27.86,28.86,0,0,0,0,0,0
12.54,55.44,234.46,83.04,27.62,131.4,96.93,205.97,274.97,175.49,53.21,216.8,99.61,43.39,28.41,29.38,0,0,0,0,0,0
13.44,58.09,236.31,85.85,28.41,136.28,99.68,211.2,283.27,184.66,55.56,229.22,104.97,45.77,31.08,32.16,0,0,0,0,0,0
13.66,60.56,247.56,90.35,29.39,145.01,104.56,225.47,301.57,197.55,58.72,242.14,110.41,49.36,33.16,34.12,0,0,0,0,0,0
14.32,67.53,287.26,103.68,32.78,172.88,119.17,272.27,361.15,236.24,67.08,274.66,124.52,60.17,38.64,38.28,0,0,0,0,0,0
15.75,76.16,314,117.11,35.54,205.52,132.7,322.75,427.15,290.31,76.9,319.9,143.88,75.9,49.15,46.83,0,0,0,0,0,0
16.99,84.3,343.16,130.57,38.4,237.61,146.74,373.4,492.95,341.23,86.35,362.61,162.03,90.63,58.66,54.48,0,0,0,0,0,0
17.25,86.54,353.68,135.19,39.55,249.08,151.4,392.1,515.65,360.87,89.48,375.69,167.84,96.19,61.93,56.47,0,0,0,0,0,0
17.18,86.18,355.21,135.73,39.84,250.25,153.14,393.91,520.19,362.87,89.83,375.83,168.86,96,61.37,55.85,0,0,0,0,0,0
17.62,87.81,365.78,137.87,40.98,253.43,154.89,398.57,527.4,363.78,91.08,378.38,169.87,96.35,61.38,56.23,0,0,0,0,0,0
15.23,76.07,320.58,120.31,35.9,221,135.25,348.2,461,316.9,78.75,327.95,147,83.46,52.88,48,0,0,0,0,0,0
13.01,64.55,265.41,102.81,30.01,193.23,114.2,303.36,401.14,283.36,67.01,284.04,126.16,74.63,48.31,42.49,0,0,0,0,0,0
14.17,66.89,267.25,105.45,31.14,199.06,115.26,309.32,409.54,294.19,68.19,292.79,129.18,77.14,51.59,44.68,0,0,0,0,0,0
16.12,70.45,265.82,108.62,32.56,201.18,116.68,305.73,411.84,296.44,69.33,306.31,133.01,76.11,54.27,47.92,0,0,0,0,0,0
14.2,61.16,227.22,94.66,28.28,172.18,100.21,260.17,352.1,254.67,60.02,267.2,114.33,64.54,47.33,42.23,0,0,0,0,0,0
7.4,33.1,117.09,53.33,14.64,102.92,54.58,154.96,209.57,159.9,33.44,154.51,64.24,40.39,30.02,25.28,0,0,0,0,0,0
6.97,31.58,110.6,51.39,13.82,102.12,52.2,154.54,207.34,162.33,32.43,149.76,62.67,41.33,30.17,24.68,0,0,0,0,0,0
6.45,30.11,107.72,49.82,13.1,100.47,51.3,153,203.64,158.61,30.95,144.02,60.39,40.25,29.04,23.19,0,0,0,0,0,0
6.53,31.11,112.21,52.76,13.39,107.88,57.01,165.04,217.69,169.05,32.47,151.73,65.07,42.22,30.38,23.58,0,0,0,0,0,0
5.4,26.47,96.13,45.93,11.36,92.99,51.31,143.79,187.53,147.86,28.54,131.53,57.75,36.52,25.96,19.98,0,0,0,0,0,0
4.87,22.73,78.35,38.23,9.61,72.28,43.82,111.12,145,116.58,24.51,111.12,50.32,28.22,20.45,16.93,0,0,0,0,0,0
5.29,23.74,84.75,38.49,10.23,64.88,44.17,100.04,130.9,99.93,24.36,108.48,50.52,23.94,17.3,16.27,0,0,0,0,0,0
10.45,47.02,194.15,74.88,22.77,115.35,84.5,181.74,238.79,162.1,46.13,194.95,92.04,39.78,26.02,27.25,0,0,0,0,0,0
15.2,68.93,293.99,111.62,34.14,165.89,124.49,263.53,345.57,229.04,68.29,283.74,136.21,56.41,35.39,39.24,0,0,0,0,0,0
18.32,80.85,336.68,132.53,39.44,192.7,145.55,305.36,399.95,270.27,82.1,338.12,165.72,66.52,42.18,48.79,0,0,0,0,0,0
19.68,84.71,339.05,139.15,40.41,200.59,150.93,315.47,413.6,287.74,86.95,360.64,178.13,70.8,46.21,54.05,0,0,0,0,0,0
20.09,86.79,341.59,141.72,41.09,207.56,153.16,324.36,426.17,299.89,87.63,372.06,181.5,74.14,49.24,55.87,0,0,0,0,0,0
18.9,84.62,338.94,138.13,40.2,209.95,149.95,328.52,432.52,302.21,84.6,363.85,174.01,75.39,49.55,53.57,0,0,0,0,0,0
17.91,84.51,352.5,137.5,40.39,220.8,151.28,348.35,458.56,313.48,85.19,361.27,169.15,79.51,50.73,51.97,0,0,0,0,0,0
18,86.56,352.92,137.63,40.17,233.63,152.21,367.61,484.82,336.91,88.18,373.03,171.45,87.56,56.42,55.38,0,0,0,0,0,0
18.05,88.34,355.98,137.81,40.26,241.56,153.31,379.67,499.47,350.06,90.92,381.14,173.48,92.7,59.82,57.68,0,0,0,0,0,0
17.41,86.02,348.53,133.46,39.3,236.73,149.55,371.97,490.09,342.36,89.18,370.79,168.35,90.95,58.32,55.94,0,0,0,0,0,0
17.09,84.87,347.91,132.92,39.24,238.47,150.44,375.12,495.8,344.47,88.54,367.91,166.86,90.86,58.01,54.72,0,0,0,0,0,0
17.24,85.03,351.35,131.75,39.63,233.67,149.08,367.86,486.72,334.01,88.25,362.87,164.36,88.37,56.13,53.9,0,0,0,0,0,0
14.97,73.58,307.72,114.94,34.74,204.56,130.18,322.33,426.93,291.85,76.38,313.78,141.96,76.65,48.56,46.04,0,0,0,0,0,0
12.71,61.65,251.51,96.67,28.66,175.51,108.45,274.77,363.99,254.34,64.27,267.02,120.18,66.66,43.3,40.14,0,0,0,0,0,0
13.55,62.29,245.64,96.25,28.96,173.16,106.84,268.15,356.97,252.05,63.64,267.82,119.66,65.48,44.24,41.06,0,0,0,0,0,0
15.77,67.03,248.83,101.44,30.98,180.33,109.98,272.5,368.75,263.62,66.15,286.87,126.02,67.08,48.63,45.29,0,0,0,0,0,0
14.14,59.56,218.71,90.82,27.49,160.27,96.59,240.8,327.03,235.45,58.79,256.89,111.27,59.3,43.97,40.96,0,0,0,0,0,0
7.56,33.13,116.94,52.96,14.52,100.58,54.45,150.63,203.72,153.51,33.86,152.98,64.56,38.59,28.95,25.25,0,0,0,0,0,0
6.78,30.26,106.66,49.07,13.2,96.58,50.21,144.89,194.4,148.88,30.98,141.76,59.59,37.54,27.91,23.32,0,0,0,0,0,0
6.45,29.68,107.54,49.23,12.97,99.5,50.83,150.48,199.04,152.76,30.49,140.18,59.1,38.55,28.24,22.59,0,0,0,0,0,0
6.66,31.38,111.86,52.91,13.68,107.72,56.79,164.92,216.69,172.18,32.92,152.49,65.7,43.2,31.04,23.95,0,0,0,0,0,0
5.54,26.88,97.01,46.37,11.65,93.74,51.43,144.97,188.32,151.14,29.08,132.95,58.64,37.54,26.6,20.36,0,0,0,0,0,0
4.79,22.41,76.89,37.6,9.42,70.57,43.27,108.54,142.05,114,24.15,109.77,49.7,27.52,19.94,16.68,0,0,0,0,0,0
5.29,23.88,85.06,38.66,10.27,65.09,44.31,100.6,131.54,100.93,24.48,109.36,50.83,24.27,17.45,16.38,0,0,0,0,0,0
10.48,47.28,195.37,75.37,22.87,116.64,84.98,183.8,241.4,164.03,46.39,196.33,92.58,40.33,26.35,27.44,0,0,0,0,0,0
15.28,69.39,296.19,112.54,34.36,168.29,125.37,267.37,350.1,232.55,68.75,286.1,137.13,57.39,36.04,39.59,0,0,0,0,0,0
18.35,81,337.28,132.76,39.51,193.18,145.75,306.18,400.72,271.19,82.25,338.82,166.02,66.8,42.35,48.89,0,0,0,0,0,0
19.71,84.87,339.76,139.44,40.49,201.22,151.18,316.52,414.52,288.78,87.12,361.37,178.44,71.12,46.43,54.16,0,0,0,0,0,0
20.11,86.78,341.48,141.6,41.09,207.29,153,323.79,425.55,299.61,87.65,371.77,181.51,74.08,49.17,55.85,0,0,0,0,0,0
19.02,85.19,341.61,139.15,40.5,212.69,150.82,332.6,437.17,306.22,85.23,366.17,175.13,76.51,50.32,53.97,0,0,0,0,0,0
18.02,85.07,354.82,138.63,40.71,223.53,152.31,352.85,463.18,318.09,85.78,363.99,170.21,80.81,51.69,52.44,0,0,0,0,0,0
17.99,86.6,354.26,138.05,40.14,235.28,152.82,369.92,488.04,336.95,88.15,373.34,171.43,87.45,56.44,55.32,0,0,0,0,0,0
18.04,88.8,359.7,139.26,40.34,246.34,155.05,386.96,510.18,354.29,91.28,384.46,174.46,93.65,60.45,57.99,0,0,0,0,0,0
17.39,86.13,349.9,134.33,39.29,240.25,150.67,377.27,499.38,346.49,89.29,372.79,168.79,91.76,58.89,56.22,0,0,0,0,0,0
17.16,85.17,349.56,133.54,39.39,240.18,151.03,377.67,498.6,346.47,88.86,369.17,167.42,91.4,58.42,54.92,0,0,0,0,0,0
17.24,84.84,351.27,131.57,39.58,233.29,148.99,366.99,484.38,331.4,88.03,361.2,163.7,87.61,55.85,53.63,0,0,0,0,0,0
15.04,73.83,309.43,115.59,34.91,205.99,130.84,324.6,427.81,292.5,76.59,314.41,142.17,76.85,48.93,46.12,0,0,0,0,0,0
12.8,62.04,253.57,97.72,28.9,178.07,109.51,279,367.75,257.49,64.65,268.88,120.74,67.49,44.1,40.44,0,0,0,0,0,0
13.59,62.72,247.76,97.05,29.11,174.91,107.65,271.22,359.99,254.35,64.02,270.09,120.47,66.2,44.7,41.3,0,0,0,0,0,0
15.83,67.48,251.18,102.34,31.17,182.65,110.87,276.2,373.02,266.6,66.59,289.14,126.9,67.93,49.18,45.58,0,0,0,0,0,0
14.17,59.83,220.64,91.7,27.6,163.07,97.58,245.09,332.99,238.45,59.04,258.72,111.83,59.99,44.5,41.2,0,0,0,0,0,0
7.51,32.92,116.05,52.85,14.42,100.31,54.47,150.48,203.58,152.98,33.61,152.57,64.1,38.37,28.9,25.17,0,0,0,0,0,0
6.73,30.18,105.49,48.66,13.12,95.09,49.75,142.93,192.26,148.33,30.88,141.74,59.55,37.49,27.7,23.31,0,0,0,0,0,0
6.37,29.3,103.69,48.15,12.81,96.05,49.61,145.8,194.31,152.31,30.18,139.31,58.68,38.51,27.98,22.59,0,0,0,0,0,0
6.49,30.68,109.69,51.82,13.26,104.95,56.03,160.62,211.09,165.49,32.05,149.2,64.08,41.31,29.87,23.27,0,0,0,0,0,0
5.28,25.74,92.74,44.37,11,89,49.79,137.29,180.08,141.83,27.8,127.67,56.32,34.87,24.79,19.4,0,0,0,0,0,0
4.82,22.57,78.07,37.99,9.48,71.96,43.68,110.46,144.98,115.27,24.32,110.53,50.05,27.81,20.12,16.78,0,0,0,0,0,0
5.32,23.76,84.83,38.7,10.27,65.96,44.37,101.46,133.76,101.78,24.44,108.79,50.66,24.32,17.58,16.4,0,0,0,0,0,0
10.48,47.17,195.03,75.3,22.84,116.83,84.93,183.88,242.27,164.17,46.32,195.94,92.44,40.27,26.34,27.42,0,0,0,0,0,0
15.27,69.27,295.4,112.29,34.32,167.59,125.1,266.3,348.82,232.02,68.65,285.52,136.91,57.24,35.95,39.54,0,0,0,0,0,0
18.37,81.12,337.69,132.99,39.58,193.78,145.95,307.16,401.94,272.42,82.39,339.44,166.27,67.14,42.58,49.01,0,0,0,0,0,0
19.69,84.68,339.01,139.09,40.41,200.39,150.85,315.1,412.83,287.23,86.93,360.28,178.03,70.67,46.15,54.01,0,0,0,0,0,0
20.13,86.83,342.03,141.8,41.14,207.69,153.22,324.45,425.42,299.42,87.68,371.78,181.47,74.03,49.26,55.84,0,0,0,0,0,0
18.94,84.64,338.33,138.06,40.28,209.28,149.77,327.73,430.33,302.43,84.65,363.65,173.95,75.52,49.73,53.63,0,0,0,0,0,0
17.86,84.07,349.82,136.7,40.25,218.29,150.5,344.8,453.34,310.92,84.75,359.24,168.18,78.82,50.4,51.74,0,0,0,0,0,0
17.89,85.55,348.31,135.79,39.79,228.76,150.47,359.82,474.39,329.17,87.16,367.5,169.23,85.38,55.18,54.62,0,0,0,0,0,0
18,88.25,355.88,137.75,40.17,241.66,153.35,379.79,500.36,349.69,90.8,381.1,173.36,92.54,59.68,57.62,0,0,0,0,0,0
17.56,86.76,351.16,135.35,39.74,241.93,151.37,380.6,501.47,352.34,90.02,375.73,169.99,93.52,60.18,56.87,0,0,0,0,0,0
17.22,85.28,350.53,134.15,39.51,242.11,151.69,380.57,501.86,348.42,88.98,369.73,167.51,91.8,58.93,55.06,0,0,0,0,0,0
17.22,84.77,350.28,131.34,39.56,232.17,148.73,365.69,482.16,330.98,87.93,361.05,163.54,87.57,55.82,53.62,0,0,0,0,0,0
15.14,74.37,310.85,116.6,35.2,208.52,131.69,328.96,433.76,298.88,77.22,317.76,143.45,78.6,50.03,46.75,0,0,0,0,0,0
12.75,61.87,253.12,97.27,28.77,177.1,109.08,277.21,366.29,255.42,64.47,267.95,120.49,66.94,43.6,40.23,0,0,0,0,0,0
13.66,63.1,250.11,97.74,29.28,176.83,108.3,273.94,362.93,255.94,64.4,271.45,121.17,66.67,45.01,41.46,0,0,0,0,0,0
15.81,67.45,250.6,101.98,31.14,181.18,110.44,274.12,369.67,265.13,66.54,288.71,126.81,67.67,48.93,45.49,0,0,0,0,0,0
14.16,59.74,218.96,91.03,27.58,160.35,96.73,241.32,327.14,236.78,58.97,257.97,111.65,59.77,44.23,41.13,0,0,0,0,0,0
7.51,32.83,116.32,52.85,14.39,100.73,54.55,150.8,204.17,152.21,33.51,151.94,63.86,38.07,28.78,25.06,0,0,0,0,0,0
6.86,30.86,110.55,50.84,13.46,101.97,52.14,153.21,205.34,154.94,31.55,145.43,60.77,38.99,29.04,23.83,0,0,0,0,0,0
6.43,29.99,109.15,50.04,13.01,102.46,51.73,155.04,207.76,157.59,30.82,143.12,60.11,39.71,28.78,22.98,0,0,0,0,0,0
6.56,31.47,112.95,52.99,13.53,107.79,57.06,165.29,217.56,170.85,32.85,153.43,65.9,42.92,30.64,23.82,0,0,0,0,0,0
5.34,26.18,94.71,45.36,11.2,91.46,50.78,141.46,184.93,145.76,28.23,130.3,57.2,35.94,25.55,19.78,0,0,0,0,0,0
4.72,22.1,75.88,37.22,9.25,70.03,43.03,107.53,141.74,112.4,23.81,108.6,49.1,26.96,19.59,16.48,0,0,0,0,0,0
5.23,23.36,82.53,37.73,10.07,62.67,43.44,96.78,126.58,97.4,23.96,106.67,49.71,23.26,16.89,16.03,0,0,0,0,0,0
10.44,47.04,194.88,75.13,22.76,116.2,84.87,183.01,240.2,161.95,46.1,195.1,91.98,39.68,26.04,27.21,0,0,0,0,0,0
15.27,69.35,296.37,112.56,34.34,168.51,125.44,267.57,350.34,232.08,68.7,285.79,137,57.22,35.98,39.52,0,0,0,0,0,0
18.37,81.1,337.71,133,39.56,193.79,145.99,307.21,401.93,272.18,82.35,339.4,166.21,67.07,42.55,48.98,0,0,0,0,0,0
19.69,84.73,339.2,139.18,40.42,200.55,150.96,315.47,413.21,287.55,86.96,360.68,178.13,70.77,46.21,54.04,0,0,0,0,0,0
20.1,86.83,341.51,141.66,41.1,207.2,153.06,323.9,425.42,299.92,87.68,372.22,181.61,74.21,49.23,55.9,0,0,0,0,0,0
18.95,85.07,340.94,139.07,40.39,212.39,150.86,332.55,437.65,306.21,85.06,366.5,174.97,76.48,50.26,53.95,0,0,0,0,0,0
17.99,85.19,355.01,139.01,40.71,224.41,152.78,354.78,466.22,320.44,85.86,365.7,170.57,81.43,52.04,52.65,0,0,0,0,0,0
18.14,87.37,356.15,139.15,40.56,237.29,153.6,373.73,491.88,343.57,89.02,377.31,173.12,89.46,57.66,56.05,0,0,0,0,0,0
17.95,88.14,355.56,137.81,40.08,242.06,153.55,380.59,502.16,350.1,90.65,381.33,173.19,92.55,59.7,57.62,0,0,0,0,0,0
17.31,85.56,347.02,133.22,39.07,236.55,149.63,371.93,490.6,340.95,88.64,369.6,167.35,90.34,58.13,55.72,0,0,0,0,0,0
17.14,84.81,347.31,132.93,39.32,238.13,150.41,374.8,493.75,344.39,88.5,367.31,166.54,90.84,58.25,54.74,0,0,0,0,0,0
17.29,85.1,352.35,132.13,39.72,235.18,149.48,369.76,488.97,334.79,88.36,362.76,164.39,88.46,56.37,53.94,0,0,0,0,0,0
15,73.47,307.54,114.8,34.77,203.82,130.04,321.16,423.34,289.62,76.24,312.39,141.42,76.08,48.43,45.85,0,0,0,0,0,0
12.87,62.57,255.24,98.45,29.13,179.24,110.08,281.37,369.74,260.85,65.18,271.59,121.85,68.6,44.72,40.83,0,0,0,0,0,0
13.78,63.72,252.63,99.15,29.6,181.07,109.61,280.51,372.55,263.49,65.12,275.2,122.63,68.59,46.28,42.15,0,0,0,0,0,0
15.89,67.83,252.15,103.03,31.36,184.13,111.48,278.95,375.93,270.24,66.96,291.23,127.62,68.96,49.9,45.95,0,0,0,0,0,0
14.14,59.48,218.56,90.98,27.5,160.73,96.82,241.63,327.57,235.7,58.7,256.71,111.01,59.29,44.14,40.96,0,0,0,0,0,0
7.62,33.13,115.9,52.81,14.63,99.8,54.11,149.57,201.74,154.48,33.96,152.74,64.58,38.91,29.22,25.39,0,0,0,0,0,0
6.84,30.65,107.05,49.5,13.4,97.08,50.42,146.19,195.8,152.65,31.43,143.97,60.52,38.71,28.55,23.75,0,0,0,0,0,0
6.47,29.94,107.68,49.63,13.09,100.44,51.12,152.35,202.58,156.88,30.82,142.41,59.92,39.69,28.82,23,0,0,0,0,0,0
6.51,30.6,109.71,51.62,13.25,104.39,55.8,159.47,208.82,163.6,31.97,148.05,63.78,40.82,29.62,23.09,0,0,0,0,0,0
5.35,26.22,94.94,45.24,11.21,91,50.62,140.65,183.49,144.82,28.26,130.03,57.24,35.76,25.38,19.71,0,0,0,0,0,0
4.78,22.34,77.12,37.54,9.38,70.4,43.28,108.17,140.86,112.3,24.02,109.03,49.38,27.06,19.72,16.51,0,0,0,0,0,0
5.25,23.45,82.92,37.92,10.12,63,43.61,97.41,126.94,97.97,24.05,107.1,49.87,23.44,17.03,16.1,0,0,0,0,0,0
10.46,47.04,194.15,74.87,22.79,115.34,84.46,181.66,238.71,162.24,46.17,194.91,92.08,39.82,26.05,27.27,0,0,0,0,0,0
15.27,69.22,294.92,112.12,34.31,167.04,124.9,265.49,347.74,231.7,68.62,285.23,136.83,57.17,35.89,39.52,0,0,0,0,0,0
18.33,80.9,336.72,132.56,39.46,192.63,145.57,305.37,399.73,270.51,82.14,338.35,165.8,66.61,42.23,48.82,0,0,0,0,0,0
19.69,84.64,338.54,138.9,40.4,199.75,150.63,314.16,411.55,286.84,86.9,360.03,177.97,70.6,46.07,53.99,0,0,0,0,0,0
20.09,86.75,341.16,141.56,41.08,207,152.97,323.57,425.12,299.64,87.61,371.89,181.46,74.1,49.19,55.86,0,0,0,0,0,0
18.95,85.11,340.85,139.05,40.41,212.09,150.81,332.25,436.92,306.29,85.09,366.69,175.05,76.56,50.29,53.98,0,0,0,0,0,0
18.04,85.62,356.36,139.57,40.89,225.5,153.19,356.74,468.58,323.46,86.32,367.91,171.54,82.38,52.52,52.99,0,0,0,0,0,0
18,86.62,353,137.68,40.19,233.35,152.27,367.49,483.83,336.74,88.2,373.32,171.49,87.59,56.45,55.39,0,0,0,0,0,0
17.97,88,354.92,137.45,40.06,241.17,153.12,378.91,499.8,348.6,90.54,380.04,172.86,92.14,59.47,57.48,0,0,0,0,0,0
17.57,86.83,353.18,135.59,39.71,242.95,151.74,381.58,501.98,350,90.01,375.14,169.89,92.86,59.83,56.61,0,0,0,0,0,0
17.24,85.21,350.75,133.86,39.52,241.12,151.37,378.71,497.81,345.32,88.89,368.15,167.11,91.04,58.54,54.8,0,0,0,0,0,0
17.17,84.34,349.62,130.59,39.33,231.5,148.06,363.41,481.6,327.49,87.56,358.38,162.82,86.42,54.97,53.21,0,0,0,0,0,0
15.02,73.75,308.21,115.15,34.87,204.7,130.29,322.68,426.12,292.47,76.57,314.14,142.18,76.9,48.8,46.14,0,0,0,0,0,0
12.75,62.05,252.95,97.5,28.84,176.96,109.27,277.78,366.33,257.31,64.62,269.47,120.89,67.57,43.96,40.46,0,0,0,0,0,0
13.54,62.29,246.24,96.39,28.94,173.27,107.1,268.49,355.99,250.68,63.55,267.64,119.43,65.14,44.15,40.93,0,0,0,0,0,0
15.81,66.82,247.94,101.04,31,179.1,109.51,270.35,364.44,261.28,65.98,284.83,125.36,66.45,48.44,45.08,0,0,0,0,0,0
14.15,59.53,219.04,91.07,27.51,161.21,96.93,242.2,328.71,235.94,58.75,256.9,111.14,59.33,44.14,40.97,0,0,0,0,0,0
7.6,33.16,117.58,53.29,14.6,101.5,54.83,151.98,204.29,153.68,33.89,152.81,64.41,38.58,29.18,25.25,0,0,0,0,0,0
6.65,30.32,109.21,50.35,13.4,99.91,51.45,150.25,199.73,151.75,30.38,143.06,59.36,38.14,28.53,23.1,0,0,0,0,0,0
6.28,29.93,109.8,50.77,13.19,103.66,52.22,157.48,209.65,160.4,30.13,144.12,59.83,40.41,29.31,22.77,0,0,0,0,0,0
6.34,30.93,112.83,52.91,13.49,107.78,56.82,164.72,216.9,168.93,31.64,151.25,64.63,42.18,30.19,23.07,0,0,0,0,0,0
5.06,25.6,93.44,44.55,11.08,88.21,49.66,136.54,177.14,140.78,26.87,127.56,55.78,34.73,24.54,18.8,0,0,0,0,0,0
4.5,21.81,75.84,37.09,9.34,69.15,42.56,106.74,137.76,111.66,22.77,107.43,47.96,26.96,19.57,15.82,0,0,0,0,0,0
4.74,21.91,78.58,35.34,9.5,60.52,41.03,93.56,121.86,93.34,21.86,100.14,45.58,22.36,16.23,14.57,0,0,0,0,0,0
9.31,42.1,175.93,65.1,20.53,103.52,75.24,163.11,215.3,143.02,40.76,170.46,78.75,35.18,23.09,23.26,0,0,0,0,0,0
12.64,57.58,251.82,89.15,29.03,138.77,103.16,220.52,291.81,185.43,56.03,227.13,105.7,45.8,28.67,30.12,0,0,0,0,0,0
13.79,61.9,268.18,95.87,31.09,148.04,110.38,234.78,310.86,198.4,60.61,244.75,114.77,49.05,30.9,33.03,0,0,0,0,0,0
14.31,62.4,258.71,96.21,30.63,147.44,109.64,231.31,307.33,201.91,61.46,250.75,118.35,49.82,32.63,35.38,0,0,0,0,0,0
15.97,67.79,269.57,103.81,32.53,157.88,117.14,245.26,326.71,220.05,67.36,275.95,131.09,54.39,36.78,40.63,0,0,0,0,0,0
17.04,73.37,291.37,113.98,34.81,174.27,127.59,271.49,360.63,245.35,74.44,303.67,144.76,61.03,40.93,45.39,0,0,0,0,0,0
18.22,82.04,335.76,130.38,38.91,204.47,145.29,322.3,425.01,288.84,85.07,344.46,163.71,72.92,47.24,51.22,0,0,0,0,0,0
19.66,90.32,360.18,142.88,41.47,234.56,157.9,368.35,486.92,339.61,94.78,387.61,182.67,87.68,57.02,59.65,0,0,0,0,0,0
20.31,96.4,383.39,152.41,43.51,263.49,167.95,413.56,545.59,384.46,101.59,419.82,194.86,101.09,65.58,65.29,0,0,0,0,0,0
19.34,94.47,381.47,149.68,42.9,267.14,165.42,419.77,552.23,389.28,99.21,413.21,189.27,103.06,66.35,63.3,0,0,0,0,0,0
18.23,90.45,370.21,143.54,41.75,259.83,160.45,409.07,538.53,379.49,94.77,396.1,180.08,100.24,64.07,59.38,0,0,0,0,0,0
17.95,89.62,373.32,141.6,41.77,258.57,158.48,406.79,537.42,371.04,92.86,387.67,174.55,98.15,62.5,57.54,0,0,0,0,0,0
15.45,76.93,325.04,122.5,36.41,224.23,137.37,353.27,464.65,319.6,79.47,331.59,148.8,84.06,53.63,48.48,0,0,0,0,0,0
13.08,64.82,267.02,103.43,30.16,193.35,114.75,303.24,400.21,282.19,67.19,284.77,126.89,74.25,48.1,42.52,0,0,0,0,0,0
14.01,65.98,264.33,104.07,30.68,194.93,114.12,302.12,401.47,284.82,67.13,288.01,127.5,74.34,49.8,43.82,0,0,0,0,0,0
16.13,70.12,264.37,108.35,32.51,199.06,116.45,302.34,406.43,292.45,68.92,304.35,132.4,74.86,53.7,47.65,0,0,0,0,0,0
14.18,61.02,228.21,94.9,28.19,171.8,100.67,259,350.19,249.9,59.68,266.06,114.09,63.03,46.49,41.85,0,0,0,0,0,0
7.6,34.02,123.07,55.75,15.12,108.12,57.04,162.49,217.56,163.39,34.23,158.37,66.12,41.13,30.8,25.73,0,0,0,0,0,0
6.52,29.28,103.88,47.81,12.94,95.5,48.83,142.81,192.17,146.95,29.57,137.33,57.11,36.91,27.57,22.45,0,0,0,0,0,0
6.26,29.59,108.35,49.61,13.08,101.93,51.01,154.83,203.59,157.54,29.9,140.95,58.4,39.95,29.16,22.38,0,0,0,0,0,0
6.26,30.71,111.49,52.11,13.32,107.39,56.09,164.71,216.39,169.61,31.5,150.41,63.73,42.62,30.42,22.97,0,0,0,0,0,0
5.02,25.67,94.9,44.67,11,91.8,49.98,141.88,185.38,144.87,27.06,128.27,55.55,35.85,25.23,18.92,0,0,0,0,0,0
4.41,21.35,74.55,35.9,9.04,69.48,41.47,106.73,139.32,111.36,22.48,104.84,46.58,26.96,19.48,15.49,0,0,0,0,0,0
4.69,21.23,75.52,33.68,9.28,60.06,39.28,92.53,120.65,94.01,21.45,96.11,43.48,22.71,16.57,14.24,0,0,0,0,0,0
8.9,40.03,168.07,60.89,19.58,98.45,71.27,154.77,205.19,134.48,38.69,159.69,73.23,33.04,21.78,21.65,0,0,0,0,0,0
11.92,54.39,240.27,82.88,27.6,130.95,97.21,207.98,275.78,172.01,52.52,210.9,97.1,42.48,26.6,27.46,0,0,0,0,0,0
12.58,56.99,250.62,86.43,28.94,136.07,101.29,215.89,286.59,178.88,54.91,220.49,101.56,44.28,27.8,28.83,0,0,0,0,0,0
12.55,55.51,234.73,83.13,27.65,131.54,96.99,206.24,275.19,175.85,53.28,217.15,99.76,43.52,28.47,29.42,0,0,0,0,0,0
13.45,58.17,236.63,85.94,28.44,136.44,99.75,211.49,283.55,185,55.64,229.58,105.14,45.89,31.13,32.2,0,0,0,0,0,0
13.7,60.81,248.84,90.76,29.49,146.07,104.94,227.09,303.45,198.89,58.98,243.25,110.91,49.77,33.39,34.26,0,0,0,0,0,0
14.32,67.56,287.63,103.98,32.8,173.81,119.56,273.81,363.01,237.11,67.07,275.09,124.52,60.33,38.85,38.34,0,0,0,0,0,0
15.59,75.33,309.95,115.27,35.11,200.41,130.95,314.81,417.37,282.87,76.01,315.68,142.21,73.94,47.74,46.13,0,0,0,0,0,0
17.1,84.59,344.62,130.71,38.59,238.04,146.63,373.39,492.55,341.59,86.76,362.69,162.63,90.84,58.71,54.56,0,0,0,0,0,0
17.45,87.55,359.47,137.23,40.02,255.19,153.33,400.93,527.01,367.89,90.56,380.06,169.88,98.05,63.17,57.12,0,0,0,0,0,0
17.41,87.56,362.22,138.28,40.46,257.21,155.48,404.41,533.26,372.29,91.28,382.21,171.72,98.64,63.01,56.77,0,0,0,0,0,0
17.53,87.82,365.91,137.69,40.84,252.37,154.82,397.42,525.53,361.83,90.95,378.8,169.86,95.97,60.95,56.08,0,0,0,0,0,0
15.23,76.04,321.05,120.26,35.88,220.27,135.27,347.25,457.36,313.99,78.62,327.08,146.59,82.78,52.6,47.75,0,0,0,0,0,0
12.92,63.91,262.81,101.66,29.73,190.22,113.15,298.49,394.53,277.84,66.33,280.48,124.71,73.08,47.41,41.94,0,0,0,0,0,0
13.99,65.94,264.05,104.22,30.67,196.97,114.37,305.53,406.84,288.78,67.18,288.72,127.28,75.33,50.53,44.03,0,0,0,0,0,0
15.97,69.43,261.14,106.58,32.1,195.76,114.74,297.05,400.84,287.86,68.27,300.77,130.84,73.75,52.76,47.09,0,0,0,0,0,0
14.27,61.1,228.71,94.89,28.32,174.06,100.49,261.81,354.92,253.91,60.04,265.87,114.12,64.1,47.22,42.07,0,0,0,0,0,0
7.52,33.67,121,54.67,14.91,107.03,55.93,160.83,216.69,163.44,34.02,156.81,65.27,41.28,30.72,25.58,0,0,0,0,0,0
6.86,30.83,108.65,50.37,13.47,100.42,51.44,151.09,203.89,156.56,31.63,145.74,61.03,39.51,29.15,24.03,0,0,0,0,0,0
6.48,30.17,108.83,50.36,13.17,102.66,51.94,156,207.99,160.28,31.03,144.39,60.47,40.51,29.39,23.28,0,0,0,0,0,0
6.65,31.75,114.44,53.77,13.71,110.76,57.77,169.4,224.52,175.4,33.25,155.09,66.67,43.97,31.34,24.2,0,0,0,0,0,0
5.33,26.28,95.36,45.36,11.19,91.82,50.75,141.69,186.48,146.11,28.35,130.75,57.57,36.05,25.41,19.8,0,0,0,0,0,0
4.83,22.81,79.4,38.69,9.57,74.11,44.45,113.9,149.97,118.25,24.55,112.36,50.6,28.54,20.61,17.03,0,0,0,0,0,0
5.3,23.96,85.71,38.99,10.29,66.25,44.7,102.37,134.26,102.25,24.56,110.08,51.03,24.56,17.66,16.48,0,0,0,0,0,0
10.46,47.1,194.4,75.06,22.82,115.81,84.67,182.53,239.76,163.06,46.22,195.45,92.21,40.04,26.21,27.34,0,0,0,0,0,0
15.24,69.12,294.63,111.97,34.25,166.65,124.8,264.88,346.86,230.69,68.49,284.71,136.58,56.89,35.73,39.42,0,0,0,0,0,0
18.33,80.87,336.43,132.48,39.46,192.33,145.47,304.95,399.06,270.34,82.12,338.17,165.74,66.58,42.21,48.81,0,0,0,0,0,0
19.72,84.75,338.7,139.08,40.48,200.13,150.74,314.85,412.41,288.22,87.04,360.65,178.24,70.99,46.33,54.13,0,0,0,0,0,0
20.17,87.07,342.49,142.17,41.27,208.47,153.49,325.88,427.27,302.03,87.96,373.16,182.03,74.78,49.71,56.11,0,0,0,0,0,0
19.08,85.66,343.07,140.24,40.74,215.13,151.88,337.15,442.42,311.58,85.7,369.46,176.12,77.99,51.35,54.5,0,0,0,0,0,0
18.05,85.03,353.46,138.41,40.76,222.46,151.94,351.55,461.17,318.97,85.81,363.93,170.19,81.11,51.89,52.56,0,0,0,0,0,0
18.24,87.86,358.68,139.97,40.8,239.5,154.29,376.9,495.46,346.29,89.55,379.13,174.07,90.25,58.17,56.33,0,0,0,0,0,0
18.01,88.36,356.65,138.1,40.2,242.85,153.75,381.6,503.2,351.06,90.9,381.92,173.62,92.85,59.88,57.72,0,0,0,0,0,0
17.44,86.44,350.91,134.68,39.45,240.07,150.93,377.58,497.08,346.58,89.53,373.77,169.15,92.02,59.13,56.31,0,0,0,0,0,0
17.09,84.78,348.22,132.71,39.19,237.89,150.26,373.91,493.3,341.8,88.41,366.69,166.5,90.17,57.63,54.47,0,0,0,0,0,0
17.27,85.13,352.37,132.08,39.7,234.83,149.43,369.38,488.48,334.56,88.37,363.05,164.49,88.46,56.28,53.93,0,0,0,0,0,0
15.18,74.64,311.87,116.93,35.31,209.32,131.92,330.17,435.51,300.66,77.52,319.01,144.09,79.15,50.28,46.94,0,0,0,0,0,0
12.81,62.1,252.56,97.49,28.93,177.2,109.11,277.92,367.37,259.17,64.79,269.62,121.15,68.04,44.24,40.64,0,0,0,0,0,0
13.53,62.3,246.16,96.37,28.92,173.85,107.04,269.05,358.89,252.29,63.64,268.11,119.75,65.48,44.2,41.05,0,0,0,0,0,0
15.72,66.71,246.83,100.72,30.85,177.94,109.25,269.09,363.72,260.99,65.81,285.27,125.32,66.43,48.22,45.06,0,0,0,0,0,0
14.24,59.72,218.79,91.19,27.7,161.03,96.8,242.08,327.68,237.95,59.05,257.41,111.53,59.97,44.59,41.22,0,0,0,0,0,0
7.57,33.04,116.15,52.95,14.55,99.97,54.47,150.2,201.47,153.14,33.74,152.63,64.18,38.52,29.12,25.24,0,0,0,0,0,0
6.63,29.51,103.05,47.77,12.83,93.13,49.09,139.72,188.25,143.89,30.16,138.54,58.05,36.11,27.01,22.82,0,0,0,0,0,0
6.53,30.36,109.36,50.34,13.26,102.28,51.75,155.31,206.67,160.28,31.26,144.66,60.86,40.65,29.36,23.33,0,0,0,0,0,0
6.66,31.19,112.52,52.69,13.58,107.79,56.68,164.17,215.57,168.79,32.7,150.51,65.11,42.18,30.48,23.58,0,0,0,0,0,0
5.48,26.64,97.33,45.87,11.48,92.48,51.08,142.54,184.05,145.74,28.73,130.7,57.86,36.12,25.72,19.84,0,0,0,0,0,0
4.84,22.59,77.57,37.81,9.54,70.7,43.4,108.86,141.16,114.23,24.32,110.13,49.92,27.68,20.09,16.74,0,0,0,0,0,0
5.3,23.7,83.99,38.33,10.25,64.12,43.95,99.1,129.15,99.9,24.34,108.26,50.42,23.99,17.36,16.29,0,0,0,0,0,0
10.45,47.06,194.4,74.95,22.78,115.48,84.59,182,238.98,162.16,46.16,195.18,92.11,39.82,26.04,27.26,0,0,0,0,0,0
15.24,69.21,295.22,112.17,34.26,167.29,125.03,265.87,348.49,231.34,68.56,285.34,136.8,57.05,35.79,39.47,0,0,0,0,0,0
18.33,80.93,336.7,132.59,39.47,192.61,145.58,305.43,399.84,270.82,82.17,338.61,165.89,66.72,42.27,48.86,0,0,0,0,0,0
19.69,84.75,338.95,139.11,40.43,200.28,150.84,315.11,412.95,287.89,87,360.81,178.23,70.89,46.23,54.09,0,0,0,0,0,0
20.14,87,342.44,142.07,41.21,208.4,153.44,325.67,427.55,301.43,87.87,372.94,181.93,74.59,49.54,56.03,0,0,0,0,0,0
18.96,85.01,340.12,138.78,40.39,211.23,150.5,330.91,434.87,305.41,85.01,365.95,174.81,76.35,50.17,53.91,0,0,0,0,0,0
18.02,85.14,354.98,138.75,40.72,223.58,152.43,353.2,463.34,318.54,85.83,364.56,170.35,80.98,51.78,52.49,0,0,0,0,0,0
18.03,86.49,353.18,137.66,40.19,233.69,152.3,367.57,483.45,335.45,88.08,372.1,171.06,87.14,56.35,55.23,0,0,0,0,0,0
18.03,88.4,356.73,138.11,40.23,243.21,153.69,381.88,504.48,352,91,382.09,173.83,93.07,59.95,57.8,0,0,0,0,0,0
17.55,87.04,353.55,135.89,39.75,243.78,152.01,383.14,505.47,352.96,90.24,377.12,170.61,93.68,60.14,56.9,0,0,0,0,0,0
17.23,85.59,351.79,134.65,39.61,242.89,152.2,382.27,503.09,349.85,89.23,371.5,168.09,92.31,59.22,55.24,0,0,0,0,0,0
17.3,85.24,353.82,132.66,39.75,236.83,150.14,372.26,492.03,335.58,88.44,363.62,164.59,88.61,56.54,53.98,0,0,0,0,0,0
14.96,73.29,307.11,114.66,34.67,204.09,129.99,321.27,424.83,289.38,76.07,311.82,141.15,75.87,48.29,45.77,0,0,0,0,0,0
12.7,61.73,252.35,97.09,28.66,176.58,109,276.69,366.01,254.99,64.29,267.86,120.25,66.8,43.48,40.18,0,0,0,0,0,0
13.56,62.62,247.86,97.04,29.04,175.7,107.72,271.97,362.67,254.64,63.94,269.85,120.4,66.12,44.6,41.27,0,0,0,0,0,0
15.76,67.32,249.66,101.78,31.04,180.8,110.29,273.7,370.31,265.48,66.4,288.79,126.71,67.72,48.87,45.5,0,0,0,0,0,0
14.06,59.07,216.82,89.96,27.26,158.13,95.84,237.31,322.71,231.38,58.27,254.37,110.22,58.15,43.26,40.55,0,0,0,0,0,0
7.56,33.02,115.84,52.77,14.52,99.73,54.23,149.63,201.91,153.45,33.77,152.63,64.32,38.6,29.02,25.27,0,0,0,0,0,0
6.86,31.01,109.18,50.53,13.52,100.14,51.58,151.13,202.64,156.5,31.75,146.55,61.29,39.66,29.21,24.07,0,0,0,0,0,0
6.54,30.38,109.9,50.69,13.29,103.52,52.18,157.16,209.05,161.34,31.28,144.99,60.86,40.83,29.61,23.4,0,0,0,0,0,0
6.48,30.63,109.21,51.27,13.21,103.03,55.36,157.55,206.54,162.84,31.99,148.17,63.94,40.76,29.37,23.07,0,0,0,0,0,0
5.38,26.21,93.95,44.99,11.28,89.69,50.21,138.91,180.19,144.66,28.3,129.67,57.18,35.84,25.45,19.75,0,0,0,0,0,0
4.82,22.36,77.42,37.75,9.45,71.09,43.49,109.13,141.65,112.9,24.07,108.96,49.34,27.16,19.93,16.55,0,0,0,0,0,0
5.26,23.58,84.14,38.29,10.16,64.29,44.04,99.2,129.3,98.55,24.16,107.63,50.07,23.55,17.14,16.13,0,0,0,0,0,0
10.48,47.27,195.39,75.29,22.87,116.33,84.88,183.29,240.44,163.34,46.37,196.05,92.53,40.17,26.25,27.38,0,0,0,0,0,0
15.28,69.46,296.63,112.61,34.37,168.52,125.43,267.62,350.49,232.58,68.82,286.26,137.27,57.41,36.02,39.59,0,0,0,0,0,0
18.38,81.24,338.28,133.19,39.6,194.28,146.15,307.99,403.11,273.11,82.5,340.14,166.54,67.35,42.67,49.08,0,0,0,0,0,0
19.71,84.87,339.82,139.41,40.48,201.35,151.16,316.59,415.24,288.95,87.13,361.43,178.51,71.14,46.38,54.17,0,0,0,0,0,0
20.1,86.68,340.83,141.37,41.07,206.44,152.75,322.58,423.54,298.65,87.54,371.17,181.26,73.85,49.05,55.77,0,0,0,0,0,0
18.88,84.52,338.57,137.94,40.16,209.11,149.79,327.37,429.92,300.49,84.46,363.09,173.64,74.97,49.36,53.42,0,0,0,0,0,0
17.9,84.22,350.66,137.03,40.35,219.12,150.8,346.04,454.33,311.74,84.9,359.71,168.4,79.05,50.62,51.82,0,0,0,0,0,0
17.94,85.8,349.42,136.34,39.91,230.49,150.99,362.43,478.3,332.04,87.45,368.96,169.82,86.11,55.65,54.88,0,0,0,0,0,0
17.96,87.79,354.5,137.17,39.99,240.6,152.91,377.77,497.86,346.43,90.32,378.58,172.29,91.5,59.18,57.25,0,0,0,0,0,0
17.43,85.96,349.09,134.06,39.31,239.74,150.32,376.12,497.67,345.69,89.19,371.36,168.38,91.48,58.85,56.13,0,0,0,0,0,0
17.22,85.34,350.77,133.99,39.52,241.78,151.45,379.77,501.37,348.03,89.07,369.66,167.73,91.75,58.74,55.04,0,0,0,0,0,0
17.37,85.59,353.76,132.91,39.95,237.16,150.1,373.08,494.04,339.98,88.93,365.73,165.64,89.92,57.16,54.45,0,0,0,0,0,0
15.09,74.18,309.8,116.01,35.08,207.14,131.06,326.57,431.84,297.27,77.06,316.76,143.22,78.18,49.58,46.59,0,0,0,0,0,0
12.71,61.77,251.75,96.76,28.69,175.27,108.5,274.74,363.38,254.61,64.37,267.74,120.42,66.84,43.35,40.2,0,0,0,0,0,0
13.53,62.33,247.03,96.56,28.93,174.1,107.32,269.5,357.85,250.74,63.58,267.8,119.53,65.09,44.1,40.91,0,0,0,0,0,0
15.73,67.02,249.17,101.69,30.94,180.58,110.41,273.42,368.49,262.96,66.01,287.19,125.77,66.92,48.68,45.22,0,0,0,0,0,0
14.1,59.18,216.66,90.34,27.38,158.75,96.19,238.79,323.69,233.64,58.38,255.31,110.37,58.76,43.81,40.78,0,0,0,0,0,0
7.62,33.32,117.8,53.58,14.66,102.49,55.06,153.6,207.73,156.64,34.1,154.26,64.98,39.34,29.55,25.53,0,0,0,0,0,0
6.81,30.56,108.61,49.83,13.29,99.44,51.01,148.93,201.32,152.35,31.31,143.66,60.38,38.34,28.36,23.6,0,0,0,0,0,0
6.41,29.46,105.92,49.06,12.9,99.43,50.69,150.52,200.83,154.45,30.33,140.2,58.91,38.85,28.43,22.71,0,0,0,0,0,0
6.69,31.85,114.63,54.22,13.83,111.12,58.28,170.71,223.39,176.02,33.28,155.59,66.51,44.19,31.82,24.29,0,0,0,0,0,0
5.55,27.46,101.2,48.08,11.8,98.87,53.44,153.07,199.04,155.89,29.53,136.82,59.75,38.68,27.43,20.74,0,0,0,0,0,0
4.8,22.45,77.74,37.86,9.44,71.42,43.61,109.72,143.11,113.78,24.15,109.78,49.65,27.42,19.97,16.64,0,0,0,0,0,0
5.22,23.34,82.81,37.73,10.04,62.65,43.49,96.71,126.22,96.53,23.91,106.46,49.61,23.03,16.75,15.94,0,0,0,0,0,0
10.47,47.23,194.97,75.25,22.85,116.23,84.85,183.25,240.66,163.73,46.33,196.14,92.48,40.25,26.3,27.42,0,0,0,0,0,0
15.26,69.38,295.87,112.47,34.34,168.06,125.29,267.12,350.14,232.87,68.75,286.28,137.18,57.48,36.05,39.62,0,0,0,0,0,0
18.35,81.06,337.32,132.83,39.52,193.29,145.8,306.47,401.23,271.85,82.31,339.28,166.18,67,42.44,48.96,0,0,0,0,0,0
19.68,84.74,339.02,139.13,40.42,200.45,150.88,315.31,413.46,287.94,86.99,360.82,178.23,70.88,46.22,54.08,0,0,0,0,0,0
20.09,86.7,341.43,141.62,41.05,207.52,153.1,324.13,426.15,299.37,87.55,371.6,181.34,73.95,49.14,55.8,0,0,0,0,0,0
18.96,85,340.98,139.1,40.39,212.45,150.95,332.6,436.79,305.3,84.96,365.85,174.65,76.2,50.24,53.86,0,0,0,0,0,0
18.05,84.97,354.26,138.52,40.73,222.96,152.18,352.06,460.87,317.18,85.68,363.11,169.82,80.57,51.71,52.36,0,0,0,0,0,0
18.13,87.05,355.88,138.61,40.46,235.89,153.13,371.02,486.66,338.41,88.65,374.36,172.1,88.05,56.96,55.55,0,0,0,0,0,0
18.04,88.31,356.19,138.04,40.25,242.83,153.61,381.4,503.04,351.61,90.92,381.53,173.55,92.96,60.01,57.77,0,0,0,0,0,0
17.55,86.96,354.05,136.16,39.73,245.26,152.41,385.05,508.68,353.51,90.17,376.89,170.42,93.63,60.26,56.88,0,0,0,0,0,0
17.24,85.45,350.3,133.93,39.58,240.85,151.27,378.86,499.26,348.54,89.18,370.23,167.95,92.05,58.88,55.15,0,0,0,0,0,0
17.22,84.84,350.68,131.45,39.55,233.2,148.81,366.86,485.96,332.87,88.08,361.82,163.99,87.99,55.9,53.76,0,0,0,0,0,0
15.02,73.83,309.8,115.69,34.86,207.09,130.99,325.89,431.63,293.77,76.63,314.86,142.39,77.06,48.93,46.18,0,0,0,0,0,0
12.79,62.12,253.59,97.63,28.89,177.59,109.36,278.4,367.22,257.54,64.72,269.36,121,67.6,44.01,40.47,0,0,0,0,0,0
13.72,63.61,251.4,98.68,29.5,179.24,109.11,278.15,369.5,262.29,64.98,275.04,122.5,68.4,45.99,42.08,0,0,0,0,0,0
15.84,67.81,252.45,102.95,31.26,184.08,111.48,278.8,376.54,269.41,66.89,291.36,127.65,68.74,49.62,45.86,0,0,0,0,0,0
14.02,58.97,216.02,89.75,27.19,157.41,95.66,236.44,321.84,230.98,58.14,254.25,110.06,58.05,43.15,40.52,0,0,0,0,0,0
7.48,32.39,113.29,51.48,14.24,96.55,52.98,144.21,195.31,147.78,33.14,148.9,63,37.02,27.99,24.71,0,0,0,0,0,0
6.73,29.94,105.45,48.7,13.06,96.18,49.93,144.01,194.49,147.94,30.68,140.54,59.03,37.12,27.68,23.18,0,0,0,0,0,0
6.51,30.29,108.82,50.36,13.23,102.46,51.81,155.74,207.86,161.26,31.2,144.92,60.82,40.85,29.5,23.41,0,0,0,0,0,0
6.56,31.18,111.61,52.72,13.47,107.86,56.81,165,218.71,171.25,32.65,152.29,65.44,42.82,30.66,23.8,0,0,0,0,0,0
5.42,26.58,95.63,45.7,11.4,91.98,50.9,142.41,186.1,148.55,28.7,132.06,58.15,36.85,25.97,20.11,0,0,0,0,0,0
4.83,22.68,78.12,38.15,9.54,71.95,43.82,110.83,144.68,116.05,24.4,111.22,50.21,28.09,20.33,16.88,0,0,0,0,0,0
5.35,23.86,84.72,38.63,10.36,64.96,44.19,100.29,130.46,101.21,24.53,108.82,50.73,24.34,17.62,16.42,0,0,0,0,0,0
10.48,47.31,195.46,75.5,22.89,116.95,85.12,184.39,242.1,164.64,46.42,196.66,92.64,40.48,26.48,27.49,0,0,0,0,0,0
15.25,69.33,295.9,112.48,34.31,168.28,125.34,267.35,350.71,232.71,68.7,286.11,137.09,57.39,36.01,39.59,0,0,0,0,0,0
18.34,81.01,337.05,132.76,39.5,193.09,145.73,306.18,400.94,271.7,82.27,339.1,166.09,66.95,42.41,48.94,0,0,0,0,0,0
19.66,84.5,337.97,138.66,40.32,199.24,150.44,313.33,410.85,285.91,86.75,359.45,177.7,70.32,45.87,53.88,0,0,0,0,0,0
20.11,86.7,340.66,141.37,41.09,206.53,152.7,322.68,424.13,299.47,87.6,371.38,181.39,74.06,49.15,55.85,0,0,0,0,0,0
18.95,85.11,341.01,139.05,40.4,212.17,150.83,332.28,436.96,305.97,85.08,366.55,175.01,76.46,50.23,53.95,0,0,0,0,0,0
17.98,84.95,354.36,138.59,40.64,223.4,152.38,352.89,463.16,317.69,85.61,363.83,169.92,80.65,51.65,52.38,0,0,0,0,0,0
18.03,86.68,354.55,138.21,40.24,235.33,152.94,370.15,486.87,336.97,88.23,373.34,171.42,87.51,56.62,55.35,0,0,0,0,0,0
18.14,88.78,357.91,138.81,40.5,244.43,154.23,384.13,505.46,354.9,91.43,383.64,174.47,93.96,60.69,58.13,0,0,0,0,0,0
17.51,86.6,352.11,135.14,39.57,242.37,151.31,380.34,502.56,349.58,89.83,374.46,169.69,92.64,59.52,56.54,0,0,0,0,0,0
17.22,85.33,351.01,134.37,39.53,243.02,151.94,381.85,504.13,349.47,89.05,370.2,167.68,92.02,59.07,55.14,0,0,0,0,0,0
17.16,84.63,350.6,131.18,39.41,232.82,148.69,366,485.08,330.36,87.81,360.65,163.48,87.24,55.44,53.49,0,0,0,0,0,0
15.01,73.7,309.37,115.27,34.81,205.49,130.55,323.41,426.82,290.59,76.45,313.41,141.91,76.31,48.51,45.92,0,0,0,0,0,0
12.82,62.28,254.55,97.92,28.96,178.46,109.64,279.63,368.78,258.45,64.89,270.03,121.33,67.86,44.16,40.56,0,0,0,0,0,0
13.62,63.06,248.31,97.48,29.25,176.03,107.93,273.18,363.84,258.57,64.44,272.43,121.47,67.39,45.26,41.73,0,0,0,0,0,0
15.66,66.12,244.05,99.4,30.62,174.39,107.91,263.25,356.05,255.49,65.23,281.61,124.05,64.96,47.27,44.55,0,0,0,0,0,0
13.92,58.31,213.16,88.59,26.9,154.65,94.59,231.88,316.68,226.44,57.48,250.96,108.72,56.72,42.32,40.05,0,0,0,0,0,0
7.48,32.62,113.95,51.94,14.31,97.98,53.42,146.6,199.76,151.18,33.4,150.9,63.7,37.91,28.43,25.02,0,0,0,0,0,0
6.69,30.86,109.99,50.69,13.58,100.41,51.48,151.35,202.89,156.54,31.03,146.27,60.93,39.65,29.03,23.63,0,0,0,0,0,0
6.37,30.76,112.01,51.55,13.52,104.47,52.65,159.45,211.23,164.98,30.99,148.11,61.68,42.05,30.01,23.34,0,0,0,0,0,0
6.4,31.16,113.06,53.28,13.65,108.49,57.07,166.12,218.34,171.8,31.93,152.53,65.14,43,30.75,23.37,0,0,0,0,0,0
5.11,25.75,93.86,44.92,11.18,89.79,49.97,138.75,181.59,144.2,27.12,128.74,56.33,35.54,25.02,19.1,0,0,0,0,0,0
4.47,21.78,76.21,37.01,9.27,69.43,42.52,106.79,139.01,111.14,22.74,107.28,48,26.77,19.33,15.74,0,0,0,0,0,0
4.73,21.73,77.64,34.93,9.43,59.44,40.61,91.8,119.72,91.93,21.69,99.11,45.23,21.98,15.97,14.44,0,0,0,0,0,0
9.32,42.04,175.19,64.88,20.54,102.87,74.93,162.08,214.05,143,40.74,170.02,78.66,35.18,23.08,23.27,0,0,0,0,0,0
12.64,57.6,252.01,89.19,29.04,138.87,103.2,220.64,291.81,185.29,56.04,227.11,105.71,45.77,28.66,30.1,0,0,0,0,0,0
13.78,61.87,268.4,95.92,31.07,148.39,110.47,235.17,311.57,198.22,60.58,244.61,114.7,48.95,30.87,32.99,0,0,0,0,0,0
14.3,62.34,258.55,96.1,30.59,147.12,109.57,230.84,306.55,201.11,61.37,250.44,118.2,49.61,32.5,35.3,0,0,0,0,0,0
15.97,67.8,270.04,103.98,32.52,158.61,117.36,246.23,328.21,220.29,67.36,276.04,131.09,54.39,36.82,40.62,0,0,0,0,0,0
17.06,73.27,291.21,113.9,34.81,174.17,127.53,271.15,359.7,244.47,74.35,302.84,144.45,60.75,40.87,45.3,0,0,0,0,0,0
18.16,81.56,333.35,129.37,38.72,202.08,144.26,318.26,420.83,285.73,84.64,341.92,162.83,72.02,46.6,50.91,0,0,0,0,0,0
19.66,90.34,361.62,142.95,41.44,235.08,158.08,368.62,486.79,337.33,94.74,386.9,182.53,87.05,56.65,59.41,0,0,0,0,0,0
20.34,96.53,383.95,152.46,43.57,262.96,167.94,412.97,543.11,383.44,101.68,419.89,194.95,100.97,65.53,65.25,0,0,0,0,0,0
19.51,95.35,384.16,151.54,43.39,271.75,167.09,427.69,562.22,399.5,100.2,418.66,191.22,105.83,68.24,64.3,0,0,0,0,0,0
18.23,90.37,369.83,143.65,41.76,260.02,160.63,409.63,538.7,379.83,94.68,396.04,179.84,100.28,64.25,59.4,0,0,0,0,0,0
17.91,89.13,370.55,140.35,41.6,254.52,157.15,400.59,527.78,365.47,92.36,384.3,173.35,96.78,61.67,57.07,0,0,0,0,0,0
15.52,77.37,325.53,122.74,36.62,224.27,137.3,353.62,465.45,323.05,80.01,333.74,149.96,85.21,54.09,48.9,0,0,0,0,0,0
13.18,64.93,267.26,103.45,30.33,193.11,114.58,302.62,397.95,282.08,67.38,284.18,126.95,74.3,48.26,42.55,0,0,0,0,0,0
13.97,65.91,263.78,104.18,30.63,195.35,114.34,303.12,403.5,286.12,67.03,288.63,127.44,74.6,49.99,43.91,0,0,0,0,0,0
16.09,69.88,263.13,107.83,32.4,198.17,115.91,300.59,405.73,291.56,68.74,303.22,132.08,74.54,53.4,47.54,0,0,0,0,0,0
14.28,61.42,227.97,95.38,28.48,172.92,100.82,261.1,354.3,256.61,60.29,268.81,115.35,64.89,47.54,42.54,0,0,0,0,0,0
7.41,33.2,117.72,53.42,14.66,103.17,54.64,155.23,209.97,159.92,33.54,154.81,64.46,40.43,29.98,25.29,0,0,0,0,0,0
6.58,30.25,107.52,49.4,13.27,98.68,50.34,148.84,198.94,153.51,30.45,143.04,59.15,38.95,28.68,23.16,0,0,0,0,0,0
6.15,29.53,108.57,49.51,12.89,102.31,51.07,155.27,206.82,157.52,29.78,141.62,58.58,39.86,28.8,22.33,0,0,0,0,0,0
6.34,31.09,114.41,53.13,13.5,111.04,57.14,169.68,223.58,172.88,31.93,152.05,64.52,43.34,30.97,23.22,0,0,0,0,0,0
4.87,24.39,89.05,42.2,10.49,85.19,47.59,131.23,171.16,134.31,25.76,121.03,52.74,32.93,23.49,17.9,0,0,0,0,0,0
4.26,20.32,70.2,34.08,8.59,64.8,39.84,99.21,129.62,103.22,21.39,99.47,44.34,24.65,18.11,14.68,0,0,0,0,0,0
4.48,20.36,72.12,32.01,8.77,55.63,37.88,85.67,112.24,85.84,20.43,91.96,41.63,20.49,15.04,13.43,0,0,0,0,0,0
8.91,39.93,167.57,60.7,19.58,97.92,71.04,153.86,203.75,133.74,38.62,158.93,72.99,32.83,21.69,21.58,0,0,0,0,0,0
11.92,54.26,239.59,82.66,27.58,130.47,96.97,207.13,274.8,171.54,52.43,210.18,96.85,42.33,26.53,27.41,0,0,0,0,0,0
12.56,56.85,250.05,86.22,28.87,135.72,101.11,215.24,286.21,178.26,54.78,219.9,101.31,44.06,27.66,28.76,0,0,0,0,0,0
12.55,55.47,234.66,83.09,27.63,131.6,96.97,206.24,275.49,175.74,53.24,216.95,99.69,43.46,28.43,29.39,0,0,0,0,0,0
13.42,58,235.98,85.68,28.34,135.93,99.54,210.63,282.85,183.99,55.46,228.87,104.82,45.57,30.92,32.09,0,0,0,0,0,0
13.67,60.63,248.15,90.6,29.41,145.81,104.86,226.76,303.12,198.28,58.77,242.61,110.51,49.54,33.31,34.16,0,0,0,0,0,0
14.31,67.48,286.42,103.65,32.78,172.68,119.12,272.33,361.4,237.4,67.03,274.96,124.48,60.47,38.85,38.38,0,0,0,0,0,0
15.72,75.83,312.06,116.7,35.44,205.1,132.29,322,428.12,291.24,76.66,319.08,143.47,75.99,49.19,46.84,0,0,0,0,0,0
17.16,84.65,344.97,131.24,38.71,240.14,147.13,376.48,497.43,345.17,86.9,363.45,162.85,91.61,59.36,54.81,0,0,0,0,0,0
17.27,86.13,353.44,134.73,39.46,249.41,150.95,391.18,515.83,358.39,89.17,372.62,166.99,95.24,61.45,56.1,0,0,0,0,0,0
17.09,85.52,352.57,134.37,39.56,246.01,151.85,387.42,509.62,355.21,89.06,371.6,167.16,94.03,60.22,55.13,0,0,0,0,0,0
17.32,86.29,358.51,134.69,40.23,243.68,151.95,384.15,506.56,348.87,89.32,370.44,166.4,92.51,58.9,54.84,0,0,0,0,0,0
15.19,75.69,318.96,119.73,35.78,219.16,134.74,345.58,456.1,313.67,78.31,325.81,145.98,82.59,52.51,47.66,0,0,0,0,0,0
12.99,64.3,265.64,102.56,29.89,192.96,114.08,302.43,399.2,279.86,66.69,282.04,125.4,73.6,47.81,42.1,0,0,0,0,0,0
13.81,65.06,260.7,102.43,30.19,191.57,112.82,297.34,394.38,278.48,66.1,283.69,125.12,72.67,48.85,43.06,0,0,0,0,0,0
15.89,69.05,260.87,106.13,31.89,194.74,114.53,295.28,397.34,282.97,67.75,298.42,129.75,72.38,52.04,46.57,0,0,0,0,0,0
14.14,60.79,226.46,93.93,28.08,170.41,99.59,257.01,347.51,249.72,59.59,264.58,113.39,63.2,46.49,41.74,0,0,0,0,0,0
7.47,33.44,119.81,54.16,14.79,105.46,55.45,158.55,213.38,161.23,33.75,155.63,64.76,40.73,30.35,25.38,0,0,0,0,0,0
6.88,30.83,108.83,50.16,13.49,99.45,51.17,149.56,200.27,154.39,31.6,144.83,60.83,39.06,28.9,23.86,0,0,0,0,0,0
6.44,29.8,107.44,49.45,13,100.32,51,151.97,202.65,155.95,30.66,141.75,59.66,39.38,28.61,22.87,0,0,0,0,0,0
6.43,30.19,106.96,50.33,13.04,100.68,54.38,153.7,202.06,159.85,31.59,145.75,63.1,39.94,28.8,22.78,0,0,0,0,0,0
5.29,25.57,91.3,43.72,10.98,86.65,49.01,133.82,174.33,139.43,27.65,126.19,55.88,34.37,24.46,19.23,0,0,0,0,0,0
4.73,22.08,75.43,36.94,9.25,68.82,42.67,105.81,138.6,111.1,23.78,108.07,48.98,26.73,19.41,16.39,0,0,0,0,0,0
5.28,23.71,84.47,38.43,10.22,64.69,44.11,99.83,130.6,99.97,24.33,108.42,50.47,23.96,17.31,16.27,0,0,0,0,0,0
10.44,47.05,194.46,75,22.76,115.81,84.66,182.44,240.02,162.52,46.15,195.28,92.13,39.87,26.06,27.28,0,0,0,0,0,0
15.21,69.03,294.66,111.91,34.18,166.9,124.8,265.04,347.96,230.3,68.39,284.45,136.46,56.71,35.57,39.34,0,0,0,0,0,0
18.32,80.83,336.44,132.46,39.42,192.51,145.48,305.1,399.78,270.27,82.08,338.09,165.69,66.52,42.15,48.79,0,0,0,0,0,0
19.66,84.55,338.3,138.78,40.35,199.56,150.55,313.83,411.4,286.26,86.8,359.69,177.8,70.42,45.95,53.91,0,0,0,0,0,0
20.09,86.7,340.9,141.41,41.07,206.57,152.79,322.84,424.03,299,87.57,371.42,181.34,73.95,49.09,55.81,0,0,0,0,0,0
18.84,84.38,337.63,137.61,40.08,208.27,149.45,326.16,428.96,300.04,84.32,362.69,173.46,74.85,49.2,53.36,0,0,0,0,0,0
17.89,84.54,352.23,137.5,40.4,220.66,151.26,348.4,458.72,314.25,85.21,361.74,169.26,79.76,50.83,52.04,0,0,0,0,0,0
17.92,86.24,352.14,137.2,39.98,232.78,151.94,366.24,483.26,334.27,87.77,371.59,170.73,86.78,55.94,55.06,0,0,0,0,0,0
17.88,87.54,352.92,136.37,39.83,238.14,152.06,374.13,493.36,343.72,90.03,377.33,171.85,90.9,58.58,57,0,0,0,0,0,0
17.27,85.34,346.41,132.69,38.95,235.54,149.05,369.94,488.91,338.91,88.42,368.19,166.98,89.77,57.63,55.47,0,0,0,0,0,0
17.03,84.21,345.09,131.67,39,235.11,149.23,369.71,487.92,338.73,87.85,363.92,165.31,89.29,57.13,54.15,0,0,0,0,0,0
17.16,84.27,348.05,130.33,39.35,230.13,147.69,362,479.04,328.18,87.5,358.47,162.7,86.72,55.16,53.3,0,0,0,0,0,0
14.97,73.13,305.38,113.98,34.67,201.48,129.11,317.54,418.48,287.38,75.94,310.37,140.72,75.51,48.05,45.63,0,0,0,0,0,0
12.6,60.93,248.86,95.72,28.35,173.15,107.73,271.15,358.91,249.32,63.47,263.67,118.52,65.16,42.55,39.59,0,0,0,0,0,0
13.53,62.45,247.34,96.77,28.95,175.11,107.48,270.97,361.45,253.28,63.75,268.97,120.04,65.73,44.36,41.11,0,0,0,0,0,0
15.66,66.21,245.66,100.01,30.64,176.57,108.7,266.46,359.94,256.34,65.25,282.15,124.07,65.06,47.5,44.55,0,0,0,0,0,0
13.94,58.37,213.31,88.74,26.94,154.99,94.73,232.54,317.17,227.18,57.53,251.28,108.81,56.93,42.5,40.12,0,0,0,0,0,0
7.47,32.1,112.65,51.26,14.17,96.38,52.87,143.67,194.11,145.91,32.83,147.13,62.21,36.38,27.81,24.48,0,0,0,0,0,0
6.71,29.85,105.33,48.59,13.01,95.52,49.91,143.24,191.89,145.91,30.49,139.78,58.58,36.63,27.49,22.99,0,0,0,0,0,0
6.46,30.15,109.37,50.34,13.11,103.03,51.97,156.26,208.88,159.57,30.99,144.14,60.44,40.29,29.19,23.18,0,0,0,0,0,0
6.52,30.6,109.88,51.47,13.24,104.57,55.57,159.22,209.96,163.84,32.04,147.84,63.97,40.85,29.49,23.09,0,0,0,0,0,0
5.33,25.86,93.36,44.4,11.09,88.73,49.73,136.81,178.1,141.07,27.92,127.47,56.42,34.78,24.76,19.36,0,0,0,0,0,0
4.77,22.24,76.57,37.49,9.34,70.91,43.24,108.75,143.41,113.72,23.99,109.13,49.41,27.31,19.82,16.6,0,0,0,0,0,0
5.29,23.73,84.22,38.46,10.24,64.76,44.1,100.02,131.11,100.89,24.38,108.71,50.57,24.2,17.46,16.36,0,0,0,0,0,0
10.43,46.94,193.74,74.7,22.73,114.86,84.33,180.99,237.9,161.46,46.05,194.58,91.89,39.61,25.89,27.19,0,0,0,0,0,0
15.24,69.2,295.19,112.14,34.25,167.19,124.99,265.72,348.18,231.16,68.55,285.25,136.77,57.02,35.77,39.45,0,0,0,0,0,0
18.36,81.15,337.68,133,39.56,193.68,145.97,307.16,401.98,272.56,82.4,339.77,166.35,67.21,42.58,49.03,0,0,0,0,0,0
19.69,84.75,339.16,139.18,40.43,200.56,150.95,315.51,413.47,287.88,86.99,360.82,178.2,70.87,46.24,54.07,0,0,0,0,0,0
20.13,86.93,341.77,141.83,41.18,207.62,153.16,324.55,426.15,300.99,87.81,372.62,181.83,74.51,49.44,56,0,0,0,0,0,0
18.97,84.97,339.66,138.62,40.41,210.67,150.26,330.1,433.52,305.23,84.99,365.59,174.72,76.34,50.16,53.9,0,0,0,0,0,0
17.96,84.9,352.86,138.01,40.61,221.01,151.62,349.68,458.56,316.79,85.58,363.58,169.92,80.63,51.44,52.36,0,0,0,0,0,0
17.92,86.08,351.19,136.78,39.95,231.17,151.48,363.86,478.88,331.97,87.6,370.29,170.24,86.24,55.66,54.88,0,0,0,0,0,0
17.97,88.08,356.09,137.85,40.08,242.74,153.6,381.15,503.05,349.66,90.61,380.62,173.02,92.34,59.63,57.51,0,0,0,0,0,0
17.39,85.99,349.21,133.98,39.28,238.95,150.24,375.36,495.56,344.56,89.12,371.53,168.33,91.32,58.68,56.02,0,0,0,0,0,0
17.01,84.18,344.85,131.63,38.97,235.08,149.19,369.69,488.48,339.08,87.83,364.1,165.35,89.37,57.13,54.17,0,0,0,0,0,0
17.1,84.29,348.79,130.62,39.27,231.28,148.16,363.82,482.36,328.69,87.44,359.27,162.79,86.76,55.15,53.3,0,0,0,0,0,0
14.97,73.55,308.08,115.11,34.77,204.79,130.4,322.87,425.95,291.03,76.28,313.35,141.62,76.43,48.62,45.93,0,0,0,0,0,0
12.68,61.54,250.27,96.37,28.62,174.15,108.11,273.2,361.42,253.93,64.15,266.86,119.97,66.64,43.26,40.12,0,0,0,0,0,0
13.55,62.56,246.74,96.78,29.03,174.14,107.4,270.25,358.99,253.95,63.84,269.7,120.19,66.09,44.6,41.25,0,0,0,0,0,0
15.82,67.05,248.25,101.39,31.09,179.94,109.77,272.03,367.31,264.48,66.23,286.66,126.02,67.37,48.89,45.38,0,0,0,0,0,0
13.98,58.74,215.05,89.36,27.09,156.48,95.31,234.97,320.01,229.44,57.9,253.15,109.59,57.62,42.88,40.36,0,0,0,0,0,0
7.53,32.89,114.15,52.42,14.48,98.56,53.8,148.25,200.72,154.26,33.68,152.65,64.23,38.85,29.1,25.35,0,0,0,0,0,0
6.37,28.66,100.88,46.36,12.58,91.31,47.46,136.45,183.99,140.7,28.85,134.17,55.82,35.32,26.39,21.87,0,0,0,0,0,0
6.05,28.59,103.7,47.7,12.55,97.05,49.29,147.28,195.25,150.25,28.81,136.47,56.44,37.91,27.72,21.65,0,0,0,0,0,0
6.07,29.3,105.28,49.44,12.72,100.73,53.56,153.77,202.89,158.63,30.07,142.7,60.74,39.51,28.5,21.87,0,0,0,0,0,0
4.89,24.65,88.95,42.46,10.61,85.29,47.7,132.04,172.26,137.48,26.07,122.98,53.46,33.92,24,18.25,0,0,0,0,0,0
4.27,20.51,69.81,34.06,8.67,63.92,39.65,98.48,128.2,104.57,21.59,100.67,44.83,25.21,18.32,14.88,0,0,0,0,0,0
4.45,20.18,71.32,31.62,8.68,54.72,37.49,84.1,110.58,84.38,20.26,90.96,41.29,20.07,14.74,13.29,0,0,0,0,0,0
9.12,41.4,173.94,63.78,20.24,101.85,73.9,160.19,211.59,139.62,39.86,166.74,76.88,34.33,22.48,22.54,0,0,0,0,0,0
13.53,64.16,280.94,104,32.35,158.01,116.59,251.57,329.42,215.89,61,262.96,123.07,53.39,33,34.34,0,0,0,0,0,0
17.73,81.38,344,135.81,40.11,197.62,147.86,313.91,408.99,277.87,80.1,344.4,166.85,68.53,42.9,47.93,0,0,0,0,0,0
21.96,94.36,373.94,157.84,44.67,223.3,168.8,351.48,459.13,324.83,97.79,408.42,204.09,79.85,51.98,62.04,0,0,0,0,0,0
23.92,99.77,382.84,164.49,46.37,234.12,175.78,365.77,479.83,343.73,104.92,432.32,216.63,84.68,56.62,67.95,0,0,0,0,0,0
21.72,94.08,368.62,154.67,44.06,229.56,166.41,359.38,471.56,335.02,97.31,407.62,199.39,83.35,55.26,62.46,0,0,0,0,0,0
17.67,86.52,364.27,143.79,41.89,228.76,156.25,362.3,473.23,328.8,84.78,375.32,174.28,83.53,52.82,52.47,0,0,0,0,0,0
17.49,86.56,357.58,139.56,40.64,236.22,153.3,372.13,487.44,339.98,86.07,375.13,171.11,88.4,56.68,54.24,0,0,0,0,0,0
16.95,83.73,339.32,129.11,38.21,231.1,145,362.86,480.23,333.33,85.73,359.06,161.51,88.46,56.99,53.97,0,0,0,0,0,0
16.75,83.13,337.71,128.15,38.04,230.49,144.54,362.26,478.51,332.86,86.01,357.17,160.79,88.54,56.86,53.74,0,0,0,0,0,0
16.67,82.56,338.44,128.37,38.29,230.05,146.04,361.9,477.57,331.4,86.06,355.65,160.99,87.49,56.01,52.84,0,0,0,0,0,0
16.9,83.14,345.18,128.55,38.86,227.96,146.13,358.21,473.52,321.65,86.09,352.54,159.6,84.93,54.17,52.18,0,0,0,0,0,0
14.78,73,307.17,114.23,34.54,204.47,129.52,321.9,425.56,289.3,75.49,310.73,140.19,75.96,48.21,45.33,0,0,0,0,0,0
12.44,60.92,249.57,95.61,28.33,173.74,107.47,272.38,360.35,250.78,63.12,264.13,118.22,65.76,42.68,39.34,0,0,0,0,0,0
13.31,61.91,246,95.77,28.73,173.4,106.41,268.48,357.37,250.38,62.8,266.37,118.46,65.11,43.83,40.4,0,0,0,0,0,0
15.43,65.78,244.45,99.27,30.49,175.87,107.79,265.55,359.17,256.31,64.44,280.7,122.9,65.18,47.36,44.06,0,0,0,0,0,0
13.65,57.67,211.56,87.56,26.66,153.13,93.49,229.77,313.16,223.94,56.35,248.18,106.89,56.19,41.88,39.28,0,0,0,0,0,0
7.17,31.85,111.48,50.55,13.99,95.32,51.93,142.93,194.24,147.69,32.08,147.62,61.61,37.17,27.76,24.12,0,0,0,0,0,0
6.34,28.74,100.67,46.37,12.56,90.92,47.46,136.32,183.96,141.39,28.9,135.12,56.07,35.59,26.43,21.96,0,0,0,0,0,0
5.99,28.39,102.82,47.28,12.41,96.29,48.91,145.91,194.87,149.21,28.62,135.77,56.19,37.57,27.38,21.52,0,0,0,0,0,0
6.09,29.5,105.65,49.72,12.8,101.23,53.77,154.83,204.38,160.65,30.28,144.03,61.24,40.11,28.81,22.08,0,0,0,0,0,0
4.81,24.28,87.25,41.46,10.38,82.58,46.72,127.66,167.05,133.2,25.66,120.8,52.73,32.83,23.13,17.86,0,0,0,0,0,0
4.24,20.27,69.48,33.84,8.56,63.93,39.55,98.06,128.19,102.93,21.35,99.32,44.29,24.63,18.03,14.67,0,0,0,0,0,0
4.51,20.51,72.99,32.27,8.83,56.4,38.11,86.73,113.5,86.57,20.59,92.47,41.91,20.69,15.17,13.5,0,0,0,0,0,0
9.15,41.54,174.54,64.12,20.32,102.88,74.23,161.8,213.78,141.36,40.02,167.58,77.19,34.77,22.79,22.69,0,0,0,0,0,0
13.57,64.16,280.58,103.98,32.42,157.79,116.49,251.27,328.41,216.2,61.04,262.7,123.01,53.49,33.15,34.38,0,0,0,0,0,0
17.79,81.51,344.15,135.95,40.23,197.78,147.88,314.2,408.89,279.04,80.28,344.81,167.12,68.9,43.15,48.07,0,0,0,0,0,0
21.96,94.38,373.9,157.81,44.69,223.08,168.75,351.2,458.51,324.71,97.8,408.41,204.1,79.85,51.98,62.04,0,0,0,0,0,0
23.96,99.88,383.14,164.66,46.44,234.53,175.88,366.39,480.59,344.84,105.06,432.79,216.88,85,56.82,68.06,0,0,0,0,0,0
21.75,94.1,368.53,154.51,44.11,229.07,166.12,358.38,470.07,334.61,97.39,407.14,199.44,83.29,55.19,62.45,0,0,0,0,0,0
17.63,86.53,364.77,143.86,41.82,229.28,156.42,362.98,474.98,328.67,84.74,375.65,174.35,83.45,52.68,52.43,0,0,0,0,0,0
17.44,86.53,357.5,139.5,40.57,235.91,153.3,371.84,487.16,339.42,85.99,375.29,171.07,88.28,56.54,54.19,0,0,0,0,0,0
16.93,83.53,339.01,128.72,38.13,229.77,144.68,360.71,475.71,329.51,85.45,357.22,160.8,87.48,56.5,53.62,0,0,0,0,0,0
16.74,83.02,338.3,128.08,37.97,230.97,144.58,362.41,479.34,331.34,85.89,356.28,160.54,88.02,56.54,53.55,0,0,0,0,0,0
16.75,83.25,341.95,129.64,38.55,233.3,147.28,367.08,483.71,335.59,86.72,359.05,162.36,88.71,56.74,53.25,0,0,0,0,0,0
16.89,83.33,345.31,128.72,38.9,228.05,146.24,358.78,474.67,323.52,86.28,354.07,160.15,85.53,54.39,52.39,0,0,0,0,0,0
14.65,72.33,304.06,113.02,34.21,201.12,128.46,316.88,419.14,284.12,74.74,307.66,138.77,74.53,47.31,44.82,0,0,0,0,0,0
12.37,60.27,246.5,94.41,28.09,170.56,106.32,267.29,353.54,245.97,62.48,260.57,116.81,64.41,41.91,38.87,0,0,0,0,0,0
13.36,61.97,245.76,95.96,28.83,174.01,106.5,269.44,359.04,252.63,62.95,266.93,118.69,65.67,44.24,40.61,0,0,0,0,0,0
15.53,66.4,246.78,100.27,30.79,177.86,108.64,269.09,362.42,260.39,65.07,283.71,124.13,66.45,48.16,44.51,0,0,0,0,0,0
13.89,58.68,216.14,89.7,27.25,159.23,95.41,239.02,324.79,233.61,57.51,253.02,109,58.74,43.7,40.19,0,0,0,0,0,0
7.27,32.24,113.78,51.6,14.22,98.54,52.97,147.68,200.25,151.63,32.52,149.51,62.36,38.13,28.55,24.47,0,0,0,0,0,0
6.49,29.65,104.47,48.09,13.01,95.01,49.04,143.14,191.39,148.38,29.83,139.74,57.88,37.6,27.79,22.68,0,0,0,0,0,0
6.02,28.42,101.78,47,12.47,94.84,48.45,144.03,191.75,149.41,28.69,135.75,56.29,37.78,27.45,21.61,0,0,0,0,0,0
6.07,29.46,105.56,49.71,12.77,101.11,53.81,154.76,204.04,160.2,30.21,143.95,61.11,39.99,28.76,22.04,0,0,0,0,0,0
4.94,25.15,91.43,43.51,10.8,88.18,48.76,136.67,178.39,141.65,26.56,125.87,54.53,35.05,24.7,18.64,0,0,0,0,0,0
4.26,20.43,71.25,34.23,8.59,65.47,40.01,99.97,130.96,103.07,21.48,99.75,44.57,24.61,18.01,14.65,0,0,0,0,0,0
4.52,20.55,73.21,32.43,8.87,56.87,38.28,87.47,114.34,87.25,20.64,92.71,41.98,20.85,15.33,13.56,0,0,0,0,0,0
9.11,41.3,173.45,63.63,20.22,101.34,73.78,159.48,210.18,138.78,39.74,166.15,76.59,34.1,22.4,22.46,0,0,0,0,0,0
13.52,64.04,280.58,103.83,32.31,157.51,116.47,250.8,327.94,214.59,60.86,262.22,122.73,53.03,32.83,34.21,0,0,0,0,0,0
17.74,81.41,343.92,135.8,40.13,197.43,147.83,313.73,408.55,278.03,80.13,344.57,166.92,68.61,42.93,47.96,0,0,0,0,0,0
21.97,94.41,374.09,157.89,44.7,223.23,168.82,351.44,458.56,324.76,97.83,408.5,204.13,79.87,52.01,62.05,0,0,0,0,0,0
23.95,99.94,383.63,164.8,46.44,234.84,176.07,366.97,481.14,344.84,105.09,433.18,216.97,85.01,56.82,68.06,0,0,0,0,0,0
21.66,93.86,367.52,154.11,43.93,227.85,165.87,356.8,468.17,332.51,97.06,406.46,198.93,82.73,54.78,62.24,0,0,0,0,0,0
17.7,86.96,367.41,144.89,42.01,231.78,157.51,367.07,478.63,330.91,85.11,377.64,175.01,84.09,53.26,52.65,0,0,0,0,0,0
17.34,85.91,354.55,138.47,40.28,233.59,152.39,368.13,483.79,336.23,85.37,372.73,169.91,87.27,55.88,53.83,0,0,0,0,0,0
16.81,82.92,336.74,128.05,37.83,228.65,144.28,358.9,474.75,326.86,84.79,355.05,159.58,86.52,55.99,53.28,0,0,0,0,0,0
16.73,82.93,338.95,128.38,37.93,231.93,145.08,363.88,480.08,330.21,85.69,355.75,160.05,87.6,56.55,53.4,0,0,0,0,0,0
16.66,82.59,339.57,128.72,38.27,231.05,146.56,363.45,478.63,330.63,86,355.72,160.84,87.24,56,52.74,0,0,0,0,0,0
17.01,84.05,348.52,130.02,39.24,231.33,147.41,364,480.78,328.79,87.04,357.55,161.62,87.04,55.35,52.92,0,0,0,0,0,0
14.79,72.81,305.49,113.72,34.52,202.79,128.89,319.43,422.08,288.42,75.35,309.65,139.83,75.77,48.1,45.27,0,0,0,0,0,0
12.47,60.9,249.09,95.51,28.38,173.51,107.28,271.91,359.74,251.28,63.17,263.81,118.21,65.89,42.8,39.4,0,0,0,0,0,0
13.26,61.41,242.95,94.48,28.54,169.42,105.03,262.38,348.83,245.63,62.31,263.31,117.38,63.93,43.04,39.99,0,0,0,0,0,0
15.48,66.34,246.23,100.12,30.71,177.54,108.53,268.76,363.06,260.68,65,284.03,124.17,66.51,48.07,44.53,0,0,0,0,0,0
13.76,58.39,215.94,89.07,26.95,157.53,95.01,236.28,321.32,228.42,57.06,251.48,108.3,57.39,42.68,39.68,0,0,0,0,0,0
7.24,32.28,114.16,51.62,14.2,98.27,53.04,147.46,199.22,150.59,32.48,149.6,62.33,37.92,28.4,24.38,0,0,0,0,0,0
6.52,29.6,104.56,48.29,13.04,96.1,49.27,144.54,193.77,149.54,29.83,139.61,57.79,37.76,28.02,22.74,0,0,0,0,0,0
6.12,28.96,105.21,48.36,12.73,98.96,49.84,150.16,199.59,153.87,29.25,138.46,57.35,38.89,28.28,22,0,0,0,0,0,0
6.1,29.37,105.36,49.81,12.8,101.76,53.93,155.55,205.18,160.82,30.16,143.48,60.9,40.03,28.95,22.06,0,0,0,0,0,0
5.04,25.04,90.96,43.49,10.92,88.63,48.61,136.76,178.34,142.27,26.59,124.56,54.24,35.07,24.96,18.68,0,0,0,0,0,0
4.36,20.72,71.13,34.73,8.86,66.12,40.29,101.58,131.84,107.12,21.87,101.36,45.16,25.78,18.9,15.09,0,0,0,0,0,0
4.47,20.25,71.52,31.86,8.74,55.28,37.73,85.1,111.53,85.44,20.33,91.39,41.38,20.34,15,13.38,0,0,0,0,0,0
9.09,41.16,172.57,63.34,20.16,100.58,73.47,158.31,208.97,138.18,39.62,165.56,76.36,33.92,22.27,22.4,0,0,0,0,0,0
13.56,64.16,280.75,103.91,32.39,157.63,116.43,250.93,328.07,215.53,61.02,262.55,123.01,53.32,32.99,34.32,0,0,0,0,0,0
17.74,81.39,343.86,135.76,40.13,197.32,147.79,313.52,408.22,277.76,80.11,344.39,166.86,68.54,42.89,47.94,0,0,0,0,0,0
21.96,94.36,373.88,157.8,44.68,223.1,168.75,351.19,458.51,324.58,97.78,408.31,204.06,79.8,51.96,62.03,0,0,0,0,0,0
23.84,99.21,380.11,163.31,46.12,230.94,174.63,360.7,473.42,339.06,104.35,429.24,215.46,83.41,55.78,67.5,0,0,0,0,0,0
21.43,92.29,360.19,150.85,43.22,219.1,162.74,342.81,450.35,318.97,95.43,397.82,195.61,79.05,52.38,60.94,0,0,0,0,0,0
17.27,84.14,354.84,139.04,40.72,216.24,151.9,341.94,446.65,305.62,82.18,361.82,169.01,77.21,48.75,50.22,0,0,0,0,0,0
17.25,85.07,351.27,136.84,39.95,228.96,150.86,360.65,472.32,327.34,84.46,367.31,167.83,84.89,54.54,53,0,0,0,0,0,0
17.07,84.49,343.52,130.78,38.56,235.5,146.67,369.78,487.81,338.46,86.47,362.71,162.9,89.87,58.05,54.46,0,0,0,0,0,0
17.43,86.88,354.41,135.46,39.89,249.48,151.24,392.45,514.64,363.39,89.99,376.01,168.48,97.01,62.52,56.75,0,0,0,0,0,0
17.14,85.49,351.88,134.19,39.64,245.64,151.5,386.58,508.8,355.86,89.14,371.06,167.18,94.2,60.35,55.2,0,0,0,0,0,0
17.49,87.11,362.47,136.3,40.64,249.02,153.35,391.7,518.42,357.17,90.32,374.53,168.39,94.62,60.17,55.59,0,0,0,0,0,0
15.34,76.49,322.22,121.14,36.17,223.12,135.91,351.62,464.75,321.06,79.24,329.95,147.86,84.62,53.69,48.38,0,0,0,0,0,0
12.88,63.5,260.3,100.47,29.57,186.84,111.82,293.07,387.71,273.97,65.96,277.81,123.92,72.13,46.66,41.6,0,0,0,0,0,0
13.81,64.97,260.42,102.13,30.16,191.01,112.46,296.07,393.19,277.33,66.05,282.76,124.97,72.35,48.59,42.95,0,0,0,0,0,0
15.81,68.57,257.66,105.2,31.69,191.87,113.62,291.3,392.41,280.71,67.27,296.62,128.83,71.77,51.64,46.37,0,0,0,0,0,0
13.98,59.83,221.03,91.83,27.64,164.22,97.51,247.75,335.58,242.24,58.59,259.91,111.45,61.26,45.15,41.06,0,0,0,0,0,0
7.5,33.77,120.4,54.79,14.95,104.8,55.99,158.05,212.28,161.68,33.96,157.76,65.83,40.87,30.34,25.63,0,0,0,0,0,0
6.31,28.58,100.78,46.21,12.47,90.7,47.42,135.75,182.89,139.11,28.68,134.04,55.61,34.93,26.08,21.72,0,0,0,0,0,0
6.03,28.45,102.53,47.14,12.48,95.54,48.62,144.79,192.85,149.21,28.73,135.65,56.32,37.68,27.41,21.57,0,0,0,0,0,0
6.11,29.68,108.19,50.67,12.85,104.77,54.95,159.81,211.42,162.57,30.42,145.13,61.52,40.39,29.18,22.17,0,0,0,0,0,0
4.97,25.12,91.91,43.55,10.82,88.53,48.82,136.83,178.15,140.67,26.53,125.12,54.32,34.74,24.61,18.53,0,0,0,0,0,0
4.29,20.66,71.51,34.44,8.72,65.26,40.1,100.16,129.98,104.32,21.71,100.87,45,25.11,18.31,14.83,0,0,0,0,0,0
4.45,20.29,72.12,31.91,8.71,55.5,37.82,85.34,112.02,84.93,20.34,91.56,41.47,20.22,14.86,13.33,0,0,0,0,0,0
9.08,41.18,172.89,63.52,20.15,101.18,73.73,159.31,210.44,138.7,39.62,165.98,76.41,34.03,22.36,22.43,0,0,0,0,0,0
13.51,64.01,280.48,103.76,32.29,157.5,116.4,250.65,328.17,214.49,60.83,262.04,122.7,52.98,32.77,34.19,0,0,0,0,0,0
17.74,81.41,343.97,135.83,40.13,197.53,147.86,313.87,408.74,278.09,80.13,344.59,166.92,68.62,42.95,47.96,0,0,0,0,0,0
21.97,94.36,373.98,157.84,44.7,223.26,168.77,351.35,458.68,324.66,97.8,408.22,204.05,79.81,51.99,62.03,0,0,0,0,0,0
23.8,98.94,379.23,162.83,45.99,229.91,174.21,358.84,471.43,336.75,104.07,427.76,214.91,82.74,55.34,67.26,0,0,0,0,0,0
21.44,92.27,360.59,150.88,43.23,219.32,162.77,342.89,450.14,318.22,95.41,397.33,195.49,78.82,52.29,60.86,0,0,0,0,0,0
17.21,83.73,352.18,138.18,40.55,213.75,151.05,338.34,442.39,303.51,81.78,360.15,168.26,76.64,48.35,50.03,0,0,0,0,0,0
17.15,84.71,349.39,135.91,39.72,226.4,149.97,356.71,468.08,323.98,84.07,365.7,167.21,84.03,53.79,52.69,0,0,0,0,0,0
17.11,84.71,345.61,131.42,38.65,237.58,147.41,372.7,491.19,339.26,86.65,363.49,163.21,90.02,58.25,54.5,0,0,0,0,0,0
17.2,86.1,352.44,134.58,39.36,248.61,150.85,390.65,515.9,359.14,89.08,373.59,167.11,95.51,61.45,56.18,0,0,0,0,0,0
17.06,85.4,351.54,134.17,39.5,246.09,151.61,387.34,511.89,356.78,89.02,371.71,167.24,94.33,60.28,55.24,0,0,0,0,0,0
17.41,86.8,361.28,135.78,40.46,247.4,152.96,389.4,514.9,354.08,89.93,373.11,167.65,93.8,59.68,55.3,0,0,0,0,0,0
15.28,76.03,320.43,120.35,35.98,220.89,135.23,348.13,459.35,316.64,78.72,327.29,146.72,83.4,53.04,47.96,0,0,0,0,0,0
13,64.08,264.5,101.79,29.84,190.44,113.19,298.31,392.37,275.81,66.48,279.68,124.75,72.64,47.21,41.77,0,0,0,0,0,0
13.95,65.81,264.6,103.84,30.54,195.98,114.07,303.62,403.56,284.6,66.96,287.16,126.82,74.28,49.8,43.63,0,0,0,0,0,0
15.92,69.27,260.84,106.37,32,195.27,114.63,296.34,399.62,286.22,68.05,300.01,130.43,73.3,52.49,46.9,0,0,0,0,0,0
14.08,60.67,225.57,93.72,27.98,169.64,99.44,256.22,346.93,249.39,59.42,264.72,113.24,63.13,46.36,41.71,0,0,0,0,0,0
7.34,32.76,116.34,52.81,14.47,101.14,54.23,152.36,204.01,154.89,32.95,152.21,63.14,39.09,29.37,24.8,0,0,0,0,0,0
6.54,29.82,105.72,48.53,13.12,96.32,49.47,144.97,193.16,149.34,30.02,140.21,58.12,37.83,28.05,22.76,0,0,0,0,0,0
6.15,29.08,105.86,48.65,12.8,99.86,50.12,151.48,201.23,155.05,29.39,139.01,57.59,39.18,28.52,22.1,0,0,0,0,0,0
6.26,30.57,110.6,52.11,13.31,107.75,56.11,165.3,217.75,170.83,31.4,150.16,63.49,42.82,30.67,23.04,0,0,0,0,0,0
4.9,24.83,91.06,43.35,10.65,88.78,48.79,137.02,180.24,140.44,26.23,124.52,53.89,34.47,24.44,18.43,0,0,0,0,0,0
4.34,20.98,74.01,35.47,8.84,68.64,41.25,105.17,136.91,107.46,22.01,102.78,45.63,25.81,18.87,15.07,0,0,0,0,0,0
4.47,20.39,72.71,32.1,8.75,55.88,38.02,85.99,112.25,85.1,20.41,91.91,41.59,20.29,14.94,13.36,0,0,0,0,0,0
9.07,41.05,172.16,63.06,20.09,99.78,73.21,157.03,207.25,136.66,39.49,164.85,76.1,33.54,21.99,22.26,0,0,0,0,0,0
13.52,64.05,280.57,103.82,32.31,157.6,116.44,250.84,328.41,214.86,60.88,262.26,122.79,53.09,32.84,34.23,0,0,0,0,0,0
17.74,81.45,344.13,135.9,40.15,197.72,147.93,314.18,409.21,278.42,80.17,344.8,167.01,68.71,43,47.99,0,0,0,0,0,0
21.98,94.46,374.27,157.98,44.73,223.5,168.9,351.86,459.24,325.33,97.89,408.79,204.26,80.02,52.1,62.11,0,0,0,0,0,0
23.95,99.85,383.1,164.48,46.41,234.02,175.7,365.51,479.4,343.78,105.02,432.41,216.81,84.75,56.61,67.97,0,0,0,0,0,0
21.8,94.52,370.5,155.5,44.29,231.9,167.13,362.94,476.35,339.03,97.81,409.82,200.36,84.44,55.95,62.85,0,0,0,0,0,0
17.83,87.46,369.26,145.71,42.33,233.91,158.11,370.25,482.29,335.19,85.73,379.69,176.07,85.3,54.07,53.08,0,0,0,0,0,0
17.46,86.59,356.8,139.33,40.62,235.12,152.98,370.83,486.09,340.35,86.11,375.68,171.33,88.63,56.63,54.32,0,0,0,0,0,0
16.96,83.85,340.41,129.35,38.26,231.39,145.28,363.39,479.28,332.28,85.78,359.13,161.51,88.25,56.96,53.89,0,0,0,0,0,0
16.77,83.4,340.01,128.97,38.12,232.82,145.53,365.9,482.41,334.03,86.19,358.57,161.15,88.81,57.16,53.82,0,0,0,0,0,0
16.75,83.09,341.6,129.45,38.51,232.99,147.12,366.35,482.56,334.28,86.57,357.95,161.96,88.29,56.57,53.11,0,0,0,0,0,0
16.98,83.4,345.55,128.67,39.03,228.14,146,358.33,473.9,323.76,86.46,353.37,160.27,85.6,54.48,52.43,0,0,0,0,0,0
14.85,73.27,307.21,114.44,34.72,204.39,129.51,322.17,425.3,291.76,75.83,312.04,140.83,76.78,48.67,45.63,0,0,0,0,0,0
12.4,60.5,247.42,94.66,28.17,170.98,106.5,268.02,354.14,246.85,62.71,261.53,117.28,64.74,42.05,38.99,0,0,0,0,0,0
13.31,61.5,243.07,94.78,28.66,170.06,105.27,263.52,349.58,247.21,62.44,263.78,117.51,64.35,43.45,40.15,0,0,0,0,0,0
15.36,65.44,242.26,98.4,30.31,173.42,106.9,261.85,355.3,254.07,64.11,279.3,122.38,64.61,46.83,43.86,0,0,0,0,0,0
13.72,57.98,213.44,88.42,26.83,155.76,94.38,233.73,318.19,227.09,56.68,249.82,107.49,56.96,42.5,39.55,0,0,0,0,0,0
7.35,32.6,116.32,52.47,14.41,101.19,53.85,151.44,204.53,153.7,32.88,150.79,62.96,38.64,29,24.64,0,0,0,0,0,0
6.59,29.74,105.13,48.51,13.18,96.54,49.39,145.1,193.44,150.15,30.01,139.63,57.95,37.96,28.27,22.82,0,0,0,0,0,0
6.22,29.35,106.15,48.86,12.98,99.91,50.13,151.78,200.92,157.03,29.72,140.04,58.16,39.85,28.91,22.35,0,0,0,0,0,0
6.14,29.79,106.23,50.04,12.94,101.35,53.96,155.49,204.11,162.32,30.58,145.43,61.81,40.73,29.17,22.31,0,0,0,0,0,0
4.96,25.06,90.75,43.05,10.8,86.21,48.21,133.76,172.63,138.74,26.44,124.5,54.11,34.43,24.35,18.43,0,0,0,0,0,0
4.28,20.46,70.47,34.3,8.67,65.13,40.01,99.99,130.2,104.53,21.54,100.28,44.63,25.06,18.38,14.82,0,0,0,0,0,0
4.49,20.38,72.82,32.15,8.77,56.23,38.06,86.35,112.92,85.35,20.43,91.75,41.58,20.31,14.99,13.37,0,0,0,0,0,0
9.07,41.12,172.43,63.34,20.13,100.64,73.52,158.46,209.47,138.27,39.57,165.65,76.32,33.92,22.26,22.4,0,0,0,0,0,0
13.52,64.06,280.54,103.77,32.31,157.38,116.37,250.52,327.75,214.62,60.89,262.18,122.8,53.05,32.81,34.22,0,0,0,0,0,0
17.74,81.39,343.8,135.78,40.13,197.39,147.8,313.65,408.45,278.04,80.12,344.46,166.88,68.61,42.94,47.96,0,0,0,0,0,0
21.97,94.39,374.04,157.9,44.71,223.27,168.84,351.49,458.45,324.72,97.81,408.35,204.06,79.84,52.04,62.05,0,0,0,0,0,0
23.93,99.77,382.9,164.5,46.38,234.14,175.79,365.75,479.55,343.53,104.91,432.15,216.58,84.63,56.62,67.93,0,0,0,0,0,0
21.7,93.96,367.83,154.22,44,228.18,165.91,357.2,468.7,333.33,97.2,406.73,199.16,82.97,54.92,62.32,0,0,0,0,0,0
17.56,85.96,362.17,142.53,41.58,225.32,155.09,356.72,465.85,322.28,84.14,371.98,173.03,81.82,51.64,51.85,0,0,0,0,0,0
17.36,85.9,354.84,138.44,40.32,233.26,152.36,367.55,481.54,334.69,85.33,371.96,169.66,86.91,55.77,53.71,0,0,0,0,0,0
17.01,83.8,339.95,129.42,38.33,231.57,145.33,363.72,479.12,333.03,85.77,358.83,161.35,88.4,57.23,53.95,0,0,0,0,0,0
16.8,83.3,339.42,128.72,38.13,232.25,145.2,364.77,480.96,333.46,86.15,357.68,160.96,88.64,57.09,53.77,0,0,0,0,0,0
16.67,82.67,339.54,128.8,38.3,231.27,146.59,363.88,479.77,331.92,86.1,356.38,161.11,87.59,56.15,52.86,0,0,0,0,0,0
16.88,83.09,344.02,128.39,38.85,227.32,145.92,357.59,473.26,322.81,86.07,352.89,159.64,85.26,54.32,52.3,0,0,0,0,0,0
14.68,72.29,303.75,112.95,34.25,200.94,128.33,316.48,418.35,284.11,74.75,307.19,138.66,74.51,47.36,44.82,0,0,0,0,0,0
12.37,60.34,246.38,94.28,28.1,169.76,106.12,266.28,351.76,245.57,62.53,260.78,116.95,64.43,41.83,38.88,0,0,0,0,0,0
13.29,61.54,243.61,94.92,28.64,170.37,105.49,264.1,350.05,246.88,62.43,264.06,117.53,64.27,43.4,40.12,0,0,0,0,0,0
15.43,65.85,244.61,99.46,30.52,176.07,108.02,266.23,359.47,256.89,64.47,281.33,122.99,65.37,47.52,44.12,0,0,0,0,0,0
13.91,58.88,216.92,90.24,27.33,160.72,95.98,241.59,328.46,236.4,57.72,254.69,109.49,59.46,44.17,40.44,0,0,0,0,0,0
7.22,31.93,113.12,51.26,14.08,98.12,52.77,146.7,199.36,149.36,32.18,147.89,61.66,37.39,28.16,24.2,0,0,0,0,0,0
6.63,30.28,107.95,49.47,13.33,99.24,50.35,149.3,199.48,153.74,30.53,142.62,59.17,38.97,28.76,23.16,0,0,0,0,0,0
5.99,28.37,102.28,46.97,12.41,95.07,48.51,144.1,192.04,148.17,28.61,135.33,56.14,37.41,27.2,21.47,0,0,0,0,0,0
6.06,29.17,104.74,49.13,12.65,100.21,53.22,152.67,202.5,157.95,29.98,142.05,60.62,39.29,28.26,21.79,0,0,0,0,0,0
4.82,24.18,88.1,41.78,10.37,84.35,47.2,129.79,170.27,133.19,25.56,120.17,52.42,32.59,23.19,17.77,0,0,0,0,0,0
4.25,20.44,70.88,34.42,8.62,65.77,40.23,100.88,131.94,104.51,21.48,100.44,44.6,24.98,18.33,14.79,0,0,0,0,0,0
4.53,20.64,74.62,32.94,8.89,58.56,38.93,89.96,117.31,87.68,20.67,93.24,42.04,20.87,15.47,13.56,0,0,0,0,0,0
9.1,41.27,173.42,63.8,20.2,101.96,74.02,160.55,211.87,139.59,39.7,166.47,76.55,34.24,22.55,22.51,0,0,0,0,0,0
13.52,64.01,280.27,103.78,32.3,157.31,116.41,250.55,327.51,214.58,60.83,262.1,122.66,53.03,32.85,34.21,0,0,0,0,0,0
17.73,81.34,343.62,135.68,40.1,197.11,147.72,313.22,407.8,277.44,80.06,344.15,166.75,68.45,42.85,47.9,0,0,0,0,0,0
21.99,94.5,374.38,158.07,44.75,223.75,168.97,352.26,459.78,325.87,97.94,409.02,204.34,80.16,52.2,62.16,0,0,0,0,0,0
24.02,100.28,385.48,165.54,46.62,237.11,176.77,370.25,485.44,347.74,105.47,434.7,217.67,85.75,57.35,68.32,0,0,0,0,0,0
21.68,93.89,367.34,154.11,43.98,227.85,165.8,356.78,468.24,333.24,97.13,406.57,199.04,82.94,54.91,62.32,0,0,0,0,0,0
17.54,85.93,362.28,142.57,41.54,225.51,155.2,357.03,466.27,321.97,84.07,371.95,172.93,81.7,51.59,51.81,0,0,0,0,0,0
17.39,86.16,355.99,138.62,40.39,233.71,152.42,368.06,482.69,335.58,85.62,372.96,170.32,87.25,55.79,53.82,0,0,0,0,0,0
16.9,83.08,336.38,127.54,37.98,226.13,143.4,355.02,467.42,324.87,85.02,354.19,159.78,86.33,55.76,53.22,0,0,0,0,0,0
16.7,82.8,337.66,127.82,37.87,229.81,144.45,360.9,475.55,328.31,85.56,354.93,159.77,87.23,56.22,53.27,0,0,0,0,0,0
16.77,83.23,342.76,130.02,38.58,234.3,147.81,368.66,484.1,334.9,86.63,358.7,162,88.44,56.87,53.16,0,0,0,0,0,0
16.9,83.31,344.99,128.69,38.92,227.61,146.22,358.36,473.04,323.09,86.23,353.83,159.96,85.46,54.45,52.37,0,0,0,0,0,0
14.74,72.52,303.4,113.1,34.42,200.31,128.28,316.21,416.37,285.95,75.01,308.29,139.09,75.21,47.83,45.08,0,0,0,0,0,0
12.42,60.58,248.76,95.37,28.24,173.32,107.38,271.56,358.26,248.34,62.75,262.15,117.27,64.97,42.47,39.07,0,0,0,0,0,0
13.27,61.5,244.04,94.93,28.57,171.09,105.57,264.77,352.4,246.9,62.39,264.02,117.57,64.17,43.25,40.07,0,0,0,0,0,0
15.57,66.43,247.01,100.55,30.85,179.47,108.89,271.12,366.83,263.11,65.21,284.19,124.41,67,48.53,44.71,0,0,0,0,0,0
13.87,58.79,216.4,89.86,27.25,159.48,95.59,239.7,325.97,234.65,57.6,254.06,109.31,59.06,43.81,40.3,0,0,0,0,0,0
7.19,31.77,111.2,50.64,14.02,95.67,52.04,143.42,194.43,147.97,32.02,147.15,61.35,37.16,27.94,24.13,0,0,0,0,0,0
6.44,29.38,104.12,47.87,12.86,95.49,48.96,143.23,193.46,147.49,29.58,138.61,57.44,37.14,27.49,22.51,0,0,0,0,0,0
6.2,29.57,108.39,49.6,12.98,102.44,51.06,155.53,206.45,158.39,29.86,141.56,58.59,40.11,29.07,22.42,0,0,0,0,0,0
6.28,30.33,109.85,51.4,13.25,105.72,55.3,161.64,211.94,166.72,31.19,147.61,62.84,41.78,30.03,22.68,0,0,0,0,0,0
5.02,25,91.67,43.61,10.87,88.96,48.88,137.22,178,140.59,26.46,124.12,53.93,34.6,24.77,18.5,0,0,0,0,0,0
4.46,21.44,75.45,36.45,9.15,71.27,42.07,109.38,142.21,113.04,22.58,105.23,46.63,27.29,19.94,15.61,0,0,0,0,0,0
4.56,20.83,74.44,33.05,9,58.69,38.88,90.34,118.47,90.29,20.94,94.44,42.63,21.64,15.83,13.84,0,0,0,0,0,0
9.13,41.46,174.31,64.02,20.27,102.48,74.19,161.29,212.68,140.32,39.9,167.17,76.94,34.49,22.66,22.59,0,0,0,0,0,0
13.51,64,280.26,103.73,32.29,157.22,116.36,250.39,327.5,214.45,60.82,262.09,122.67,53,32.8,34.2,0,0,0,0,0,0
17.73,81.35,343.69,135.71,40.1,197.23,147.75,313.39,408.22,277.65,80.07,344.3,166.81,68.5,42.86,47.92,0,0,0,0,0,0
22,94.61,374.88,158.28,44.8,224.36,169.17,353.21,461.22,326.89,98.06,409.67,204.62,80.44,52.35,62.25,0,0,0,0,0,0
23.97,99.9,383.2,164.73,46.47,234.8,175.94,366.76,481.21,345.36,105.1,432.91,216.94,85.11,56.91,68.11,0,0,0,0,0,0
21.69,93.81,367.25,154.06,43.95,228.11,165.78,356.89,468.93,333.1,97.07,406.09,198.9,82.81,54.86,62.27,0,0,0,0,0,0
17.63,86.48,364.9,143.68,41.8,228.75,156.24,361.97,473.09,326.94,84.68,374.84,174.15,83.02,52.42,52.27,0,0,0,0,0,0
17.48,86.76,358.43,139.94,40.66,237.81,153.68,374.45,492.74,343.09,86.32,376.95,171.86,89.17,56.95,54.5,0,0,0,0,0,0
16.93,83.57,339.43,128.87,38.13,230.62,144.84,361.78,478.25,330.63,85.53,357.68,161.03,87.71,56.58,53.69,0,0,0,0,0,0
16.69,82.69,336.41,127.6,37.85,229.34,144.17,360.28,475.78,329.41,85.51,354.89,159.73,87.48,56.34,53.37,0,0,0,0,0,0
16.65,82.23,337.06,127.83,38.18,228.7,145.52,359.62,474.38,328.91,85.73,353.69,160.23,86.76,55.64,52.59,0,0,0,0,0,0
16.99,83.96,348.19,129.83,39.19,231.01,147.24,363.35,480.39,328.12,86.95,357.06,161.47,86.83,55.19,52.84,0,0,0,0,0,0
14.84,73.37,308.07,114.89,34.73,205.98,130.07,324.63,429.17,293.44,75.9,313.06,141.07,77.13,48.93,45.74,0,0,0,0,0,0
12.46,60.81,248.46,95.16,28.34,171.91,106.91,269.74,355.4,248.96,63.03,262.95,117.86,65.4,42.51,39.22,0,0,0,0,0,0
13.36,61.51,243.55,95.16,28.73,171.8,105.68,265.82,353.29,249.14,62.52,263.91,117.55,64.67,43.83,40.28,0,0,0,0,0,0
15.44,65.83,245.95,99.92,30.51,178.22,108.66,268.98,363.5,257.2,64.43,281.18,122.85,65.23,47.62,44.07,0,0,0,0,0,0
13.78,58.38,215.13,89.25,27.02,158.01,95.17,237.38,322.99,230.94,57.1,252.13,108.36,57.99,43.17,39.91,0,0,0,0,0,0
7.06,31.07,108.74,49.32,13.65,92.47,50.89,138.07,188.08,141.39,31.25,143.39,59.86,35.32,26.72,23.47,0,0,0,0,0,0
6.61,29.48,103.24,47.58,12.77,93.15,48.87,139.31,189.14,143.51,30.16,138.31,58.17,35.99,26.75,22.76,0,0,0,0,0,0
6.42,29.51,105.87,49.08,12.91,99.94,50.64,151.14,203.19,156.2,30.45,140.76,59.24,39.28,28.57,22.85,0,0,0,0,0,0
6.51,30.6,111.26,52.09,13.23,107.19,56.43,162.88,215.47,165.04,32,148.21,63.9,40.91,29.73,23.11,0,0,0,0,0,0
5.25,25.34,92.83,44.26,10.85,89.6,49.97,137.57,179.9,138.48,27.33,125.2,55.18,33.71,24.4,18.98,0,0,0,0,0,0
4.79,22.34,78.26,37.97,9.38,72.22,43.87,110.64,144.25,112.73,23.99,109.09,49.28,27,19.85,16.48,0,0,0,0,0,0
5.26,23.52,84.36,38.3,10.13,64.86,44.1,99.72,130.82,98.54,24.11,107.34,50,23.45,17.08,16.08,0,0,0,0,0,0
10.49,47.13,194.26,75.06,22.87,115.76,84.59,182.43,239.59,163.66,46.3,195.5,92.31,40.21,26.32,27.41,0,0,0,0,0,0
15.24,69.2,295.05,112.13,34.26,167.11,124.97,265.65,348.06,231.3,68.55,285.25,136.76,57.06,35.8,39.47,0,0,0,0,0,0
18.34,81.02,337.22,132.82,39.5,193.37,145.82,306.57,401.52,271.8,82.27,339.15,166.09,66.95,42.43,48.94,0,0,0,0,0,0
19.69,84.76,339.09,139.17,40.44,200.58,150.9,315.49,413.64,288.18,87.02,360.85,178.26,70.94,46.27,54.1,0,0,0,0,0,0
20.1,86.67,341.17,141.46,41.05,207.16,152.86,323.4,425.43,299.13,87.56,371.2,181.31,73.9,49.07,55.79,0,0,0,0,0,0
18.91,84.62,338.6,138.15,40.23,209.92,149.92,328.63,432.46,303.02,84.63,363.98,174.02,75.61,49.73,53.64,0,0,0,0,0,0
18.04,85.19,354.7,138.88,40.78,223.87,152.5,353.85,464.19,320.18,85.91,365.06,170.48,81.41,52.09,52.64,0,0,0,0,0,0
17.81,85.32,347.99,135.38,39.6,228.6,150.15,359.02,475.64,327.84,86.91,366.61,168.96,84.9,54.67,54.41,0,0,0,0,0,0
17.93,87.8,354.18,137.11,39.98,240.45,152.79,377.7,498.51,347.43,90.34,379.09,172.48,91.8,59.23,57.33,0,0,0,0,0,0
17.42,86.07,349.75,134.29,39.35,239.68,150.58,376.6,496.24,345.18,89.19,371.82,168.35,91.47,58.92,56.08,0,0,0,0,0,0
17.07,84.55,346.32,132.04,39.13,235.37,149.5,370.47,487.54,339.61,88.16,365.29,165.91,89.72,57.34,54.29,0,0,0,0,0,0
17.2,84.76,350.2,131.12,39.52,231.66,148.44,364.81,481.74,330.68,87.94,361.03,163.67,87.55,55.62,53.58,0,0,0,0,0,0
14.93,73.15,305.78,113.99,34.59,201.95,129.17,318.07,420.92,287.8,75.95,310.95,140.98,75.58,47.89,45.64,0,0,0,0,0,0
12.63,61.17,249.46,95.96,28.45,173.75,107.85,272.11,360.76,251.5,63.76,264.97,119.18,65.81,42.82,39.82,0,0,0,0,0,0
13.46,62.09,244.61,95.9,28.79,172.23,106.6,267.03,356.24,251.09,63.37,267.57,119.35,65.21,43.97,40.94,0,0,0,0,0,0
15.74,66.81,247.77,100.99,30.89,179.11,109.53,270.64,366.15,261.9,65.91,285.67,125.53,66.63,48.34,45.11,0,0,0,0,0,0
14.12,59.2,216.82,90.29,27.39,159.52,96.04,239.3,326.72,235.21,58.53,255.43,110.73,59.08,43.84,40.89,0,0,0,0,0,0
7.47,32.33,113.28,51.51,14.22,96.78,53.06,144.55,195.54,147.54,33.06,148.6,62.8,36.91,28,24.66,0,0,0,0,0,0
6.64,30.23,107.08,49.61,13.39,97.42,50.43,146.65,195.73,151.81,30.4,142.62,59.44,38.33,28.4,23.17,0,0,0,0,0,0
6.03,28.3,102.45,47.4,12.44,94.88,48.96,143.24,192.04,146.5,28.46,135.16,56.46,36.62,26.78,21.42,0,0,0,0,0,0
6.21,29.61,106.22,50.21,13,100.8,54.08,153.35,202.72,159.35,30.4,143.84,61.93,39.52,28.53,22.15,0,0,0,0,0,0
5.09,25.43,93.76,44.53,11.06,89.4,49.68,137.38,179.53,140.54,26.78,126.22,55.47,34.43,24.46,18.69,0,0,0,0,0,0
4.52,22.07,77.68,37.58,9.4,70.94,43.05,109.14,141.73,113.19,23.04,108.63,48.57,27.35,19.72,15.94,0,0,0,0,0,0
4.74,21.84,78.27,35.09,9.48,59.88,40.73,92.4,120.36,92.34,21.8,99.48,45.45,22.12,16.04,14.48,0,0,0,0,0,0
9.29,41.91,175.25,64.72,20.47,102.55,74.86,161.42,212.87,141.06,40.57,169.15,78.3,34.64,22.78,23.07,0,0,0,0,0,0
12.63,57.54,251.9,89.1,29.02,138.66,103.14,220.27,291.07,184.52,55.96,226.66,105.52,45.55,28.56,30.02,0,0,0,0,0,0
13.77,61.78,267.59,95.62,31.05,147.28,110.12,233.6,309.1,197.29,60.49,244.04,114.5,48.76,30.74,32.93,0,0,0,0,0,0
14.32,62.39,258.56,96.12,30.64,147,109.53,230.71,306.06,201.43,61.45,250.56,118.3,49.74,32.58,35.35,0,0,0,0,0,0
15.99,67.89,269.97,103.93,32.57,158.16,117.23,245.7,327.14,220.54,67.45,276.33,131.28,54.56,36.87,40.68,0,0,0,0,0,0
17.04,73.35,291.12,113.83,34.81,173.76,127.39,270.74,359.45,244.92,74.42,303.41,144.71,60.96,40.85,45.35,0,0,0,0,0,0
18.15,81.6,332.98,129.36,38.73,201.74,144.21,318.12,420.52,286.51,84.67,342.47,162.96,72.3,46.72,50.99,0,0,0,0,0,0
19.59,89.9,357.61,141.89,41.3,231.18,156.9,363.63,479.55,335.69,94.3,385.42,181.68,86.75,56.43,59.29,0,0,0,0,0,0
20.29,96.3,382.87,152.21,43.48,262.62,167.74,412.5,543.27,383.33,101.44,419.28,194.56,100.85,65.46,65.17,0,0,0,0,0,0
19.27,94.17,380.99,149.55,42.75,266.97,165.51,419.7,551.55,387.28,98.79,412.11,188.47,102.42,66.1,63.02,0,0,0,0,0,0
18.15,90.02,368.98,142.99,41.55,258.25,160.07,406.77,534.44,375.44,94.23,393.91,178.96,99.11,63.5,58.94,0,0,0,0,0,0
17.79,88.63,368.3,139.44,41.33,252.23,156.35,397.14,524.06,362.13,91.8,382.26,172.39,95.85,60.98,56.71,0,0,0,0,0,0
15.47,77.36,326.05,122.97,36.57,225.08,137.66,355.06,467.4,323.37,79.93,334.23,149.91,85.25,54.13,48.87,0,0,0,0,0,0
12.99,64.07,262.56,101.87,29.88,188.74,113.16,296.4,391.09,277.26,66.45,281.09,125.35,72.96,47.29,42.06,0,0,0,0,0,0
13.84,65.28,259.71,102.52,30.33,189.95,112.63,295.31,392.58,280.17,66.34,285.38,126.13,73.2,48.94,43.4,0,0,0,0,0,0
15.99,69.32,260.21,106.49,32.13,194.15,114.57,294.52,397.33,286.02,68.12,300.11,130.87,73.16,52.42,47.03,0,0,0,0,0,0
14.2,60.82,225.04,94.04,28.21,169.08,99.49,255.08,345.93,250.78,59.65,265.23,114,63.37,46.56,41.99,0,0,0,0,0,0
7.49,33.53,119.59,54.32,14.86,103.56,55.53,155.88,208.92,158.9,33.71,155.97,65.2,40.11,29.93,25.36,0,0,0,0,0,0
6.5,29.82,106,48.77,13.06,97.39,49.85,146.7,196.64,150.62,29.98,141.06,58.24,38.07,28.16,22.83,0,0,0,0,0,0
5.98,28.45,102.21,47.05,12.41,95.22,48.57,144.56,193.34,149.54,28.7,136.24,56.45,37.8,27.34,21.6,0,0,0,0,0,0
6.15,29.8,107.4,50.18,12.94,102.16,54.17,156.21,204.77,161.02,30.56,144.8,61.68,40.31,28.99,22.15,0,0,0,0,0,0
4.95,24.87,91.77,43.38,10.73,88.28,48.8,136.19,176.19,137.81,26.21,123.35,53.52,33.87,24.29,18.22,0,0,0,0,0,0
4.25,20.52,70.61,34.33,8.64,65.34,40.04,100.34,131.75,105.32,21.6,100.99,44.91,25.27,18.36,14.89,0,0,0,0,0,0
4.49,20.42,72.93,32.33,8.79,56.97,38.26,87.49,115.18,86.84,20.49,92.35,41.76,20.65,15.19,13.48,0,0,0,0,0,0
8.86,39.77,166.85,60.47,19.48,97.38,70.88,153.1,203.16,132.94,38.43,158.46,72.69,32.58,21.52,21.49,0,0,0,0,0,0
11.91,54.31,239.66,82.71,27.57,130.38,97.04,207.24,274.74,171.71,52.45,210.63,96.95,42.42,26.56,27.44,0,0,0,0,0,0
12.57,56.87,249.98,86.2,28.89,135.47,101.07,214.96,285.44,178.13,54.79,219.92,101.32,44.07,27.67,28.76,0,0,0,0,0,0
12.53,55.33,233.9,82.81,27.58,130.73,96.69,204.94,273.59,174.61,53.1,216.21,99.38,43.16,28.26,29.29,0,0,0,0,0,0
13.39,57.82,235.27,85.35,28.27,135.04,99.23,209.19,280.81,182.35,55.27,227.84,104.41,45.12,30.66,31.93,0,0,0,0,0,0
13.64,60.39,246.83,90.02,29.31,144.48,104.23,224.44,301.04,196.8,58.57,241.3,110.13,49.11,32.95,34.01,0,0,0,0,0,0
14.22,67.09,284.92,102.83,32.56,170.54,118.39,268.88,357.2,233.48,66.6,272.91,123.68,59.42,38.1,38,0,0,0,0,0,0
15.55,75,308.35,114.93,35,200.18,130.64,314.3,418.27,283.24,75.73,314.68,141.7,73.86,47.72,46.08,0,0,0,0,0,0
17,83.83,341.11,129.35,38.28,234.82,145.32,368.14,486.72,336.97,86.01,358.93,161.12,89.47,57.84,54.05,0,0,0,0,0,0
17.34,86.74,355.78,135.65,39.69,251.46,151.77,394.73,520.14,362.48,89.77,375.85,168.31,96.5,62.11,56.53,0,0,0,0,0,0
17.16,85.66,353.43,134.76,39.69,247.67,152.16,389.49,513.22,357.54,89.3,372.13,167.55,94.55,60.6,55.31,0,0,0,0,0,0
17.58,87.65,365.06,137.53,40.91,252.27,154.56,396.96,524.6,362.02,90.88,377.49,169.46,95.93,61.12,56.05,0,0,0,0,0,0
15.18,75.54,318.46,119.52,35.73,218.63,134.56,344.68,454.61,312.39,78.15,324.87,145.59,82.22,52.34,47.53,0,0,0,0,0,0
12.97,63.97,263.11,101.61,29.81,190.08,112.97,297.99,393.41,277.59,66.44,280.04,124.79,73.06,47.4,41.93,0,0,0,0,0,0
13.8,64.99,259.2,101.7,30.16,189.07,111.86,293.56,389.73,277.15,66.09,282.99,125.14,72.5,48.49,43.01,0,0,0,0,0,0
15.99,69.34,261.15,106.24,32.11,194.36,114.35,294.8,395.53,284.43,68.14,299.06,130.33,72.96,52.37,46.79,0,0,0,0,0,0
14.08,60.33,224.41,92.98,27.88,167.83,98.66,252.83,342,245.51,59.11,261.92,112.39,62.07,45.76,41.34,0,0,0,0,0,0
7.39,32.97,117.87,53.55,14.57,104.53,54.98,156.88,212.89,159.61,33.29,153.89,63.92,40.09,29.97,25.16,0,0,0,0,0,0
6.82,30.59,107.68,49.76,13.35,98.76,50.82,148.37,200.23,153.68,31.37,144.13,60.51,38.79,28.62,23.76,0,0,0,0,0,0
6.46,29.94,107.78,49.85,13.07,101.72,51.39,154.19,206.72,159.07,30.85,143.13,60.13,40.14,29.07,23.15,0,0,0,0,0,0
6.57,31.07,111.06,52.37,13.46,106.73,56.38,163.13,215.39,169.43,32.55,151.07,65.1,42.39,30.43,23.64,0,0,0,0,0,0
5.24,25.67,92.41,44.15,10.93,87.94,49.64,136.03,177.47,140.06,27.64,127.35,56.06,34.49,24.53,19.25,0,0,0,0,0,0
4.71,22.01,75.38,36.89,9.21,68.45,42.7,105.39,137.11,109.75,23.65,107.62,48.68,26.39,19.28,16.27,0,0,0,0,0,0
5.29,23.73,84.32,38.45,10.24,64.55,44.11,99.76,130.16,100.15,24.34,108.51,50.47,24.03,17.38,16.3,0,0,0,0,0,0
10.52,47.45,195.61,75.57,22.97,116.89,85.08,184.39,241.85,165.55,46.59,197.18,92.96,40.8,26.64,27.61,0,0,0,0,0,0
15.24,69.24,295.33,112.25,34.28,167.41,125.1,266.15,348.61,231.62,68.59,285.53,136.84,57.14,35.87,39.5,0,0,0,0,0,0
18.34,80.99,336.93,132.72,39.51,192.91,145.68,305.92,400.33,271.43,82.25,338.92,166.02,66.89,42.4,48.92,0,0,0,0,0,0
19.71,84.77,339.04,139.2,40.47,200.65,150.9,315.57,413.67,288.55,87.06,360.86,178.29,71.04,46.36,54.14,0,0,0,0,0,0
20.09,86.68,340.93,141.47,41.05,207.02,152.88,323.43,425.39,299.51,87.55,371.51,181.34,74.02,49.14,55.83,0,0,0,0,0,0
18.91,84.83,339.86,138.65,40.28,211.38,150.48,330.98,435.81,304.74,84.8,365.4,174.49,76.06,49.98,53.79,0,0,0,0,0,0
17.98,85.03,354.65,138.76,40.66,224.11,152.53,353.98,465.52,319.32,85.72,364.64,170.24,81.07,51.83,52.51,0,0,0,0,0,0
17.93,86.08,350.92,136.84,39.97,231.87,151.48,364.71,481.68,334.06,87.69,370.71,170.49,86.7,55.89,55.05,0,0,0,0,0,0
17.86,87.4,353.21,136.37,39.74,238.94,152.18,374.87,495.53,343.24,89.9,376.75,171.63,90.6,58.42,56.89,0,0,0,0,0,0
17.26,85.12,344.84,132.34,38.92,234.56,148.69,368.56,487.04,338.54,88.23,367.24,166.52,89.63,57.64,55.44,0,0,0,0,0,0
16.89,83.39,340.75,129.83,38.62,229.93,147.4,361.67,477.89,331.94,87.02,359.66,163.67,87.5,55.87,53.52,0,0,0,0,0,0
17.2,84.38,348.44,130.42,39.42,230.38,147.69,362.23,479.38,328.87,87.66,358.75,162.97,86.94,55.26,53.38,0,0,0,0,0,0
15.05,73.92,309.8,115.59,34.94,206.25,130.74,324.8,428.85,293.37,76.72,314.77,142.49,77.11,48.94,46.18,0,0,0,0,0,0
12.77,61.9,252.72,97.26,28.82,176.65,109,276.85,364.84,255.81,64.5,268.01,120.47,67.12,43.77,40.29,0,0,0,0,0,0
13.58,62.75,249.48,97.59,29.09,177.45,108.38,274.55,365.33,255.14,64.01,270.36,120.5,66.19,44.79,41.27,0,0,0,0,0,0
15.66,66.39,247.02,100.52,30.67,178.18,109.29,268.94,363.57,257.81,65.4,283.42,124.47,65.41,47.71,44.67,0,0,0,0,0,0
13.88,58.07,212.85,88.33,26.78,154.09,94.49,230.92,314.62,223.64,57.15,249.48,108.01,55.92,41.94,39.75,0,0,0,0,0,0
7.44,32.15,112.1,51.01,14.13,95.18,52.54,142.2,192.37,145.8,32.87,147.67,62.45,36.51,27.68,24.52,0,0,0,0,0,0
6.89,30.66,107.75,49.87,13.47,98.66,50.83,148.3,198.57,153.8,31.47,143.89,60.48,38.87,28.84,23.8,0,0,0,0,0,0
6.54,30.45,110.3,50.59,13.29,103.44,52.02,156.8,209.25,161.2,31.37,145.1,61.11,40.85,29.46,23.39,0,0,0,0,0,0
6.47,30.74,109.6,51.26,13.2,103.3,55.28,157.8,208.35,163.84,32.13,148.92,64.41,41.07,29.32,23.16,0,0,0,0,0,0
5.24,25.31,90.97,43.24,10.81,85.9,48.62,132.07,172.89,136.43,27.36,124.52,55.35,33.49,23.84,18.9,0,0,0,0,0,0
4.7,21.75,74.41,36.32,9.13,67.34,42.08,103.12,134.9,107.7,23.45,105.81,48.22,25.78,18.86,16.06,0,0,0,0,0,0
5.31,23.83,84.77,38.61,10.28,65.22,44.23,100.63,132.04,101.38,24.48,109.09,50.79,24.34,17.52,16.41,0,0,0,0,0,0
10.46,47.15,194.63,75.09,22.82,115.8,84.7,182.57,239.76,163.06,46.26,195.7,92.32,40.07,26.18,27.35,0,0,0,0,0,0
15.23,69.17,295.14,112.15,34.24,167.4,125.02,265.97,348.85,231.35,68.53,285.19,136.73,57.02,35.78,39.45,0,0,0,0,0,0
18.34,81,336.92,132.7,39.49,192.86,145.67,305.87,400.43,271.42,82.24,339,166.04,66.89,42.37,48.92,0,0,0,0,0,0
19.67,84.63,338.68,138.97,40.37,200.09,150.75,314.69,412.59,287.04,86.87,360.21,177.97,70.62,46.08,53.98,0,0,0,0,0,0
20.11,86.85,341.71,141.81,41.13,207.93,153.2,324.87,427.2,300.91,87.73,372.4,181.7,74.4,49.39,55.96,0,0,0,0,0,0
18.98,85.11,340.74,139.1,40.46,212.21,150.82,332.46,436.74,306.72,85.11,366.53,174.99,76.67,50.44,54.01,0,0,0,0,0,0
18.07,85.35,355.08,139.12,40.87,224.38,152.67,354.76,465.33,321.8,86.1,365.95,170.87,81.88,52.37,52.81,0,0,0,0,0,0
18.06,86.83,354.85,138.17,40.32,234.8,152.73,369.42,485.16,337.01,88.39,373.57,171.71,87.67,56.63,55.38,0,0,0,0,0,0
17.97,88.15,356.72,138,40.09,242.99,153.79,381.59,502.91,349.15,90.62,380.73,173.03,92.23,59.61,57.47,0,0,0,0,0,0
17.45,86.49,352.33,135.26,39.48,242.67,151.62,381.17,502.96,348.68,89.59,374.41,169.32,92.37,59.43,56.38,0,0,0,0,0,0
17.09,84.77,346.67,132.54,39.23,236.83,149.97,373.03,491.97,343.62,88.43,367.33,166.59,90.76,57.95,54.67,0,0,0,0,0,0
17.12,84.12,347.61,129.98,39.25,228.77,147.4,360.04,475.3,325.23,87.27,357.36,162.2,86,54.74,53.04,0,0,0,0,0,0
14.89,72.76,304.8,113.57,34.44,201.46,128.9,316.88,419.8,285.33,75.55,308.9,140.11,74.74,47.5,45.34,0,0,0,0,0,0
12.65,61.48,250.46,96.36,28.55,174.6,108.18,273.65,362.99,253.73,64.07,266.75,119.91,66.5,43.13,40.06,0,0,0,0,0,0
13.57,62.58,247.36,96.8,29.05,174.84,107.39,270.69,360.59,254.07,63.92,269.39,120.32,66.04,44.52,41.23,0,0,0,0,0,0
15.8,67.15,250.12,101.99,31.05,182.04,110.61,275.14,371.46,264.76,66.23,287.48,126.12,67.32,48.95,45.35,0,0,0,0,0,0
14.01,58.78,215.32,89.46,27.14,156.77,95.37,235.29,320.01,229.58,57.95,252.99,109.59,57.64,42.97,40.37,0,0,0,0,0,0
7.43,32.45,113.16,51.58,14.21,96.33,53.14,144.55,195.31,148.32,33.11,149.9,63.12,37.26,28.09,24.77,0,0,0,0,0,0
6.72,30.2,106.24,49.14,13.11,97.06,50.39,145.9,196.98,150.19,30.88,142.5,59.62,37.81,28.02,23.4,0,0,0,0,0,0
6.45,29.79,106.91,49.24,13.02,99.58,50.7,150.84,201.08,155.76,30.68,141.48,59.66,39.39,28.57,22.88,0,0,0,0,0,0
6.46,30.5,108.14,51.2,13.18,103.16,55.3,157.91,208.24,164.46,31.91,148.35,63.87,41.1,29.58,23.19,0,0,0,0,0,0
5.33,25.91,92.51,44.37,11.13,87.86,49.63,136.18,176.31,141.91,27.96,128.1,56.51,35.13,25,19.5,0,0,0,0,0,0
4.8,22.22,76.19,37.46,9.4,70.39,43.16,108.15,141.15,113.28,23.97,108.66,49.2,27.24,19.93,16.58,0,0,0,0,0,0
5.26,23.61,83.6,38.21,10.17,63.71,43.89,98.66,128.57,99.25,24.2,108.11,50.23,23.82,17.24,16.22,0,0,0,0,0,0
10.42,46.81,193.44,74.44,22.67,114.11,84.09,179.7,235.77,159.52,45.89,193.56,91.52,39.1,25.6,27.01,0,0,0,0,0,0
15.24,69.2,295.04,112.11,34.26,167.06,124.93,265.54,347.97,231.31,68.56,285.24,136.78,57.06,35.79,39.47,0,0,0,0,0,0
18.34,81,337.04,132.74,39.5,193.01,145.73,306.09,400.6,271.43,82.24,338.98,166.03,66.88,42.39,48.92,0,0,0,0,0,0
19.67,84.56,338.42,138.87,40.36,199.95,150.65,314.36,412.32,286.71,86.82,359.78,177.83,70.5,46.02,53.94,0,0,0,0,0,0
20.08,86.66,341.1,141.46,41.04,207.02,152.9,323.35,425.08,298.92,87.52,371.28,181.26,73.86,49.05,55.77,0,0,0,0,0,0
18.96,85.04,340.48,138.89,40.4,211.57,150.62,331.45,435.31,305.53,85.02,366.07,174.82,76.38,50.21,53.9,0,0,0,0,0,0
17.95,84.66,353.03,137.9,40.52,221.25,151.66,349.53,457.85,314.21,85.3,361.8,169.19,79.79,51.12,52.06,0,0,0,0,0,0
18,86.3,351.98,137.32,40.13,232.81,151.92,366.3,482.1,335.13,87.91,371.37,170.74,87.04,56.27,55.17,0,0,0,0,0,0
18.01,88.31,356.28,138.04,40.21,242.58,153.65,381.33,502.45,351.16,90.85,381.71,173.5,92.9,59.94,57.71,0,0,0,0,0,0
17.53,86.84,351.76,135.36,39.71,242.04,151.35,380.76,502.18,352.42,90.07,376.21,170.25,93.6,60.05,56.84,0,0,0,0,0,0
17.11,84.74,347.75,132.77,39.23,238.25,150.27,374.52,494.45,343.33,88.42,366.78,166.49,90.52,57.9,54.58,0,0,0,0,0,0
17.14,84.28,347.95,130.28,39.33,229.54,147.65,361.4,477.47,327.47,87.46,358.56,162.65,86.61,55.09,53.26,0,0,0,0,0,0
15.01,73.33,305.37,114.03,34.78,201.35,128.97,317.46,418.91,289.37,76.22,311.45,141.34,76.16,48.29,45.87,0,0,0,0,0,0
12.59,60.82,247.32,94.95,28.31,170.54,106.75,267.15,353.56,247.43,63.41,262.57,118.39,64.84,42.15,39.49,0,0,0,0,0,0
13.47,61.99,244.64,95.65,28.77,171.65,106.32,265.75,354.08,249.05,63.29,266.33,119.04,64.67,43.66,40.75,0,0,0,0,0,0
15.62,65.97,243.51,99.05,30.53,173.67,107.56,261.98,354.89,254.23,65.07,280.78,123.79,64.62,46.97,44.41,0,0,0,0,0,0
14.02,58.55,214.11,89.08,27.11,155.74,94.97,233.62,317.46,228.28,57.76,251.63,109.07,57.26,42.84,40.25,0,0,0,0,0,0
7.56,33.08,115.64,52.87,14.55,99.97,54.29,150.23,202.96,154.98,33.84,153.31,64.52,39.02,29.26,25.41,0,0,0,0,0,0
6.82,30.36,106.39,49.3,13.31,97.09,50.34,145.93,195.5,151.27,31.13,142.47,59.82,38.18,28.4,23.55,0,0,0,0,0,0
6.42,29.76,106.85,49.48,12.99,100.09,51.08,152.08,202.33,156.39,30.58,142.04,59.53,39.51,28.76,22.92,0,0,0,0,0,0
6.49,30.54,110.28,51.82,13.21,105.64,56.13,161.09,211.79,163.96,31.9,148.01,63.68,40.77,29.64,23.06,0,0,0,0,0,0
5.29,25.72,92.94,44.5,11.02,89.22,49.98,137.77,179.59,141.43,27.75,127.45,56.12,34.75,24.87,19.35,0,0,0,0,0,0
4.82,22.5,77.01,37.66,9.49,70.33,43.26,108.37,140.84,114.07,24.23,109.94,49.79,27.63,20.03,16.72,0,0,0,0,0,0
5.23,23.31,82.46,37.54,10.04,62.01,43.22,95.7,124.71,96,23.9,106.06,49.55,22.93,16.66,15.91,0,0,0,0,0,0
10.41,46.85,193.41,74.51,22.67,114.2,84.17,180.03,236.32,160.18,45.92,194.07,91.65,39.3,25.69,27.08,0,0,0,0,0,0
15.22,69.07,294.74,111.9,34.2,166.7,124.77,264.8,347.21,230.12,68.43,284.48,136.5,56.71,35.57,39.34,0,0,0,0,0,0
18.36,81.01,337.14,132.79,39.53,193.21,145.75,306.27,400.78,271.64,82.28,338.89,166.05,66.92,42.45,48.93,0,0,0,0,0,0
19.73,84.81,339,139.23,40.52,200.62,150.89,315.58,413.36,288.94,87.12,360.94,178.36,71.17,46.46,54.19,0,0,0,0,0,0
20.13,86.85,341.86,141.82,41.15,207.75,153.22,324.63,425.96,300.11,87.7,372.07,181.56,74.22,49.35,55.9,0,0,0,0,0,0
18.91,84.51,338.29,137.88,40.2,208.74,149.65,326.88,428.57,300.41,84.46,362.78,173.56,74.99,49.43,53.42,0,0,0,0,0,0
17.93,84.42,351.79,137.37,40.43,219.99,151.11,347.39,455.71,312.69,85.09,360.53,168.78,79.35,50.79,51.91,0,0,0,0,0,0
18.02,86.61,353.01,137.66,40.22,233.49,152.18,367.54,483.96,337.02,88.22,373.05,171.47,87.65,56.5,55.38,0,0,0,0,0,0
17.99,87.72,353.7,136.99,40.05,239.94,152.6,376.8,495.94,346.56,90.3,377.91,172.11,91.57,59.29,57.26,0,0,0,0,0,0
17.3,85.64,347.82,133.36,39.07,237.19,149.76,372.79,492.1,341.3,88.69,369.96,167.54,90.44,58.11,55.7,0,0,0,0,0,0
17.06,84.83,347.24,132.58,39.2,236.67,150.05,372.9,491.23,342.59,88.42,367.49,166.63,90.55,57.78,54.58,0,0,0,0,0,0
17.21,84.59,349.18,130.48,39.47,230.08,147.67,361.89,478.28,328.63,87.83,359.38,163.35,87.03,55.2,53.4,0,0,0,0,0,0
15,73.46,307.04,114.42,34.76,202.87,129.48,319.48,421.95,289.43,76.29,312.02,141.57,76.11,48.24,45.83,0,0,0,0,0,0
12.72,61.7,251.38,96.74,28.7,175.4,108.46,274.89,363.7,255.08,64.33,267.44,120.29,66.91,43.46,40.21,0,0,0,0,0,0
13.53,62.44,246.63,96.45,28.96,173.68,107.06,269.01,358.12,252.3,63.74,268.61,119.98,65.6,44.22,41.07,0,0,0,0,0,0
15.63,66.19,245.01,99.75,30.59,175.53,108.4,265.12,358.4,255.92,65.21,282.27,124.11,65.04,47.35,44.54,0,0,0,0,0,0
14.04,58.75,215.32,89.52,27.18,157.07,95.42,235.61,320.16,229.75,57.96,252.66,109.48,57.64,43.08,40.38,0,0,0,0,0,0
7.59,33.18,117.79,53.4,14.58,102.31,54.96,153.1,207.14,155.01,33.92,153.37,64.63,38.86,29.27,25.34,0,0,0,0,0,0
6.75,30.03,105.88,48.78,13.11,96.1,49.96,143.96,193.32,147.54,30.74,140.52,59.07,37.1,27.7,23.16,0,0,0,0,0,0
6.51,29.87,107.14,49.31,13.12,99.51,50.66,150.66,199.79,155.79,30.8,141.25,59.71,39.45,28.7,22.91,0,0,0,0,0,0
6.37,29.87,105.87,50.07,12.89,100.37,54.3,153.22,202.04,158.59,31.22,144.7,62.43,39.45,28.59,22.6,0,0,0,0,0,0
5.31,25.82,93.56,44.58,11.06,89.61,50,138.1,180.47,141.79,27.88,127.7,56.39,34.86,24.86,19.39,0,0,0,0,0,0
4.77,22.04,75.65,37.03,9.32,69.12,42.76,106.06,137.84,110.56,23.76,107.3,48.72,26.54,19.5,16.34,0,0,0,0,0,0
5.25,23.36,82.33,37.67,10.1,62.3,43.31,96.27,125.41,97.22,23.98,106.45,49.68,23.25,16.91,16.03,0,0,0,0,0,0
10.43,46.88,193.16,74.5,22.71,114.14,84.09,179.95,236.38,160.94,45.99,194.2,91.76,39.51,25.82,27.16,0,0,0,0,0,0
15.23,69.1,294.64,111.91,34.22,166.52,124.75,264.67,346.72,230.31,68.45,284.65,136.55,56.79,35.63,39.38,0,0,0,0,0,0
18.34,81.03,337.29,132.85,39.51,193.36,145.84,306.59,401.31,271.75,82.27,339.16,166.09,66.95,42.45,48.94,0,0,0,0,0,0
19.69,84.75,339.17,139.22,40.44,200.72,150.99,315.74,413.77,288.1,86.99,360.85,178.2,70.91,46.29,54.09,0,0,0,0,0,0
20.08,86.59,340.61,141.22,41.01,206.22,152.63,322.14,423.28,297.93,87.44,370.73,181.08,73.63,48.89,55.69,0,0,0,0,0,0
18.83,84.23,337.31,137.5,40.02,208.27,149.41,325.99,428.96,299.27,84.16,361.97,173.12,74.56,49.09,53.26,0,0,0,0,0,0
17.91,84.61,351.93,137.62,40.47,220.46,151.32,348.55,458.03,315.21,85.28,362.28,169.36,80.08,51.1,52.16,0,0,0,0,0,0
17.95,86.15,350.78,136.81,40.03,231.29,151.38,364.07,479.85,333.91,87.75,370.81,170.55,86.77,55.94,55.07,0,0,0,0,0,0
17.98,88.03,355.15,137.62,40.1,241.88,153.27,379.95,501.44,349.79,90.59,380.33,172.96,92.42,59.67,57.55,0,0,0,0,0,0
17.35,85.67,348.22,133.4,39.13,237.78,149.71,373.13,493.21,341.78,88.8,369.62,167.67,90.5,58.15,55.73,0,0,0,0,0,0
17.02,84.12,343.8,131.34,38.97,234.31,148.79,368.52,487.72,339.71,87.84,363.91,165.38,89.55,57.16,54.25,0,0,0,0,0,0
17.21,84.61,348.72,130.83,39.53,231.07,148.06,363.86,481.25,331.58,87.88,360.45,163.48,87.72,55.76,53.66,0,0,0,0,0,0
14.9,72.94,305.15,113.9,34.51,201.85,129.22,318,420.55,286.9,75.7,310.19,140.46,75.24,47.83,45.52,0,0,0,0,0,0
12.5,60.37,247.17,94.7,28.07,170.54,106.87,266.77,352.68,243.1,62.82,260.24,117.16,63.45,41.52,38.98,0,0,0,0,0,0
13.47,61.85,244.02,95.34,28.73,170.64,106.01,264.16,351.3,247.2,63.13,265.22,118.63,64.2,43.41,40.58,0,0,0,0,0,0
15.63,66.01,243.23,99.33,30.58,174.14,107.87,263.21,355.96,255.96,65.1,281.58,123.84,65.07,47.38,44.57,0,0,0,0,0,0
13.86,57.81,210.5,87.42,26.7,151.3,93.39,226.64,309.49,221.91,56.97,247.98,107.64,55.56,41.55,39.64,0,0,0,0,0,0
7.45,32.25,113,51.58,14.18,97.11,53.23,145.21,196.65,147.93,32.95,148.72,62.64,36.94,28.08,24.67,0,0,0,0,0,0
6.48,29.52,105.08,48.32,12.94,94.63,49.41,141.75,190.67,144.79,29.57,138.94,57.97,36.33,27,22.44,0,0,0,0,0,0
6.19,29.24,106.32,49.05,12.9,98.4,50.45,149.32,197.59,152.59,29.4,139.63,58.23,38.47,28.04,22.08,0,0,0,0,0,0
6.31,30.48,110.58,51.86,13.34,104.41,55.73,159.55,208.29,163.67,31.15,148.02,63.43,40.87,29.47,22.61,0,0,0,0,0,0
5.05,25.35,91.82,43.99,11.02,86.62,49.03,134.07,173.83,139.42,26.67,126.15,55.3,34.38,24.33,18.69,0,0,0,0,0,0
4.46,21.69,75.95,37.03,9.23,69.92,42.59,107.43,140.83,111.86,22.67,107.26,47.93,26.86,19.4,15.77,0,0,0,0,0,0
4.75,21.94,78.78,35.38,9.5,60.79,41.05,93.87,122.73,93.77,21.91,100.34,45.72,22.47,16.25,14.6,0,0,0,0,0,0
9.3,41.95,175.37,64.88,20.49,103.05,75.03,162.25,214.16,141.99,40.62,169.55,78.4,34.86,22.94,23.14,0,0,0,0,0,0
12.65,57.58,251.86,89.1,29.05,138.54,103.08,220.11,290.74,184.82,56.02,226.76,105.61,45.66,28.62,30.07,0,0,0,0,0,0
13.79,61.88,267.92,95.76,31.1,147.58,110.22,234.1,309.69,198.02,60.6,244.51,114.72,48.98,30.86,33.01,0,0,0,0,0,0
14.33,62.53,259.39,96.48,30.68,148.06,109.93,232.39,308.32,202.65,61.56,251.43,118.57,50.05,32.79,35.45,0,0,0,0,0,0
15.97,67.77,269.65,103.81,32.52,158.03,117.16,245.38,326.88,219.85,67.33,275.73,131.01,54.31,36.76,40.59,0,0,0,0,0,0
17.04,73.3,290.77,113.79,34.8,173.67,127.35,270.65,359.37,245.1,74.38,303.29,144.62,60.99,40.9,45.36,0,0,0,0,0,0
18.28,82.46,337.25,130.87,39.09,205.57,145.6,324.08,427.34,291.63,85.53,346.38,164.68,73.81,47.64,51.51,0,0,0,0,0,0
19.82,91.01,363.42,143.99,41.85,236.95,158.8,372.14,489.38,342.95,95.49,390,183.85,88.77,57.81,60,0,0,0,0,0,0
20.44,97.05,386.12,153.46,43.85,266.08,168.77,417.63,550.07,389.18,102.3,422.64,196.21,102.48,66.44,65.76,0,0,0,0,0,0
19.21,93.67,377,148.44,42.58,264.32,164.26,415.61,548.99,387.38,98.45,410.52,187.9,102.35,65.88,63.02,0,0,0,0,0,0
18.02,89.15,364.6,141.36,41.16,254.92,158.49,401.01,530.42,371.68,93.46,390.15,177.56,97.87,62.54,58.51,0,0,0,0,0,0
17.86,89.08,370.84,140.58,41.53,256.17,157.49,402.88,533.28,367.7,92.33,385.08,173.54,97.19,61.82,57.18,0,0,0,0,0,0
15.32,76.56,322.57,121.4,36.15,221.35,136.22,348.89,461.13,317.35,79.1,330.35,148.39,83.53,52.89,48.25,0,0,0,0,0,0
13.03,64.44,264.9,102.69,30.02,191.21,114.01,300.07,396.05,279.8,66.81,282.99,126.12,73.61,47.7,42.28,0,0,0,0,0,0
14.02,66.28,264.31,104.6,30.82,195.42,114.58,304.02,403.02,288.57,67.39,290.52,128.14,75.49,50.53,44.22,0,0,0,0,0,0
16.06,69.76,263.17,107.83,32.33,198.32,116.03,300.87,405.76,290.58,68.55,302.75,131.73,74.23,53.28,47.4,0,0,0,0,0,0
14.23,61.11,226.63,94.63,28.33,170.12,100.11,257.04,346.62,251.47,59.86,266.44,114.35,63.66,46.85,42.09,0,0,0,0,0,0
7.57,33.98,122.03,55.46,15.09,106.93,56.68,161.07,215.69,163.45,34.19,158.49,66.13,41.25,30.77,25.76,0,0,0,0,0,0
6.41,29.01,102.92,47.42,12.73,94.21,48.63,141.26,189.73,144.26,29.16,136.52,56.45,36.21,27.11,22.18,0,0,0,0,0,0
6.07,28.79,104.96,48.23,12.62,99,49.85,150.08,200.07,152.85,29.04,137.86,57,38.52,28.07,21.86,0,0,0,0,0,0
6.14,30.21,109.39,51.45,13.05,105.73,55.63,162.42,213.69,166.69,30.91,148.62,62.66,41.74,29.93,22.64,0,0,0,0,0,0
4.81,24.59,89.19,42.65,10.48,85.98,48.13,133.42,174.61,137.51,25.89,123.64,53.33,33.85,23.95,18.21,0,0,0,0,0,0
4.26,20.53,70.23,34.26,8.67,64.39,39.94,99.34,128.61,104.42,21.56,100.78,44.73,25.15,18.39,14.86,0,0,0,0,0,0
4.43,20.1,70.71,31.46,8.65,53.89,37.36,83.13,108.47,83.44,20.14,90.59,41.03,19.87,14.67,13.22,0,0,0,0,0,0
8.85,39.76,166.64,60.3,19.46,96.67,70.7,152.11,201.55,132.08,38.4,158.29,72.64,32.41,21.36,21.43,0,0,0,0,0,0
11.91,54.29,239.45,82.62,27.57,130.13,96.92,206.83,274.3,171.59,52.44,210.49,96.93,42.4,26.52,27.43,0,0,0,0,0,0
12.58,56.93,250.31,86.35,28.92,135.9,101.22,215.61,286.28,178.69,54.85,220.23,101.44,44.21,27.78,28.81,0,0,0,0,0,0
12.58,55.65,235.19,83.39,27.73,132.17,97.22,207.31,276.37,177.16,53.43,217.85,100.03,43.89,28.73,29.55,0,0,0,0,0,0
13.45,58.15,236.6,85.94,28.43,136.45,99.75,211.51,283.47,184.88,55.62,229.47,105.08,45.85,31.13,32.19,0,0,0,0,0,0
13.69,60.73,248.06,90.63,29.48,145.71,104.77,226.69,303.15,199.41,58.92,243.12,110.81,49.9,33.47,34.29,0,0,0,0,0,0
14.23,67.11,285.15,102.72,32.56,170.18,118.24,268.16,355.93,232.5,66.61,272.53,123.67,59.21,37.93,37.92,0,0,0,0,0,0
15.62,75.34,310.43,115.43,35.17,200.65,131.11,315.24,416.24,282.23,75.99,315.22,141.99,73.79,47.83,46.05,0,0,0,0,0,0
16.88,83.31,338.1,128.16,38,231.08,144.19,362.77,479.5,332.35,85.41,356.56,160.04,88.32,57.01,53.64,0,0,0,0,0,0
17.29,86.35,352.36,134.76,39.57,248.73,150.75,390.94,516.03,362,89.46,374.55,167.73,96.38,61.97,56.51,0,0,0,0,0,0
17.27,86.13,354.23,135.34,39.97,248.7,152.47,391.43,515.35,362.05,89.88,374.45,168.64,95.9,61.4,55.81,0,0,0,0,0,0
17.55,87.3,363.7,136.55,40.75,249.26,153.54,392.03,516.97,356.44,90.49,374.56,168.54,94.54,60.21,55.56,0,0,0,0,0,0
15.31,76.23,321.17,120.7,36.07,221.54,135.55,349.36,460.31,317.98,78.91,328.33,147.1,83.82,53.33,48.11,0,0,0,0,0,0
12.82,63.15,260.77,100.45,29.38,187.54,112.15,293.68,388.06,270.48,65.49,275.92,122.91,70.96,46.19,41.17,0,0,0,0,0,0
13.82,65.02,261.94,102.55,30.16,192.64,113.03,298.22,395.8,277.01,66.04,282.8,124.92,72.15,48.6,42.87,0,0,0,0,0,0
15.92,69.12,260.01,106.08,31.96,194.56,114.31,295.15,398.3,285.48,67.93,299.19,130.15,73.07,52.36,46.83,0,0,0,0,0,0
14.04,60.09,222.36,92.52,27.79,166.66,98.16,251.26,341.27,246.05,58.93,261.51,112.13,62.16,45.75,41.38,0,0,0,0,0,0
7.42,33.1,117.95,53.49,14.66,103.85,54.77,155.94,210.86,159.57,33.45,154.08,64.17,40.23,29.99,25.21,0,0,0,0,0,0
6.79,30.4,106.39,49.24,13.27,96.82,50.28,145.64,195.66,151.35,31.15,142.95,60.01,38.26,28.3,23.57,0,0,0,0,0,0
6.41,29.69,105.42,48.85,12.96,97.82,50.27,148.77,198.06,155.28,30.56,141.5,59.52,39.38,28.48,22.88,0,0,0,0,0,0
6.35,29.76,105.69,49.91,12.83,99.92,54.2,152.47,200.6,157.09,31.08,143.93,62.1,39.03,28.38,22.45,0,0,0,0,0,0
5.23,25.44,91.14,43.66,10.86,86.61,49.12,133.87,174.59,138.38,27.43,125.95,55.57,34.03,24.27,19.1,0,0,0,0,0,0
4.69,21.78,74.2,36.44,9.14,67.31,42.22,103.49,134.81,108.28,23.45,106.3,48.23,25.96,19.03,16.13,0,0,0,0,0,0
5.24,23.51,83.2,38,10.13,63.3,43.69,97.86,127.89,98.49,24.11,107.52,50.04,23.59,17.07,16.14,0,0,0,0,0,0
10.46,47.11,194.55,75.08,22.81,115.82,84.71,182.57,239.76,162.88,46.21,195.54,92.23,40,26.17,27.33,0,0,0,0,0,0
15.22,69.06,294.61,111.89,34.19,166.58,124.76,264.71,346.96,230.06,68.4,284.49,136.47,56.7,35.57,39.34,0,0,0,0,0,0
18.33,80.94,336.86,132.66,39.48,192.8,145.65,305.72,400.09,270.93,82.18,338.66,165.9,66.74,42.31,48.86,0,0,0,0,0,0
19.66,84.57,338.35,138.84,40.35,199.66,150.62,314.06,411.66,286.47,86.81,359.89,177.84,70.48,45.99,53.93,0,0,0,0,0,0
20.07,86.56,340.55,141.26,40.99,206.49,152.7,322.54,424.17,298.32,87.42,370.84,181.08,73.69,48.93,55.71,0,0,0,0,0,0
18.87,84.45,338.54,137.87,40.13,209.3,149.74,327.43,430.51,300.29,84.39,362.68,173.52,74.85,49.29,53.36,0,0,0,0,0,0
17.91,84.51,352.13,137.56,40.43,220.51,151.34,348.39,457.47,313.78,85.16,361.46,169.04,79.65,50.91,52.01,0,0,0,0,0,0
18.01,86.5,352.85,137.55,40.18,233.44,152.11,367.26,483.79,336.25,88.11,372.42,171.23,87.39,56.37,55.29,0,0,0,0,0,0
18.06,88.35,356.07,137.79,40.28,241.82,153.21,379.84,500.28,350.73,90.97,381.1,173.59,92.86,59.87,57.71,0,0,0,0,0,0
17.28,85.42,347.46,133.12,38.98,236.91,149.6,372.03,491.27,339.52,88.46,368.69,167.04,89.86,57.82,55.5,0,0,0,0,0,0
16.92,83.61,342.96,130.65,38.7,232.76,148.36,365.75,483.47,333.87,87.21,360.91,164.07,87.88,56.23,53.64,0,0,0,0,0,0
17.16,84.39,349.43,130.76,39.37,231.13,148.25,363.64,479.89,327.62,87.52,358.88,162.7,86.57,55.2,53.23,0,0,0,0,0,0
14.89,73.04,305.41,113.95,34.53,201.5,129.26,317.79,419.44,286.58,75.75,310.63,140.58,75.26,47.81,45.53,0,0,0,0,0,0
12.57,61.14,249.25,95.84,28.35,173.42,107.79,271.76,361.13,251.2,63.68,265.32,119.22,65.75,42.63,39.79,0,0,0,0,0,0
13.47,61.99,244.94,95.64,28.75,171.97,106.32,265.95,355.1,249,63.3,266.26,119.11,64.62,43.56,40.72,0,0,0,0,0,0
15.61,66.32,245.5,100.12,30.61,176.51,108.83,266.97,361.3,257.91,65.32,283.71,124.49,65.56,47.64,44.72,0,0,0,0,0,0
13.9,58.18,212.97,88.26,26.82,153.79,94.3,230.4,314.38,224.17,57.31,249.9,108.38,56.15,41.93,39.83,0,0,0,0,0,0
7.39,32.17,112.38,51.12,14.07,95.54,52.75,142.94,193.96,146.09,32.83,148.37,62.56,36.57,27.63,24.53,0,0,0,0,0,0
6.71,29.86,104.4,48.39,13.03,94.55,49.59,142.09,190.47,146.56,30.53,140.09,58.72,36.9,27.56,23.09,0,0,0,0,0,0
6.35,29.05,103.99,47.98,12.7,96.28,49.58,145.51,193.78,149.5,29.89,137.44,57.98,37.62,27.57,22.26,0,0,0,0,0,0
6.53,30.59,108.84,51.29,13.28,103.69,55.28,158.2,208.49,164.66,32.08,148,64.03,41.14,29.64,23.21,0,0,0,0,0,0
5.33,25.92,91.94,44.31,11.14,87.75,49.51,136.13,177.19,143.28,28.02,128.6,56.71,35.49,25.13,19.63,0,0,0,0,0,0
4.82,22.35,75.59,37.3,9.48,69.19,42.82,106.73,138.7,113.93,24.14,109.23,49.53,27.6,20.04,16.72,0,0,0,0,0,0
5.21,23.12,81.66,37.3,9.98,61.63,43.03,94.97,124.1,95.25,23.72,105.15,49.16,22.65,16.54,15.81,0,0,0,0,0,0
10.4,46.77,193.19,74.43,22.64,114.27,84.12,179.97,236.76,159.99,45.85,193.71,91.51,39.18,25.63,27.03,0,0,0,0,0,0
15.25,69.21,295.54,112.26,34.27,167.65,125.14,266.31,348.88,231.21,68.56,285.21,136.75,56.99,35.8,39.44,0,0,0,0,0,0
18.35,81.04,337.37,132.86,39.52,193.47,145.86,306.71,401.58,271.84,82.29,339.18,166.12,66.97,42.45,48.94,0,0,0,0,0,0
19.68,84.64,338.49,138.94,40.4,199.91,150.68,314.46,412.19,287.28,86.9,360.24,178.01,70.7,46.13,54.02,0,0,0,0,0,0
20.09,86.7,341.14,141.54,41.05,207.12,152.97,323.63,425.32,299.32,87.55,371.57,181.33,73.98,49.13,55.81,0,0,0,0,0,0
18.93,84.75,339.75,138.43,40.28,210.64,150.23,329.64,433,302.69,84.71,364.2,174.13,75.54,49.74,53.61,0,0,0,0,0,0
17.9,84.2,351.6,137.06,40.33,219.51,150.89,346.24,454.12,310.11,84.85,358.97,168.21,78.59,50.37,51.63,0,0,0,0,0,0
17.96,85.82,350.38,136.44,39.95,230.71,151.09,362.55,476.9,330.41,87.43,368.18,169.6,85.7,55.52,54.7,0,0,0,0,0,0
17.97,87.88,355.37,137.32,40.02,241.09,153.04,378.39,498.39,346.38,90.39,378.74,172.44,91.52,59.16,57.22,0,0,0,0,0,0
17.48,86.74,352.84,135.22,39.56,242.16,151.38,380.38,502,349.27,89.88,375.23,169.95,92.71,59.41,56.5,0,0,0,0,0,0
17.06,84.76,348.32,132.77,39.16,238.11,150.38,374.41,493.91,341.88,88.34,366.86,166.43,90.18,57.64,54.44,0,0,0,0,0,0
17.14,84.16,347.03,129.92,39.31,228.25,147.23,359.49,474.33,326.09,87.35,357.64,162.34,86.3,54.91,53.15,0,0,0,0,0,0
14.91,72.77,303.49,113.28,34.51,199.53,128.44,314.6,414.93,284.98,75.57,308.76,140.03,74.85,47.61,45.4,0,0,0,0,0,0
12.64,60.98,248.57,95.61,28.42,172.71,107.48,270.38,357.69,249.65,63.58,263.48,118.64,65.3,42.62,39.65,0,0,0,0,0,0
13.42,61.78,244.34,95.66,28.65,172.24,106.52,266.54,356,248.71,63.04,265.88,118.63,64.41,43.58,40.65,0,0,0,0,0,0
15.63,66.18,244.79,99.79,30.6,175.87,108.42,265.59,359.78,257.01,65.24,282.51,124.2,65.27,47.49,44.63,0,0,0,0,0,0
13.96,58.36,212.64,88.55,26.99,154.27,94.42,231.46,315.67,227.42,57.58,251.05,108.84,57.05,42.55,40.17,0,0,0,0,0,0
7.43,32.15,112.34,51.13,14.13,95.17,52.74,142.44,191.43,145,32.8,147.6,62.25,36.32,27.68,24.45,0,0,0,0,0,0
6.79,30.06,105.74,48.76,13.17,96.11,49.86,143.85,193.3,148.22,30.83,140.48,59.19,37.28,27.82,23.23,0,0,0,0,0,0
6.39,29.24,104.26,48.34,12.82,97.11,49.86,147.06,195.85,152.19,30.13,138.74,58.45,38.36,28.05,22.53,0,0,0,0,0,0
6.5,30.68,109.3,51.71,13.28,104.4,55.85,159.94,209.82,165.48,32.06,149.14,64.08,41.37,29.89,23.28,0,0,0,0,0,0
5.4,26.38,95.33,45.56,11.32,91.81,50.85,142.01,185.21,146.94,28.47,130.94,57.62,36.35,25.77,19.92,0,0,0,0,0,0
4.79,22.24,76.24,37.28,9.38,69.52,42.95,106.9,138.89,111.9,23.96,108.46,49.19,26.98,19.69,16.49,0,0,0,0,0,0
5.33,23.83,84.72,38.58,10.32,64.85,44.16,100.11,130.24,100.75,24.49,108.67,50.66,24.22,17.53,16.37,0,0,0,0,0,0
10.46,47.14,194.75,75.04,22.81,115.61,84.65,182.2,238.95,162.27,46.23,195.4,92.23,39.88,26.07,27.28,0,0,0,0,0,0
15.26,69.28,295.6,112.29,34.31,167.55,125.11,266.25,348.5,231.59,68.64,285.46,136.89,57.14,35.89,39.5,0,0,0,0,0,0
18.35,81.03,337.2,132.81,39.52,193.2,145.79,306.37,400.97,271.69,82.28,339.15,166.1,66.95,42.43,48.94,0,0,0,0,0,0
19.74,84.87,339.29,139.33,40.53,200.81,150.98,315.93,413.71,289.18,87.16,361.27,178.47,71.25,46.5,54.22,0,0,0,0,0,0
20.12,86.75,340.87,141.47,41.12,206.63,152.79,322.96,423.89,299.61,87.64,371.54,181.43,74.13,49.24,55.88,0,0,0,0,0,0
18.92,84.78,339.47,138.38,40.28,210.35,150.14,329.37,432.89,303.27,84.76,364.59,174.29,75.74,49.79,53.68,0,0,0,0,0,0
17.87,84.15,350.69,137,40.28,219.27,150.85,346.25,454.91,311.34,84.79,359.55,168.25,78.9,50.51,51.75,0,0,0,0,0,0
17.93,86.07,350.84,136.69,39.98,230.71,151.34,363.25,477.57,331.8,87.6,370.06,170.17,86.24,55.69,54.88,0,0,0,0,0,0
17.98,87.88,355.13,137.61,40.07,242.15,153.36,380.14,501.25,348.7,90.43,379.35,172.5,92.02,59.59,57.41,0,0,0,0,0,0
17.41,85.98,349.1,134.05,39.33,238.99,150.3,375.51,494.99,344.69,89.12,371.34,168.21,91.35,58.82,56.04,0,0,0,0,0,0
17.06,84.78,347.4,132.88,39.2,237.87,150.48,374.79,494.02,343.77,88.36,367.8,166.52,90.72,58.03,54.65,0,0,0,0,0,0
17.18,84.66,350.14,131.21,39.48,232.44,148.63,365.84,483.86,331.17,87.84,360.89,163.5,87.54,55.68,53.58,0,0,0,0,0,0
14.95,73.16,305.65,114.01,34.63,201.92,129.17,318.08,420.56,288.09,75.98,310.92,140.97,75.67,48,45.68,0,0,0,0,0,0
12.55,60.64,248.01,94.94,28.19,171.23,106.94,267.66,354.58,245.2,63.17,261.42,117.89,64.08,41.76,39.2,0,0,0,0,0,0
13.59,62.44,247.11,96.98,29.05,176.13,107.64,272.34,363.76,255.47,63.84,269.03,120.08,66.18,44.79,41.29,0,0,0,0,0,0
15.73,66.67,247.51,100.96,30.85,179.58,109.56,271.05,367.44,261.95,65.8,285.06,125.27,66.5,48.34,45.06,0,0,0,0,0,0
14.12,59.36,217.37,90.59,27.46,159.49,96.38,239.91,325.37,235.14,58.59,256.2,110.81,59.2,44.03,40.93,0,0,0,0,0,0
7.59,32.99,115.91,52.97,14.57,100.51,54.45,150.77,202.99,154.25,33.76,152.45,64.17,38.73,29.28,25.31,0,0,0,0,0,0
6.78,29.85,104.47,48.25,13.13,94.31,49.3,141.17,188.64,145.86,30.62,138.96,58.62,36.72,27.54,23.04,0,0,0,0,0,0
6.43,29.58,105.76,48.96,12.96,98.43,50.46,149.37,197.99,154.15,30.43,140.42,59.06,38.96,28.46,22.74,0,0,0,0,0,0
6.37,30.02,107.02,50.42,12.92,101.08,54.72,154.48,202.71,158.58,31.31,145.39,62.6,39.49,28.66,22.61,0,0,0,0,0,0
5.23,25.41,91.31,43.57,10.84,86.7,49,133.63,174.91,137.94,27.43,125.55,55.56,33.88,24.12,19.04,0,0,0,0,0,0
4.7,21.61,73.75,35.99,9.1,66.27,41.72,101.39,131.88,105.82,23.3,104.61,47.8,25.3,18.62,15.9,0,0,0,0,0,0
5.24,23.31,82.43,37.59,10.06,62.31,43.27,96.08,125.45,96.55,23.92,106.09,49.58,23.04,16.76,15.95,0,0,0,0,0,0
10.43,47.02,194.02,74.78,22.75,114.86,84.41,181.13,237.74,161.56,46.11,194.97,92.03,39.7,25.92,27.22,0,0,0,0,0,0
15.27,69.39,295.97,112.49,34.34,168.06,125.31,267.14,349.87,232.66,68.74,286.21,137.15,57.44,36.04,39.6,0,0,0,0,0,0
18.34,80.97,337.01,132.66,39.48,192.81,145.65,305.69,399.98,270.81,82.21,338.67,165.94,66.72,42.29,48.86,0,0,0,0,0,0
19.68,84.71,338.93,139.08,40.41,200.35,150.83,315.11,413.17,287.67,86.96,360.6,178.15,70.8,46.18,54.05,0,0,0,0,0,0
20.12,86.73,341.38,141.64,41.11,207.38,153.04,323.95,425.28,299.49,87.6,371.46,181.34,74.02,49.23,55.83,0,0,0,0,0,0
18.96,84.92,340.01,138.65,40.37,210.93,150.36,330.32,433.64,304.34,84.91,365.18,174.54,76.05,50.04,53.79,0,0,0,0,0,0
17.93,84.65,352.67,137.75,40.5,220.89,151.48,349.01,457.93,314.49,85.31,361.98,169.3,79.88,51.06,52.09,0,0,0,0,0,0
17.94,86,350.15,136.58,39.99,230.28,151.2,362.73,476.66,331.97,87.56,369.8,170.04,86.28,55.77,54.91,0,0,0,0,0,0
17.83,87.22,352.22,135.91,39.67,237.24,151.71,372.39,491.14,340.63,89.68,375.42,171.1,89.98,58.07,56.67,0,0,0,0,0,0
17.36,85.9,349.51,133.98,39.21,239.25,150.36,375.65,496.09,343.57,88.99,371.11,168.1,90.99,58.5,55.9,0,0,0,0,0,0
17.04,84.41,346.82,132.11,39.04,236.54,149.73,371.69,490.59,339.24,88.02,364.78,165.69,89.41,57.18,54.18,0,0,0,0,0,0
17.13,84.21,348.82,130.47,39.29,230.82,147.99,362.84,479.88,326.87,87.37,358.03,162.42,86.28,54.98,53.13,0,0,0,0,0,0
14.94,73.21,306.21,114.24,34.64,202.49,129.47,319.05,421.31,288.11,75.98,311.2,140.97,75.66,48.07,45.67,0,0,0,0,0,0
12.58,60.82,247.12,95,28.3,170.57,106.83,267.43,354,247.91,63.39,262.93,118.41,64.96,42.23,39.53,0,0,0,0,0,0
13.4,61.61,242.86,95.01,28.58,170.26,105.75,263.48,352.31,247.15,62.91,264.8,118.37,64.07,43.23,40.53,0,0,0,0,0,0
15.64,66.28,245.91,100.12,30.62,176.83,108.83,267.03,361.23,257.03,65.3,282.95,124.32,65.26,47.53,44.62,0,0,0,0,0,0
13.97,58.33,212.97,88.58,26.98,154.44,94.49,231.59,315.37,226.65,57.54,250.66,108.69,56.82,42.48,40.09,0,0,0,0,0,0
7.46,32.49,114.41,52.01,14.23,98.49,53.66,147.22,199.96,149.51,33.18,150.03,63.22,37.37,28.25,24.81,0,0,0,0,0,0
6.64,29.57,104,48,12.84,94.19,49.36,141.05,190.29,144.13,30.21,138.67,58.15,36.12,27.03,22.8,0,0,0,0,0,0
6.33,28.81,102.92,47.49,12.61,95,49.1,143.41,190.96,147.36,29.65,135.99,57.44,37.03,27.21,22.05,0,0,0,0,0,0
6.54,30.87,110.81,52,13.36,105.28,56.11,160.95,210.51,165.3,32.24,149.34,64.35,41.36,29.9,23.27,0,0,0,0,0,0
5.34,25.95,92.72,44.53,11.16,88.41,49.8,137.02,177.61,142.74,28.01,128.44,56.61,35.32,25.14,19.56,0,0,0,0,0,0
4.75,22.03,75.07,36.82,9.29,68.25,42.5,104.93,136.49,110.32,23.74,107.38,48.76,26.55,19.4,16.34,0,0,0,0,0,0
5.26,23.6,83.8,38.29,10.16,64.43,44,99.47,130.65,99.94,24.22,108.16,50.29,23.9,17.28,16.25,0,0,0,0,0,0
10.47,47.21,194.84,75.24,22.84,116.21,84.85,183.27,240.76,163.85,46.32,196.15,92.46,40.28,26.32,27.42,0,0,0,0,0,0
15.27,69.32,295.68,112.34,34.33,167.69,125.14,266.47,348.98,232.05,68.69,285.72,137.01,57.27,35.94,39.54,0,0,0,0,0,0
18.35,81,337.11,132.68,39.51,192.86,145.64,305.71,400.03,270.99,82.25,338.71,166.01,66.78,42.31,48.88,0,0,0,0,0,0
19.74,85.02,340.67,139.6,40.55,201.68,151.3,317.05,415.03,288.91,87.27,361.68,178.71,71.19,46.43,54.18,0,0,0,0,0,0
20.14,86.96,342.13,141.97,41.19,208.15,153.32,325.28,427.19,301.37,87.84,372.77,181.88,74.57,49.51,56.03,0,0,0,0,0,0
18.93,84.86,339.47,138.46,40.32,210.31,150.18,329.51,432.81,303.93,84.83,365.07,174.45,75.97,49.93,53.76,0,0,0,0,0,0
17.81,83.94,349.97,136.5,40.14,217.96,150.39,344.09,452.43,308.81,84.55,358.38,167.84,78.24,49.99,51.5,0,0,0,0,0,0
17.83,85.3,347.92,135.32,39.64,227.62,150.09,357.86,471.41,325.74,86.82,365.83,168.57,84.46,54.59,54.26,0,0,0,0,0,0
18.01,88.18,355.78,137.8,40.18,242.09,153.4,380.36,501.2,350.14,90.74,380.77,173.2,92.59,59.79,57.61,0,0,0,0,0,0
17.45,86.3,351.13,134.98,39.45,242,151.33,380.12,501.65,348.29,89.43,373.48,168.91,92.2,59.42,56.33,0,0,0,0,0,0
17.08,84.56,346.77,132.36,39.16,236.69,149.88,372.36,490.55,341,88.19,365.68,165.98,89.96,57.6,54.38,0,0,0,0,0,0
17.22,84.93,352.19,131.8,39.58,234.03,149.26,368.13,485.87,331.6,88.06,361.7,163.86,87.67,55.85,53.61,0,0,0,0,0,0
15.03,73.65,308.3,114.96,34.84,204.49,130.08,321.98,425.11,291.09,76.47,313.11,141.91,76.51,48.56,45.97,0,0,0,0,0,0
12.74,62,253.48,97.34,28.77,177.46,109.1,277.77,368.25,256.81,64.61,268.95,120.97,67.35,43.65,40.35,0,0,0,0,0,0
13.54,62.41,246.66,96.45,28.97,173.88,107.05,269.13,358.54,252.36,63.74,268.39,119.95,65.58,44.22,41.06,0,0,0,0,0,0
15.64,66.27,246.78,100.27,30.61,177.84,109.05,268.06,363.07,256.7,65.3,282.61,124.27,65.07,47.45,44.54,0,0,0,0,0,0
13.92,58.18,212.92,88.35,26.87,153.68,94.39,230.44,313.09,223.85,57.29,249.69,108.2,56.09,42.05,39.82,0,0,0,0,0,0
7.45,32.29,113.12,51.43,14.18,96.54,53.02,144.27,195.28,147.15,32.99,148.58,62.74,36.82,27.91,24.62,0,0,0,0,0,0
6.58,29.9,105.53,48.86,13.21,95.4,49.71,143.42,191.82,148.67,30.04,140.81,58.76,37.5,27.8,22.87,0,0,0,0,0,0
6.3,29.89,109.78,50.39,13.19,102.02,51.75,154.91,204.09,157.08,30.05,142.68,59.47,39.7,28.9,22.51,0,0,0,0,0,0
6.2,30.25,109.71,51.36,13.13,102.82,55.38,157.38,205.53,160.77,30.81,147.26,62.95,40.15,28.89,22.34,0,0,0,0,0,0
4.94,24.84,89.89,42.98,10.71,84.32,48.15,130.2,170.08,135.05,26.1,123.68,54.32,33.13,23.41,18.23,0,0,0,0,0,0
4.42,21.23,73.82,36.15,9.07,67.56,41.72,103.58,135.54,108.11,22.22,104.53,46.9,25.81,18.81,15.41,0,0,0,0,0,0
4.72,21.67,77.21,34.83,9.42,59.2,40.49,91.45,119.44,91.99,21.65,98.93,45.15,21.99,15.98,14.44,0,0,0,0,0,0
9.31,41.93,174.99,64.79,20.51,102.79,74.88,161.83,213.71,142.28,40.64,169.43,78.41,34.94,22.99,23.18,0,0,0,0,0,0
12.62,57.41,251.18,88.85,28.96,138,102.88,219.25,289.98,183.84,55.84,226.08,105.29,45.36,28.42,29.96,0,0,0,0,0,0
13.75,61.65,267.02,95.34,30.98,146.51,109.87,232.39,307.56,195.98,60.34,243.33,114.21,48.41,30.49,32.8,0,0,0,0,0,0
14.28,62.24,258.08,95.89,30.55,146.42,109.35,229.79,304.92,200.06,61.27,249.84,117.96,49.35,32.34,35.21,0,0,0,0,0,0
15.96,67.74,269.54,103.81,32.49,158.06,117.19,245.5,327.22,219.87,67.28,275.79,130.96,54.3,36.75,40.59,0,0,0,0,0,0
17,73.16,290.53,113.6,34.7,173.32,127.25,270.02,358.84,243.72,74.2,302.69,144.32,60.58,40.63,45.21,0,0,0,0,0,0
18.18,81.8,334.96,129.93,38.8,203.79,144.85,320.86,424.25,287.44,84.86,343.2,163.32,72.47,46.88,51.04,0,0,0,0,0,0
19.65,90.12,358.97,142.37,41.42,233.04,157.33,366.03,483.53,337.96,94.59,386.33,182.22,87.28,56.76,59.48,0,0,0,0,0,0
20.27,96.04,382.07,151.73,43.37,262.05,167.26,410.98,542.8,381.87,101.25,417.77,194.17,100.34,65.07,64.99,0,0,0,0,0,0
19.27,93.98,378.63,148.92,42.71,265.83,164.65,417.64,552.03,389.38,98.8,411.77,188.61,102.91,66.16,63.22,0,0,0,0,0,0
18.11,89.61,366.38,142.13,41.42,256.35,159.13,403.55,532.01,374.41,93.93,392.11,178.38,98.74,63.18,58.83,0,0,0,0,0,0
17.87,88.91,368.75,139.99,41.55,253.17,156.77,399.06,525.41,365.3,92.13,383.77,172.92,96.76,61.7,57.05,0,0,0,0,0,0
15.45,77.09,325.18,122.63,36.48,224.03,137.41,353.45,464.06,320.66,79.61,332.51,149.12,84.49,53.84,48.6,0,0,0,0,0,0
12.99,64.08,262.99,101.82,29.88,188.68,113.09,296.03,390.43,276.24,66.45,280.64,125.31,72.7,47.11,41.97,0,0,0,0,0,0
13.94,65.67,261.3,103.08,30.54,191.33,113.01,297.3,394.75,282.68,66.8,286.79,126.94,73.95,49.4,43.67,0,0,0,0,0,0
16.01,69.19,260.22,106.23,32.1,193.47,114.3,293.08,394.51,283.44,67.99,298.55,130.42,72.47,52.08,46.79,0,0,0,0,0,0
14.2,60.91,226.99,94.38,28.2,170.61,99.94,256.81,348.37,249.86,59.7,265.16,114.08,63.04,46.37,41.86,0,0,0,0,0,0
7.57,34.04,122.29,55.64,15.09,108.46,56.83,162.92,221.26,166.53,34.37,159.51,66.68,41.91,31,26,0,0,0,0,0,0
6.46,29.39,104.38,47.97,12.88,95.78,49.08,143.64,193.59,147.43,29.58,138.54,57.39,37.1,27.54,22.49,0,0,0,0,0,0
6.18,29.43,107.13,49.28,12.93,101.12,50.73,153.88,203.76,157.59,29.7,141.06,58.27,39.95,28.99,22.37,0,0,0,0,0,0
6.23,30.57,110.66,51.82,13.25,106.5,55.8,163.45,214.53,168.55,31.34,149.69,63.4,42.35,30.26,22.86,0,0,0,0,0,0
4.99,25.16,91.07,43.32,10.87,87.51,48.43,135.48,176.38,141.36,26.63,125.29,54.52,35.03,24.7,18.65,0,0,0,0,0,0
4.41,21.27,74.26,35.84,9.04,69.39,41.43,106.55,138.82,111.09,22.41,104.39,46.38,26.85,19.5,15.46,0,0,0,0,0,0
4.49,20.46,72.69,32.3,8.81,56.49,38.18,87,113.92,86.86,20.52,92.52,41.81,20.73,15.24,13.52,0,0,0,0,0,0
8.88,39.97,167.62,60.73,19.55,97.83,71.1,153.94,203.95,133.91,38.63,159.45,73.11,32.92,21.68,21.6,0,0,0,0,0,0
11.93,54.45,240.44,82.9,27.62,130.94,97.2,207.98,275.68,172.23,52.59,211.1,97.23,42.58,26.63,27.49,0,0,0,0,0,0
12.59,57.08,250.99,86.63,28.98,136.61,101.49,216.8,287.77,179.86,55,221.1,101.77,44.55,27.98,28.93,0,0,0,0,0,0
12.54,55.47,234.55,83.11,27.64,131.55,97,206.3,275.4,175.9,53.23,217.08,99.68,43.51,28.48,29.41,0,0,0,0,0,0
13.42,58.03,236.13,85.72,28.37,135.83,99.57,210.57,282.21,183.78,55.48,228.93,104.83,45.56,30.93,32.08,0,0,0,0,0,0
13.65,60.49,247.53,90.36,29.36,145.23,104.62,225.78,301.95,197.39,58.64,241.88,110.23,49.27,33.16,34.07,0,0,0,0,0,0
14.22,66.96,284.55,102.63,32.53,170.05,118.2,267.96,355.59,232.08,66.46,271.89,123.31,59.02,37.93,37.86,0,0,0,0,0,0
15.61,75.41,310.49,115.7,35.18,201.55,131.43,316.84,419.23,284.34,76.05,316.33,142.25,74.3,48.12,46.23,0,0,0,0,0,0
17.01,84.22,342.8,130.21,38.4,236.76,146.25,371.76,490.87,340.15,86.33,361.61,161.9,90.38,58.43,54.37,0,0,0,0,0,0
17.22,86.15,353.43,134.7,39.4,248.68,151.02,390.64,513.98,357.17,89.07,372.95,166.89,95.03,61.3,56.01,0,0,0,0,0,0
17.08,85.27,351.85,134.05,39.49,245.62,151.55,386.36,508.65,353.73,88.85,370.06,166.63,93.52,59.98,54.95,0,0,0,0,0,0
17.51,87.42,364.76,137.44,40.74,252.89,154.67,397.63,527.4,361.71,90.62,377.09,169.13,95.64,60.91,55.94,0,0,0,0,0,0
15.32,76.23,322.11,120.69,36.05,222.52,135.54,349.93,462.79,317.68,78.97,327.81,147.22,83.62,53.09,48.02,0,0,0,0,0,0
12.81,63.35,260.88,100.44,29.42,186.75,112.05,292.97,386.55,270.89,65.66,277,123.36,71.28,46.22,41.28,0,0,0,0,0,0
13.81,65.32,262.1,102.65,30.23,192.08,112.99,298.01,395.48,278.8,66.33,284.72,125.7,72.86,48.78,43.11,0,0,0,0,0,0
15.84,68.27,256.65,104.48,31.63,190.68,112.78,288.45,389.68,278.22,67.09,294.06,128.29,71.01,51.14,46.11,0,0,0,0,0,0
14.13,60.62,224.65,93.75,28.06,169.94,99.38,256.65,347.97,251.49,59.48,264.68,113.23,63.6,46.78,41.9,0,0,0,0,0,0
7.43,33.2,118.36,53.55,14.68,103.47,54.82,155.63,209.16,158.8,33.49,154.31,64.23,40.14,29.94,25.17,0,0,0,0,0,0
6.74,29.89,104.37,48.23,13.06,94.3,49.31,141.36,190.14,146.72,30.64,139.87,58.91,36.97,27.5,23.12,0,0,0,0,0,0
6.35,28.89,102.99,47.71,12.67,95.59,49.29,144.43,192.39,148.96,29.76,136.61,57.64,37.44,27.51,22.2,0,0,0,0,0,0
6.47,30.33,108.47,51.13,13.13,103.72,55.32,158.08,208.74,162.94,31.75,146.95,63.42,40.54,29.35,22.99,0,0,0,0,0,0
5.26,25.13,89.58,43.09,10.84,85.46,48.42,131.53,171.8,136.96,27.24,123.72,54.94,33.55,24.08,18.95,0,0,0,0,0,0
4.76,22.02,75.44,36.94,9.29,68.84,42.66,105.67,137.54,110.38,23.74,107.27,48.71,26.51,19.43,16.32,0,0,0,0,0,0
5.3,23.88,85.68,38.91,10.29,65.92,44.64,101.82,132.5,100.83,24.46,109.25,50.7,24.19,17.55,16.34,0,0,0,0,0,0
10.45,47.17,195,75.23,22.8,116.32,84.9,183.35,240.95,163.26,46.25,195.96,92.35,40.09,26.21,27.35,0,0,0,0,0,0
15.22,69.04,294.38,111.81,34.19,166.28,124.67,264.29,346.3,229.89,68.39,284.37,136.42,56.67,35.55,39.33,0,0,0,0,0,0
18.32,80.87,336.66,132.55,39.44,192.57,145.58,305.32,399.55,270.29,82.11,338.27,165.73,66.55,42.21,48.8,0,0,0,0,0,0
19.69,84.72,338.95,139.08,40.43,200.25,150.81,314.98,412.68,287.54,86.97,360.52,178.14,70.79,46.19,54.04,0,0,0,0,0,0
20.11,86.82,341.52,141.77,41.12,207.64,153.17,324.55,426.39,300.56,87.69,372.28,181.6,74.33,49.37,55.94,0,0,0,0,0,0
18.92,84.78,339.16,138.33,40.29,209.9,150.07,328.9,431.75,303.09,84.74,364.6,174.24,75.74,49.81,53.68,0,0,0,0,0,0
18,84.94,353.9,138.21,40.65,222.01,151.83,350.69,459.76,316.44,85.64,363.16,169.9,80.46,51.42,52.3,0,0,0,0,0,0
17.99,86.42,352.4,137.25,40.12,232.3,151.81,365.62,481.09,334.51,87.99,371.8,171,87,56.08,55.15,0,0,0,0,0,0
17.97,88.12,356.26,137.79,40.08,242.35,153.53,380.6,501.86,348.89,90.61,380.55,173.04,92.21,59.51,57.46,0,0,0,0,0,0
17.42,86.49,352.16,135.3,39.44,242.86,151.69,381.59,504.21,349.43,89.58,374.87,169.4,92.54,59.49,56.44,0,0,0,0,0,0
17.17,84.8,348.25,133.22,39.35,239.39,150.76,376.38,495.4,344.32,88.48,366.86,166.36,90.71,58.33,54.66,0,0,0,0,0,0
17.1,84.17,348.8,130.42,39.23,230.63,148.02,362.68,479.65,326.22,87.28,358.04,162.33,86.12,54.85,53.07,0,0,0,0,0,0
14.95,73.27,306.96,114.36,34.65,202.8,129.61,319.42,421.32,287.52,76.02,311.21,141.01,75.52,47.99,45.62,0,0,0,0,0,0
12.67,61.72,251.72,96.88,28.63,175.95,108.71,275.86,365.81,255.57,64.3,268.17,120.42,67.01,43.44,40.24,0,0,0,0,0,0
13.48,62.08,245.07,95.97,28.81,172.86,106.66,267.58,357.48,251.14,63.41,267.29,119.36,65.15,43.94,40.92,0,0,0,0,0,0
15.56,65.95,244.13,99.45,30.44,174.97,108.22,264.27,358.04,254.7,64.93,281.55,123.67,64.63,47.08,44.39,0,0,0,0,0,0
14,58.74,215.19,89.49,27.12,157.01,95.45,235.68,320.87,229.94,57.92,253.07,109.54,57.69,43.02,40.39,0,0,0,0,0,0
7.45,32.4,114.55,51.88,14.19,98.12,53.59,146.51,198.28,147.64,33.06,149.18,62.9,36.87,28,24.63,0,0,0,0,0,0
6.71,29.78,104.01,47.95,13,93.4,49.05,139.95,187.88,144.86,30.5,139.05,58.6,36.5,27.2,22.95,0,0,0,0,0,0
6.47,29.49,105.12,48.8,13,98.25,50.21,148.82,197.65,154.53,30.44,139.76,58.95,39.01,28.53,22.77,0,0,0,0,0,0
6.53,30.61,108.96,51.82,13.32,105.12,55.96,160.87,211.48,166.72,32.04,148.91,63.96,41.57,30.16,23.37,0,0,0,0,0,0
5.28,25.49,91.51,43.91,10.95,87.79,49.31,135.31,177.07,140.11,27.57,126.1,55.74,34.38,24.57,19.23,0,0,0,0,0,0
4.72,21.85,74.46,36.53,9.19,67.74,42.26,104,135.95,109.21,23.56,106.62,48.45,26.2,19.14,16.21,0,0,0,0,0,0
5.25,23.58,84.07,38.21,10.13,63.96,43.96,98.76,128.81,98.2,24.14,107.68,50.09,23.49,17.04,16.1,0,0,0,0,0,0
10.4,46.77,193.23,74.43,22.64,114.21,84.12,179.89,236.46,159.78,45.85,193.62,91.48,39.13,25.61,27.02,0,0,0,0,0,0
15.24,69.2,295.18,112.13,34.25,167.2,124.98,265.7,348.33,231.23,68.56,285.27,136.79,57.03,35.76,39.46,0,0,0,0,0,0
18.34,81.03,337.12,132.76,39.51,193.05,145.74,306.15,400.76,271.62,82.28,339.14,166.11,66.94,42.4,48.94,0,0,0,0,0,0
19.7,84.84,339.68,139.36,40.47,201.02,151.12,316.2,414.18,288.31,87.08,361.19,178.37,70.99,46.33,54.12,0,0,0,0,0,0
20.14,86.96,342.4,141.96,41.19,208.08,153.34,325.11,426.56,300.56,87.82,372.55,181.8,74.37,49.4,55.95,0,0,0,0,0,0
18.85,84.25,337.28,137.41,40.04,207.79,149.28,325.2,427.4,298.49,84.19,361.64,173.09,74.4,49,53.22,0,0,0,0,0,0
17.95,84.56,352.17,137.71,40.5,221.03,151.45,349.04,458.37,314.84,85.26,361.57,169.14,79.88,51.15,52.12,0,0,0,0,0,0
17.99,86.2,351.02,136.66,40.07,230.62,151.15,362.78,477.27,332.4,87.82,370.16,170.53,86.44,55.75,54.99,0,0,0,0,0,0
17.96,87.84,353.86,137.09,40.01,240.37,152.72,377.55,498.78,348.26,90.44,379.34,172.66,92.02,59.35,57.44,0,0,0,0,0,0
17.34,85.72,347.8,133.52,39.14,237.7,149.87,373.46,493.48,342.78,88.84,370.42,167.79,90.79,58.36,55.88,0,0,0,0,0,0
17.13,84.58,346.21,132.27,39.23,236.25,149.69,371.65,489.36,341.42,88.28,365.47,166.01,90.09,57.73,54.47,0,0,0,0,0,0
17.17,84.51,349.54,130.76,39.4,231.26,148.18,363.69,481.16,328.84,87.7,359.6,163.16,86.92,55.26,53.39,0,0,0,0,0,0
15,73.7,307.79,115,34.83,204.04,130.15,321.85,424.74,291.77,76.49,313.98,142.05,76.76,48.69,46.09,0,0,0,0,0,0
12.57,60.85,248.25,95.32,28.28,171.82,107.31,269.09,356.12,247.54,63.37,262.97,118.35,64.76,42.2,39.46,0,0,0,0,0,0
13.43,62.06,245.17,95.8,28.72,171.95,106.59,266.38,355.01,248.88,63.28,267,119.17,64.64,43.58,40.74,0,0,0,0,0,0
15.65,66.6,247.64,100.8,30.7,178.54,109.6,269.88,364.8,258.93,65.56,284.85,124.94,65.79,47.86,44.81,0,0,0,0,0,0
14.07,59.3,218.91,90.98,27.35,161.16,97.08,242.17,328.41,233.79,58.41,256.07,110.52,58.66,43.82,40.72,0,0,0,0,0,0
7.53,32.97,117.05,53.03,14.44,101.28,54.68,151.48,205.18,152.82,33.67,152.38,64.16,38.25,28.86,25.13,0,0,0,0,0,0
6.87,30.61,107.47,49.69,13.44,97.93,50.66,147.21,196.77,152.63,31.41,143.48,60.33,38.6,28.66,23.71,0,0,0,0,0,0
6.3,29.1,104.16,47.98,12.63,96.3,49.65,145.7,195.15,149.83,29.91,138.32,58.25,37.72,27.44,22.29,0,0,0,0,0,0
6.5,30.87,110.5,52.16,13.31,106.17,56.36,162.43,214.62,167.72,32.26,150.52,64.64,41.88,30.12,23.46,0,0,0,0,0,0
5.36,26.09,93.91,44.97,11.2,90.35,50.28,139.58,182.49,144.9,28.2,129.43,57.06,35.76,25.38,19.72,0,0,0,0,0,0
4.68,21.96,74.69,36.7,9.17,67.82,42.48,104.57,136.59,109.83,23.61,107.68,48.69,26.43,19.22,16.29,0,0,0,0,0,0
5.25,23.6,83.57,38.15,10.16,63.72,43.82,98.52,129.03,99.3,24.21,108.08,50.28,23.81,17.17,16.22,0,0,0,0,0,0
10.49,47.27,195.2,75.29,22.89,116.33,84.86,183.32,240.57,163.82,46.4,196.13,92.56,40.29,26.33,27.43,0,0,0,0,0,0
15.28,69.41,296.27,112.55,34.35,168.37,125.37,267.46,350.48,232.74,68.78,286.22,137.21,57.44,36.04,39.6,0,0,0,0,0,0
18.35,81.05,337.52,132.9,39.52,193.59,145.91,306.88,401.74,271.8,82.29,339.21,166.12,66.95,42.45,48.94,0,0,0,0,0,0
19.67,84.64,338.68,138.96,40.38,200.03,150.73,314.59,412.47,287.04,86.89,360.25,178.01,70.63,46.07,53.99,0,0,0,0,0,0
20.11,86.69,341.11,141.4,41.08,206.58,152.78,322.68,423.44,298.29,87.55,370.99,181.23,73.75,49.01,55.74,0,0,0,0,0,0
19,85.01,340.44,138.77,40.45,211.2,150.44,330.57,433.48,304.43,85.02,365.14,174.64,76.08,50.12,53.83,0,0,0,0,0,0
18.05,84.99,353.95,138.25,40.73,221.84,151.82,350.41,458.32,316.21,85.71,362.86,169.86,80.43,51.52,52.31,0,0,0,0,0,0
17.96,85.72,348.42,135.8,39.93,228.02,150.29,358.88,471.37,329.12,87.36,367.58,169.43,85.54,55.33,54.69,0,0,0,0,0,0
17.84,87.13,350.45,135.59,39.69,235.85,151.3,370.68,488.88,341.25,89.65,375.36,171.01,90.2,58.21,56.8,0,0,0,0,0,0
17.37,85.61,346.48,132.89,39.15,235.73,149.04,370.26,489.25,341.49,88.83,369.25,167.65,90.55,58.11,55.81,0,0,0,0,0,0
17.16,85.07,349.39,133.45,39.38,239.98,150.97,377.26,497.52,345.42,88.75,368.39,167.1,91.09,58.33,54.81,0,0,0,0,0,0
17.26,84.89,350.86,131.65,39.64,233.36,149,367.33,485.01,333,88.12,361.78,163.9,88.05,56.13,53.8,0,0,0,0,0,0
14.99,73.46,307.59,114.79,34.76,203.59,130.05,320.92,422.33,288.91,76.2,312.2,141.3,75.92,48.37,45.79,0,0,0,0,0,0
12.64,61.38,250.43,96.23,28.5,174.16,108.12,272.87,361.26,251.82,63.93,265.87,119.55,65.98,42.88,39.89,0,0,0,0,0,0
13.39,61.67,243.64,95.07,28.57,170.17,105.88,263.32,351.18,245.58,62.9,264.71,118.34,63.71,43.01,40.41,0,0,0,0,0,0
15.66,66.36,245.69,100.19,30.69,176.61,108.85,266.92,360.52,257.7,65.4,283.31,124.44,65.49,47.72,44.73,0,0,0,0,0,0
13.97,58.6,214.56,89.29,27.04,156.47,95.31,234.89,320.12,229.07,57.76,252.61,109.27,57.42,42.85,40.3,0,0,0,0,0,0
7.49,32.58,114.37,52.11,14.32,98.35,53.7,147.22,199.17,150.12,33.3,150.39,63.36,37.59,28.44,24.91,0,0,0,0,0,0
6.69,29.68,103.64,47.86,12.95,93.21,49.03,139.65,187.58,144.27,30.38,138.66,58.36,36.29,27.11,22.89,0,0,0,0,0,0
6.25,28.61,101.09,46.8,12.46,93.01,48.38,140.5,188.72,146.41,29.46,135.55,57.29,36.82,26.82,21.99,0,0,0,0,0,0
6.34,29.79,105.53,49.75,12.81,99.69,53.97,151.9,201.35,157.57,31.16,144.25,62.39,39.17,28.26,22.51,0,0,0,0,0,0
5.19,25.15,90.45,43.18,10.71,85.87,48.71,132.18,173.4,136,27.16,124.32,55.03,33.29,23.76,18.84,0,0,0,0,0,0
4.69,21.67,74.26,36.16,9.09,66.74,41.95,102.17,132.96,106.1,23.34,105.1,47.93,25.37,18.64,15.92,0,0,0,0,0,0
5.18,23.08,81.61,37.12,9.91,60.93,42.89,93.97,122.58,93.81,23.63,104.91,49.05,22.32,16.27,15.69,0,0,0,0,0,0
10.42,46.88,193.65,74.62,22.69,114.6,84.3,180.61,237.1,160.52,45.95,194.2,91.69,39.36,25.76,27.1,0,0,0,0,0,0
15.23,69.18,295.1,112.11,34.25,167.1,124.98,265.58,347.94,230.93,68.52,285.13,136.7,56.95,35.74,39.43,0,0,0,0,0,0
18.37,81.19,337.77,133.07,39.59,193.83,146,307.4,402.32,273.03,82.45,339.99,166.46,67.34,42.66,49.08,0,0,0,0,0,0
19.69,84.73,338.94,139.09,40.43,200.27,150.82,315.03,412.9,287.73,86.99,360.66,178.19,70.84,46.2,54.07,0,0,0,0,0,0
20.08,86.59,340.58,141.31,41.03,206.58,152.73,322.68,424.31,298.71,87.47,370.95,181.14,73.79,49.01,55.76,0,0,0,0,0,0
18.88,84.51,338.86,138.06,40.15,209.91,149.96,328.35,432.02,301.09,84.46,363.16,173.67,75.03,49.42,53.44,0,0,0,0,0,0
17.92,84.55,351.91,137.61,40.46,220.69,151.34,348.64,458.35,314.89,85.24,361.81,169.21,79.92,51.07,52.13,0,0,0,0,0,0
17.98,86.04,351.19,136.81,40.01,232.13,151.45,364.55,481.31,333.17,87.7,369.78,170.31,86.39,55.81,54.97,0,0,0,0,0,0
17.98,88,355.59,137.42,40.06,241.29,153.11,378.71,499.25,347.29,90.54,379.43,172.78,91.79,59.26,57.35,0,0,0,0,0,0
17.36,85.83,348.65,133.73,39.19,237.89,150.11,373.87,492.48,342.02,88.9,370.54,167.81,90.66,58.37,55.83,0,0,0,0,0,0
17.14,84.92,348.6,133.28,39.33,239.27,150.85,376.41,495.75,344.43,88.56,367.77,166.69,90.82,58.26,54.71,0,0,0,0,0,0
17.21,84.69,350.07,131.06,39.5,231.99,148.41,364.89,482.7,330.64,87.92,360.55,163.57,87.43,55.57,53.57,0,0,0,0,0,0
14.94,73.42,307.5,114.78,34.67,203.95,130.12,321.43,424.6,289.5,76.14,312.68,141.4,76.01,48.29,45.81,0,0,0,0,0,0
12.6,61.06,249.41,95.48,28.36,171.86,107.39,269.12,355.11,247.01,63.56,263.38,118.68,64.76,42.14,39.46,0,0,0,0,0,0
13.37,61.57,243.14,94.83,28.5,169.45,105.67,262.26,349.74,244.45,62.77,264.19,118.11,63.42,42.81,40.31,0,0,0,0,0,0
15.56,65.79,243.56,99.11,30.4,173.96,107.9,262.52,355.19,252.5,64.78,280.24,123.22,64.03,46.77,44.21,0,0,0,0,0,0
13.98,58.3,213.59,88.49,26.97,153.96,94.45,230.63,312.52,223.77,57.44,249.52,108.32,56.09,42.13,39.83,0,0,0,0,0,0
7.42,32.2,113.1,51.29,14.11,95.91,52.97,143.35,193.26,145.06,32.84,147.93,62.4,36.28,27.61,24.44,0,0,0,0,0,0
6.79,30.5,107.15,49.46,13.29,97.39,50.55,146.51,196.73,151.5,31.22,143.47,60.19,38.29,28.32,23.59,0,0,0,0,0,0
6.35,28.99,103.27,47.63,12.68,95.03,49.16,143.61,191.13,148.39,29.85,136.9,57.87,37.39,27.36,22.19,0,0,0,0,0,0
6.36,30.12,107.31,50.46,12.92,101.4,54.73,154.83,204.61,159.68,31.45,146.19,63.03,39.78,28.66,22.71,0,0,0,0,0,0
5.19,25.21,91.19,43.56,10.74,86.68,49.21,133.71,174.09,136.01,27.14,124.68,54.93,33.27,23.93,18.83,0,0,0,0,0,0
4.73,22.07,76.01,37.19,9.26,69.49,43.03,106.85,139.11,110.64,23.72,107.94,48.79,26.56,19.46,16.33,0,0,0,0,0,0
5.32,24,85.53,38.96,10.34,65.75,44.61,101.8,132.54,102.02,24.59,110,51.01,24.57,17.72,16.49,0,0,0,0,0,0
10.43,46.87,193.46,74.56,22.7,114.31,84.2,180.18,236.33,160.41,45.96,194.06,91.67,39.35,25.76,27.1,0,0,0,0,0,0
15.24,69.16,295.01,112.04,34.25,166.96,124.88,265.24,347.56,230.7,68.52,284.86,136.66,56.88,35.69,39.41,0,0,0,0,0,0
18.34,81,336.98,132.71,39.5,192.9,145.69,305.9,400.34,271.32,82.24,338.93,166.02,66.86,42.37,48.91,0,0,0,0,0,0
19.69,84.73,339.19,139.2,40.43,200.65,150.98,315.58,413.38,287.65,86.96,360.62,178.12,70.79,46.23,54.05,0,0,0,0,0,0
20.1,86.73,341.46,141.57,41.07,207.22,153,323.67,425.22,299.05,87.58,371.49,181.36,73.91,49.1,55.79,0,0,0,0,0,0
18.92,84.77,339.12,138.37,40.27,210.31,150.14,329.39,433.42,303.87,84.76,364.87,174.35,75.88,49.86,53.75,0,0,0,0,0,0
17.98,85.02,353.9,138.34,40.65,222.29,152,351.37,461.3,317.73,85.71,364.16,170.19,80.81,51.56,52.44,0,0,0,0,0,0
18.06,86.74,354.05,137.99,40.29,234.69,152.52,369.01,486.14,337.78,88.38,373.41,171.73,87.79,56.64,55.46,0,0,0,0,0,0
18.06,88.44,357.01,138.14,40.28,242.74,153.7,381.32,501.76,350.69,91,381.63,173.65,92.81,59.93,57.72,0,0,0,0,0,0
17.33,85.8,348.49,133.47,39.12,237.49,149.82,373,492.8,341.71,88.89,370.48,167.95,90.58,58.11,55.8,0,0,0,0,0,0
17.07,84.7,346.89,132.69,39.18,237.51,150.27,373.97,493.4,343.33,88.33,367.2,166.39,90.56,57.94,54.62,0,0,0,0,0,0
17.14,84.14,347.33,130.01,39.28,229.01,147.4,360.31,476.41,326.38,87.35,357.66,162.37,86.26,54.89,53.17,0,0,0,0,0,0
14.98,73.17,306.53,114.34,34.66,203.24,129.6,319.71,422.57,288.1,76,310.7,140.87,75.53,48.1,45.66,0,0,0,0,0,0
12.68,61.35,250.83,96.32,28.54,174.5,108.22,273.13,360.63,251,63.91,265.1,119.3,65.71,42.89,39.8,0,0,0,0,0,0
13.5,61.94,244.07,95.42,28.8,170.57,106.03,264.14,350.8,247.75,63.25,265.54,118.81,64.4,43.56,40.68,0,0,0,0,0,0
15.66,66.35,244.75,99.81,30.69,175.22,108.33,264.94,358.14,257.51,65.43,283.21,124.55,65.56,47.61,44.76,0,0,0,0,0,0
13.97,58.69,215.04,89.3,27.05,156.48,95.29,234.82,320.16,228.93,57.84,252.87,109.48,57.43,42.76,40.3,0,0,0,0,0,0
7.49,32.83,115.63,52.53,14.37,99.12,54.15,148.72,200.6,151.02,33.48,151.82,63.84,37.92,28.59,25.01,0,0,0,0,0,0
6.5,29.79,106.3,48.93,13.04,96.21,50.05,144.41,194.29,147.31,29.83,140.75,58.56,36.99,27.42,22.68,0,0,0,0,0,0
6.16,29.27,106.31,49.24,12.87,99.16,50.7,150.59,200.57,154.26,29.43,140.57,58.45,38.83,28.21,22.21,0,0,0,0,0,0
6.25,30.76,111.18,52.31,13.33,105.79,56.23,162.12,214.43,167.89,31.43,151.14,64.48,42,29.83,23,0,0,0,0,0,0
5.13,26.16,96.36,45.86,11.3,92.08,51.02,142.61,185.61,146.21,27.43,130.99,57.01,36.13,25.44,19.29,0,0,0,0,0,0
4.49,21.58,75.03,36.61,9.24,68.42,42.06,105.05,136.74,110.15,22.6,105.99,47.59,26.47,19.2,15.65,0,0,0,0,0,0
4.75,21.82,78.38,35.22,9.48,60.71,40.89,93.43,122.61,93.33,21.82,99.56,45.48,22.27,16.17,14.54,0,0,0,0,0,0
9.31,41.98,175.58,64.98,20.51,103.63,75.12,162.95,215.69,142.86,40.68,169.76,78.54,35.04,23.05,23.21,0,0,0,0,0,0
12.64,57.56,251.83,89.16,29.03,138.8,103.18,220.55,291.62,185.17,56,226.93,105.6,45.72,28.66,30.09,0,0,0,0,0,0
13.82,61.96,268.08,95.93,31.16,148.04,110.36,234.83,310.62,199.15,60.71,244.93,114.89,49.28,31.08,33.12,0,0,0,0,0,0
14.33,62.5,259.29,96.43,30.68,147.98,109.88,232.19,308.07,202.4,61.54,251.19,118.5,49.97,32.76,35.43,0,0,0,0,0,0
15.97,67.81,269.91,103.85,32.53,158.05,117.19,245.42,326.82,219.72,67.36,275.89,131.09,54.3,36.73,40.59,0,0,0,0,0,0
17.04,73.43,291.39,114.03,34.83,174.37,127.62,271.74,361.28,246.16,74.52,304.18,144.96,61.27,41.03,45.48,0,0,0,0,0,0
18.26,82.46,337.23,131.04,39.07,206.22,145.85,325.17,429.59,292.8,85.54,347.03,164.78,74.04,47.79,51.61,0,0,0,0,0,0
19.68,90.5,360.86,143.05,41.55,234.39,158.04,368.4,485.51,339.39,94.92,388.17,182.89,87.76,57.09,59.67,0,0,0,0,0,0
20.36,96.62,384.11,152.72,43.63,263.59,168.2,414.14,544.4,384.87,101.77,420.57,195.12,101.34,65.83,65.38,0,0,0,0,0,0
19.31,94,378.79,149.06,42.78,265.57,164.85,417.48,549.38,388.01,98.78,411.26,188.29,102.59,66.24,63.16,0,0,0,0,0,0
18.18,90.02,368.32,142.83,41.59,257.99,159.79,406.12,534.66,376.49,94.34,393.89,179.16,99.37,63.6,59.08,0,0,0,0,0,0
17.85,88.55,367.2,139.17,41.41,251.03,155.95,395.33,520.35,361.4,91.79,381.19,172.09,95.7,61.06,56.7,0,0,0,0,0,0
15.38,76.41,321.03,120.97,36.21,219.31,135.66,345.98,454.93,315.29,78.98,328.71,147.81,83.07,52.84,48.15,0,0,0,0,0,0
13,64.1,263.79,102.02,29.87,189.72,113.38,297.25,392.63,276.3,66.47,280.66,125.35,72.61,47.08,41.94,0,0,0,0,0,0
13.92,65.77,264.13,103.97,30.51,194.55,114.28,301.85,400.39,282.4,66.77,287.37,126.87,73.65,49.46,43.56,0,0,0,0,0,0
15.94,69.12,261.11,106.42,31.97,194.34,114.78,294.34,396.49,282.06,67.8,298.6,130.18,71.99,51.81,46.62,0,0,0,0,0,0
14.17,60.89,227.01,93.97,28.13,169.14,99.51,254.48,344.96,247.18,59.64,264.53,114,62.46,45.83,41.65,0,0,0,0,0,0
7.47,33.79,121.8,54.9,14.86,106.14,56.22,159.26,216,161.19,33.99,157.79,66.03,40.59,30,25.52,0,0,0,0,0,0
6.53,29.96,106.48,49.01,13.13,98.28,50.02,147.86,199.15,152.52,30.19,141.87,58.68,38.53,28.4,23.01,0,0,0,0,0,0
6.18,28.87,103.94,47.81,12.81,96.75,49.07,146.7,193.31,151.82,29.23,136.82,57,38.48,28.11,21.88,0,0,0,0,0,0
6.27,30.04,107.84,50.8,13.19,104.03,54.64,159,208.61,165.44,30.95,146.06,62.26,41.4,29.85,22.57,0,0,0,0,0,0
5,24.86,90.19,43.01,10.81,86.94,48.17,134.25,174.32,139.26,26.35,123.38,53.76,34.34,24.47,18.42,0,0,0,0,0,0
4.3,20.56,71.35,34.63,8.7,66.52,40.38,101.84,133.52,105.89,21.66,100.9,44.9,25.32,18.55,14.92,0,0,0,0,0,0
4.51,20.47,73.21,32.41,8.83,56.83,38.33,87.39,113.89,86.29,20.52,92.29,41.73,20.56,15.22,13.46,0,0,0,0,0,0
8.89,39.99,167.65,60.79,19.58,97.87,71.16,154.1,203.73,134.02,38.64,159.51,73.1,32.96,21.75,21.62,0,0,0,0,0,0
11.93,54.45,240.11,82.9,27.64,130.8,97.17,207.9,275.66,172.77,52.61,211.32,97.28,42.73,26.72,27.55,0,0,0,0,0,0
12.58,56.93,250.34,86.33,28.91,135.93,101.19,215.58,286.5,178.7,54.86,220.2,101.47,44.21,27.75,28.81,0,0,0,0,0,0
12.55,55.51,234.6,83.18,27.66,131.7,97.05,206.56,275.74,176.43,53.29,217.33,99.79,43.66,28.58,29.47,0,0,0,0,0,0
13.47,58.24,237.15,86.13,28.48,137.03,99.92,212.3,284.51,185.54,55.73,229.83,105.28,46.02,31.24,32.25,0,0,0,0,0,0
13.73,60.93,249.47,91.13,29.56,147.09,105.32,228.72,305.33,200.28,59.1,243.94,111.12,50.11,33.69,34.38,0,0,0,0,0,0
14.21,67.01,284.31,102.63,32.52,169.85,118.2,267.9,355.87,232.76,66.51,272.54,123.5,59.24,37.99,37.95,0,0,0,0,0,0
15.73,76.1,313.19,117.03,35.51,205.15,132.64,322.53,427.13,291.02,76.84,320.2,143.85,76.1,49.26,46.9,0,0,0,0,0,0
16.95,84.06,341.01,129.75,38.28,235.25,145.78,369.81,489.49,340.08,86.17,361.62,161.79,90.39,58.28,54.4,0,0,0,0,0,0
17.23,86.26,351.29,134.46,39.46,247.08,150.55,389.09,512.84,360.35,89.28,374.59,167.48,96.05,61.73,56.44,0,0,0,0,0,0
17.12,85.49,351.55,134.41,39.61,246.78,151.8,388.36,513.37,358.61,89.19,372.21,167.47,94.77,60.65,55.44,0,0,0,0,0,0
17.4,86.46,359.26,135.09,40.36,245.23,152.27,386.09,509.84,351.25,89.6,371.06,166.82,93.04,59.31,55.07,0,0,0,0,0,0
15.27,75.99,319.5,120.07,35.97,219.6,134.9,346.39,456.65,315.94,78.69,327.07,146.64,83.3,52.95,47.96,0,0,0,0,0,0
12.91,63.65,261.43,100.98,29.65,188.52,112.39,295.51,391.09,275.64,66.13,278.7,124.23,72.49,46.98,41.74,0,0,0,0,0,0
14.11,66.48,265.49,104.77,30.97,197.49,114.65,306.71,406.59,291.51,67.77,290.74,128.33,76.33,51.11,44.4,0,0,0,0,0,0
16.02,69.38,259.87,106.32,32.19,194.51,114.31,295.37,397.59,288.05,68.3,300.21,130.7,73.88,52.93,47.16,0,0,0,0,0,0
13.95,59.53,220.13,91.38,27.52,163.77,97.1,246.42,335.48,240.84,58.35,258.39,110.98,60.72,44.78,40.88,0,0,0,0,0,0
7.3,32.5,115.26,52.28,14.34,100.22,53.71,150.47,203.05,153.42,32.74,150.9,62.76,38.6,28.97,24.64,0,0,0,0,0,0
6.7,30.1,105.32,48.57,13.06,95.05,49.72,142.8,192.57,147.96,30.8,141.53,59.44,37.35,27.59,23.25,0,0,0,0,0,0
6.35,29.22,104.54,48.23,12.74,96.95,49.82,146.65,196.07,151.14,30.07,138.72,58.47,38.07,27.73,22.42,0,0,0,0,0,0
6.39,30.02,106.95,50.35,12.94,101.26,54.59,154.38,203.66,159.15,31.38,145.26,62.74,39.58,28.66,22.65,0,0,0,0,0,0
5.25,25.32,90.45,43.29,10.86,85.46,48.66,131.88,171.39,136.72,27.36,124.7,55.25,33.62,24.04,18.97,0,0,0,0,0,0
4.82,22.44,77.14,37.62,9.48,70.38,43.25,108.21,140.45,113.21,24.17,109.35,49.6,27.36,19.92,16.63,0,0,0,0,0,0
5.3,23.82,84.55,38.5,10.28,64.35,44.11,99.59,129.4,100.16,24.43,108.83,50.63,24.11,17.41,16.33,0,0,0,0,0,0
10.49,47.29,194.95,75.3,22.9,116.18,84.85,183.28,240.34,164.25,46.41,196.36,92.59,40.43,26.43,27.48,0,0,0,0,0,0
15.25,69.22,295.12,112.15,34.28,167.1,124.97,265.61,347.86,231.31,68.58,285.26,136.79,57.07,35.82,39.48,0,0,0,0,0,0
18.35,80.99,337.03,132.74,39.51,193,145.71,306.02,400.37,271.3,82.24,338.83,165.99,66.85,42.39,48.9,0,0,0,0,0,0
19.73,84.94,339.74,139.47,40.53,201.28,151.16,316.66,414.98,289.63,87.21,361.78,178.64,71.36,46.53,54.25,0,0,0,0,0,0
20.09,86.65,340.73,141.38,41.04,206.59,152.79,322.82,424.2,298.89,87.51,371.25,181.24,73.88,49.06,55.78,0,0,0,0,0,0
18.88,84.36,338.01,137.85,40.12,209.2,149.76,327.36,430.2,300.25,84.31,362.38,173.29,74.79,49.36,53.36,0,0,0,0,0,0
18,84.88,353.13,138.29,40.65,222.38,151.95,351.46,461.54,318.18,85.62,363.59,169.89,80.83,51.72,52.45,0,0,0,0,0,0
18.16,87.02,354.36,138.42,40.52,235.25,152.77,370.28,486.47,340.68,88.74,374.68,172.27,88.67,57.31,55.79,0,0,0,0,0,0
18,88.48,356.47,138.05,40.21,242.56,153.59,381.32,503.81,352.45,91.06,382.91,174.1,93.31,59.95,57.88,0,0,0,0,0,0
17.36,85.79,348.22,133.46,39.17,237.34,149.76,372.8,491.97,341.85,88.91,370.22,167.86,90.62,58.23,55.82,0,0,0,0,0,0
17,84.11,345.06,131.44,38.91,234.41,149.07,368.48,486.04,336.47,87.71,363.14,165.03,88.7,56.75,53.96,0,0,0,0,0,0
17.11,84.05,347.31,129.85,39.21,228.43,147.32,359.45,474.56,324.39,87.19,356.95,162.03,85.75,54.6,52.98,0,0,0,0,0,0
14.88,72.98,305.46,113.96,34.49,201.8,129.35,318.01,420.24,286.18,75.69,310.36,140.46,75.07,47.73,45.49,0,0,0,0,0,0
12.55,60.82,247.88,95.17,28.24,171.43,107.15,268.54,356.05,247.57,63.35,263.11,118.4,64.78,42.11,39.47,0,0,0,0,0,0
13.39,61.28,242.38,94.44,28.45,169.21,105.26,261.1,349.13,243.08,62.58,262.21,117.55,62.88,42.56,40.13,0,0,0,0,0,0
15.66,66.23,245.04,99.8,30.65,175.81,108.38,265.32,359.15,256.71,65.33,282.36,124.28,65.21,47.46,44.63,0,0,0,0,0,0
13.99,58.42,214.11,88.95,27.02,155.49,94.95,233.1,316.6,226.49,57.58,250.86,108.69,56.73,42.55,40.06,0,0,0,0,0,0
7.47,32.58,114.33,52.03,14.29,97.9,53.62,146.65,198.15,149.46,33.27,150.36,63.33,37.46,28.32,24.86,0,0,0,0,0,0
6.75,30.19,107.29,49.17,13.12,97.62,50.44,146,196.97,148.53,30.89,141.46,59.47,37.29,27.76,23.23,0,0,0,0,0,0
6.45,29.75,108.29,49.55,12.97,101.05,51.22,152.59,203.37,154.58,30.59,141.01,59.41,38.9,28.41,22.71,0,0,0,0,0,0
6.42,30.51,109.08,51.52,13.11,104.3,55.83,159.64,210.7,164.21,31.83,148.77,63.81,40.93,29.53,23.12,0,0,0,0,0,0
5.3,25.96,93.65,44.72,11.08,89.66,50.12,138.54,181.28,143.05,28,128.87,56.77,35.27,25.01,19.54,0,0,0,0,0,0
4.75,22.12,76.05,37.14,9.3,69.02,42.93,106.23,137.42,110.13,23.76,107.84,48.81,26.5,19.44,16.32,0,0,0,0,0,0
5.31,23.9,85.1,38.64,10.3,64.78,44.25,100.18,130.17,100.44,24.51,109.13,50.79,24.19,17.45,16.36,0,0,0,0,0,0
10.42,46.92,193.78,74.63,22.71,114.58,84.27,180.54,237.05,160.63,46.01,194.32,91.8,39.42,25.76,27.12,0,0,0,0,0,0
15.24,69.16,295.18,112.13,34.24,167.19,125.01,265.67,347.97,230.74,68.5,284.98,136.64,56.88,35.72,39.41,0,0,0,0,0,0
18.35,81.06,337.26,132.84,39.52,193.23,145.81,306.46,401.1,271.89,82.31,339.32,166.17,67.02,42.46,48.96,0,0,0,0,0,0
19.69,84.8,339.31,139.24,40.45,200.71,150.99,315.73,413.79,288.24,87.04,361.05,178.32,70.97,46.29,54.11,0,0,0,0,0,0
20.08,86.63,340.72,141.32,41.02,206.61,152.73,322.72,424.5,298.79,87.5,371.13,181.24,73.83,49,55.77,0,0,0,0,0,0
18.87,84.36,337.31,137.53,40.12,208.01,149.31,325.64,428.12,299.99,84.35,362.33,173.41,74.83,49.24,53.38,0,0,0,0,0,0
17.9,84.18,350.67,136.94,40.33,218.92,150.72,345.62,453.59,310.93,84.85,359.25,168.26,78.83,50.5,51.75,0,0,0,0,0,0
17.9,85.65,349.05,135.78,39.8,228.22,150.46,359.06,471.82,327.3,87.18,367.3,169.21,85.02,54.95,54.49,0,0,0,0,0,0
17.93,87.76,354.51,137.1,39.94,239.97,152.92,377.1,495.85,344.88,90.2,378.36,172.07,91.16,58.99,57.13,0,0,0,0,0,0
17.39,86.27,350.33,134.54,39.35,239.76,150.9,377.22,496.75,345.66,89.31,373.27,168.77,91.71,58.98,56.2,0,0,0,0,0,0
17,84.06,344.18,131.24,38.92,233.62,148.81,367.47,484.61,336.63,87.69,363,164.97,88.78,56.79,54,0,0,0,0,0,0
17.18,84.23,347.77,130.14,39.35,229.51,147.46,360.85,477.29,327.08,87.48,357.8,162.56,86.44,55.01,53.23,0,0,0,0,0,0
14.9,72.78,303.77,113.27,34.47,199.87,128.48,314.81,416.38,284.92,75.6,308.89,140.16,74.78,47.47,45.4,0,0,0,0,0,0
12.64,61.26,249.31,95.97,28.48,173.07,107.84,271.5,358.76,251.23,63.81,265.33,119.25,65.86,42.87,39.86,0,0,0,0,0,0
13.52,62.51,247.27,96.57,28.94,173.99,107.24,269.46,358.89,252.06,63.78,269.05,120.14,65.55,44.12,41.06,0,0,0,0,0,0
15.76,66.96,248.33,101.03,30.94,178.83,109.52,270.22,364.98,261.48,66.06,285.99,125.79,66.62,48.28,45.12,0,0,0,0,0,0
13.88,58.09,212.32,88.26,26.8,153.72,94.35,230.51,314.51,224.51,57.21,249.84,108.17,56.18,42.04,39.86,0,0,0,0,0,0
7.35,32.03,112.48,51.11,13.99,95.54,52.9,142.91,193.27,144.26,32.62,147.62,62.09,36.01,27.42,24.33,0,0,0,0,0,0
6.74,30.14,106.18,49.05,13.12,96.97,50.28,145.45,196.4,149.52,30.86,141.8,59.47,37.59,27.92,23.34,0,0,0,0,0,0
6.34,29.28,104.66,48.44,12.75,97.67,50.06,147.89,198.41,152.81,30.14,139.58,58.71,38.48,27.96,22.57,0,0,0,0,0,0
6.43,30.32,107.78,50.92,13.08,102.69,55.09,156.86,207.2,162.62,31.71,147.22,63.46,40.53,29.24,22.99,0,0,0,0,0,0
5.33,26.02,94.18,45.02,11.14,90.52,50.47,139.89,182.44,143.69,28.05,129.1,56.77,35.39,25.23,19.58,0,0,0,0,0,0
4.75,22.15,75.46,37.08,9.31,68.85,42.79,106.1,138.17,111.6,23.84,108.39,49.05,26.91,19.6,16.47,0,0,0,0,0,0
5.26,23.55,83.31,38.1,10.17,63.47,43.78,98.19,127.94,98.84,24.16,107.66,50.08,23.68,17.18,16.18,0,0,0,0,0,0
10.44,47.05,194.22,74.92,22.76,115.34,84.56,181.86,238.93,162.24,46.14,195.27,92.11,39.85,26.03,27.27,0,0,0,0,0,0
15.23,69.13,295.04,112.07,34.23,167.12,124.95,265.5,347.97,230.64,68.48,284.83,136.6,56.84,35.69,39.39,0,0,0,0,0,0
18.35,81.07,337.43,132.9,39.53,193.54,145.88,306.83,401.75,272.1,82.32,339.34,166.19,67.05,42.49,48.97,0,0,0,0,0,0
19.7,84.8,339.38,139.25,40.46,200.78,150.98,315.77,413.85,288.27,87.06,360.99,178.33,70.98,46.3,54.11,0,0,0,0,0,0
20.16,86.97,342.55,142.1,41.22,208.76,153.48,325.98,428.11,301.47,87.87,372.62,181.85,74.54,49.56,56.02,0,0,0,0,0,0
18.93,84.75,339.5,138.37,40.28,210.22,150.16,329.12,432.07,302.52,84.72,364.23,174.14,75.53,49.73,53.62,0,0,0,0,0,0
17.91,84.74,353.34,138.08,40.48,221.97,151.93,350.74,460.82,315.6,85.36,362.95,169.53,80.12,51.2,52.18,0,0,0,0,0,0
17.94,86.11,351.43,136.93,39.98,231.79,151.64,364.63,480.27,332.64,87.67,370.44,170.34,86.36,55.78,54.95,0,0,0,0,0,0
17.96,87.88,354.62,137,39.99,240.08,152.63,376.81,497.28,346.32,90.44,378.81,172.62,91.57,59.01,57.27,0,0,0,0,0,0
17.42,86.04,349.41,133.92,39.31,238.57,150.16,374.63,494.02,343.59,89.18,371.23,168.35,91.11,58.57,55.99,0,0,0,0,0,0
17.04,84.15,345.03,131.61,38.98,235.09,149.2,369.44,487.63,338.06,87.81,363.43,165.17,89.06,57.04,54.1,0,0,0,0,0,0
17.08,83.94,347.15,129.72,39.14,228.59,147.24,359.39,475.76,324.19,87.1,356.63,161.94,85.61,54.45,52.92,0,0,0,0,0,0
14.9,72.98,305.39,113.86,34.51,201.52,129.19,317.44,419.37,285.89,75.73,310.04,140.46,75.02,47.69,45.47,0,0,0,0,0,0
12.73,61.9,252.64,97.22,28.76,176.39,109.03,276.66,364.89,255.53,64.45,268.41,120.52,67.07,43.66,40.28,0,0,0,0,0,0
13.55,62.66,247.51,97.14,29.05,175.74,107.81,272.41,363.41,255.97,63.98,270.62,120.57,66.49,44.82,41.4,0,0,0,0,0,0
15.69,66.67,247.04,100.89,30.8,178.64,109.56,270.24,365.52,261.18,65.71,285.5,125.2,66.4,48.26,45.04,0,0,0,0,0,0
13.98,58.34,213.64,88.86,26.99,155.33,94.88,232.88,316.58,226.5,57.51,250.62,108.55,56.69,42.55,40.05,0,0,0,0,0,0
7.39,32.21,112.2,51.26,14.11,95.54,52.9,143.28,193.77,146.72,32.86,148.81,62.59,36.76,27.83,24.61,0,0,0,0,0,0
6.7,29.97,105.24,48.71,13.04,95.7,49.98,143.75,193.44,147.79,30.65,140.98,59.03,37.17,27.7,23.19,0,0,0,0,0,0
6.39,29.25,104.32,48.27,12.81,97.21,49.76,146.9,196.77,152.46,30.18,138.77,58.61,38.39,27.96,22.55,0,0,0,0,0,0
6.34,29.58,104.72,49.52,12.78,99.09,53.78,150.92,199.34,156.2,30.95,142.96,61.82,38.74,28.16,22.37,0,0,0,0,0,0
5.23,25.38,90.36,43.4,10.86,85.56,48.78,132.37,172.37,137.83,27.41,125.57,55.48,33.94,24.18,19.08,0,0,0,0,0,0
4.7,21.83,74.23,36.43,9.17,67.12,42.17,103.24,134.34,108.38,23.51,106.48,48.34,26.04,19.04,16.16,0,0,0,0,0,0
5.32,23.74,84.32,38.35,10.27,64.19,43.93,99.03,128.86,99.59,24.38,108.09,50.46,23.92,17.32,16.27,0,0,0,0,0,0
10.46,47.09,194.33,75.01,22.81,115.55,84.62,182.19,239.09,162.69,46.2,195.37,92.17,39.96,26.15,27.32,0,0,0,0,0,0
15.25,69.23,295.18,112.16,34.28,167.17,124.98,265.7,348.1,231.36,68.59,285.32,136.82,57.08,35.81,39.48,0,0,0,0,0,0
18.34,81.01,337.26,132.8,39.5,193.17,145.81,306.31,400.67,271.24,82.24,338.95,166,66.83,42.38,48.89,0,0,0,0,0,0
19.71,84.79,339.38,139.3,40.47,200.96,151.05,316.06,414.16,288.45,87.05,360.98,178.29,71,46.36,54.12,0,0,0,0,0,0
20.12,86.76,341.6,141.69,41.12,207.48,153.1,324.08,425.3,299.38,87.62,371.53,181.37,73.99,49.23,55.82,0,0,0,0,0,0
18.89,84.54,338.68,137.77,40.16,208.65,149.55,326.42,428.69,299.67,84.5,362.72,173.69,74.8,49.18,53.36,0,0,0,0,0,0
17.89,84.36,351.44,137.24,40.35,219.78,151.03,347.06,456.23,312.57,85.03,360.61,168.77,79.29,50.66,51.9,0,0,0,0,0,0
18.03,86.38,352.74,137.51,40.17,233.43,152.14,367,482.74,334.92,87.99,371.37,170.82,86.95,56.29,55.17,0,0,0,0,0,0
17.99,87.92,354,137.22,40.09,240.2,152.81,377.57,497.34,348.22,90.5,379.48,172.66,92.09,59.5,57.47,0,0,0,0,0,0
17.37,85.8,347.88,133.49,39.2,237.21,149.76,372.8,491.62,342.39,88.92,370.37,167.86,90.78,58.37,55.88,0,0,0,0,0,0
16.96,83.94,344.71,131.22,38.82,233.69,148.96,367.43,483.84,334.2,87.47,362.13,164.51,88.08,56.45,53.74,0,0,0,0,0,0
17.07,83.94,346.72,129.55,39.13,227.7,147.02,358.27,473.74,323.57,87.08,356.54,161.9,85.54,54.36,52.9,0,0,0,0,0,0
14.8,72.44,302.35,112.61,34.25,198.06,127.93,312.09,413.26,281.87,75.19,307.47,139.48,73.96,46.86,45.1,0,0,0,0,0,0
12.58,60.69,246.79,94.6,28.24,169.65,106.4,265.55,351.7,245.75,63.29,261.61,118.12,64.38,41.82,39.34,0,0,0,0,0,0
13.52,62.36,246.24,96.25,28.91,173.33,106.88,268.29,357.95,251.83,63.68,268.28,119.91,65.44,44.05,41.03,0,0,0,0,0,0
15.62,66.15,244.37,99.49,30.56,174.94,108.07,264.07,358.37,256.2,65.24,282.31,124.26,65.11,47.23,44.59,0,0,0,0,0,0
13.96,58.59,215.16,89.35,27,157.44,95.42,235.84,323.08,229.49,57.78,252.66,109.41,57.41,42.75,40.29,0,0,0,0,0,0
7.47,32.37,113.96,51.69,14.22,97.73,53.29,145.68,198.01,148.08,33.11,148.91,62.96,36.97,28,24.68,0,0,0,0,0,0
6.81,30.52,108.66,49.57,13.28,98.15,50.73,146.99,196.94,149.48,31.21,142.6,60.05,37.7,28,23.37,0,0,0,0,0,0
6.43,29.53,106.39,48.89,12.92,98.94,50.43,149.45,199.34,153.3,30.42,139.85,59.05,38.63,28.17,22.62,0,0,0,0,0,0
6.48,30.29,108.16,51.05,13.14,103.3,55.22,157.45,207.43,162.36,31.71,146.56,63.27,40.38,29.31,22.95,0,0,0,0,0,0
5.27,25.45,91.23,43.76,10.93,87.03,49.17,134.28,175,138.92,27.5,125.71,55.57,34.12,24.42,19.15,0,0,0,0,0,0
4.76,21.96,75.3,36.88,9.28,68.86,42.62,105.53,137.56,110.05,23.68,106.87,48.58,26.37,19.37,16.28,0,0,0,0,0,0
5.25,23.48,83.47,38.01,10.11,63.44,43.73,97.9,127.77,97.77,24.07,107.15,49.92,23.36,16.97,16.06,0,0,0,0,0,0
10.45,47.08,195.11,74.95,22.77,115.6,84.61,181.87,238.47,160.88,46.16,194.71,92.05,39.48,25.83,27.14,0,0,0,0,0,0
15.22,69.03,294.58,111.82,34.18,166.38,124.71,264.34,346.29,229.43,68.37,284.18,136.36,56.53,35.48,39.28,0,0,0,0,0,0
18.32,80.88,336.53,132.5,39.44,192.41,145.49,305.07,399.44,270.4,82.12,338.31,165.79,66.59,42.19,48.81,0,0,0,0,0,0
19.73,84.88,339.48,139.41,40.53,201.12,151.1,316.4,414.47,289.38,87.17,361.43,178.5,71.28,46.53,54.23,0,0,0,0,0,0
20.1,86.71,340.68,141.42,41.08,206.54,152.78,322.86,424.17,299.48,87.58,371.57,181.38,74.07,49.17,55.86,0,0,0,0,0,0
18.96,85.01,339.95,138.72,40.4,210.92,150.4,330.49,434.13,305.26,85.01,365.86,174.79,76.33,50.16,53.91,0,0,0,0,0,0
17.98,84.83,353.93,138.37,40.6,222.89,152.16,351.94,461.86,316.64,85.51,363.01,169.65,80.36,51.49,52.28,0,0,0,0,0,0
18.01,86.36,353.38,137.77,40.12,235.11,152.53,369.17,487.64,336.36,87.99,371.88,170.96,87.14,56.37,55.23,0,0,0,0,0,0
17.87,87.26,352.47,136.03,39.72,237.73,151.84,372.93,491.99,341.05,89.75,375.45,171.18,90.04,58.17,56.73,0,0,0,0,0,0
17.44,85.82,349.4,133.98,39.28,239.59,150.33,375.61,495.66,343.15,89.01,369.93,167.81,90.75,58.59,55.87,0,0,0,0,0,0
17.1,84.41,345.95,132.08,39.15,235.82,149.59,370.87,487.88,339.5,88.07,364.41,165.53,89.54,57.47,54.27,0,0,0,0,0,0
17.04,83.6,345.59,129.17,39.02,226.92,146.75,356.91,471.75,321.39,86.72,354.78,161.09,84.84,54.08,52.66,0,0,0,0,0,0
14.93,73.08,307.59,114.59,34.55,204.26,130.13,321.18,424.01,286.38,75.78,310.36,140.47,74.96,47.88,45.44,0,0,0,0,0,0
12.6,61.07,249.74,95.74,28.36,172.91,107.74,270.71,357.69,248.11,63.57,263.81,118.72,64.95,42.33,39.52,0,0,0,0,0,0
13.57,62.57,247.67,96.99,29.04,175.53,107.67,271.68,361.93,254.21,63.89,269.45,120.24,65.99,44.59,41.23,0,0,0,0,0,0
15.91,67.63,251.78,102.87,31.34,184.08,111.36,278.46,374.96,268.85,66.78,289.72,127.07,68.47,49.78,45.78,0,0,0,0,0,0
14.14,59.31,216.78,90.09,27.45,157.96,95.71,237.23,322.04,233.51,58.6,255.22,110.78,58.85,43.66,40.82,0,0,0,0,0,0
7.57,32.89,114.09,52.12,14.51,97.75,53.37,146.55,198.44,152.97,33.74,151.76,64.22,38.56,28.85,25.27,0,0,0,0,0,0
6.58,30.02,106.98,49.17,13.2,96.57,50.12,144.92,194.16,148.55,30.12,141.31,58.99,37.42,27.71,22.84,0,0,0,0,0,0
6.15,29.03,105.21,48.39,12.77,96.96,49.72,146.61,195.68,150.81,29.24,138.36,57.99,37.97,27.52,21.91,0,0,0,0,0,0
6.35,30.79,111.55,52.54,13.48,106.7,56.36,163.08,214.95,168.69,31.56,150.55,64.42,42.13,30.15,23.06,0,0,0,0,0,0
5.14,25.89,94.96,45.2,11.26,90.38,50.23,139.56,181.55,143.96,27.25,128.9,56.46,35.52,25.08,19.09,0,0,0,0,0,0
4.63,22.51,78.68,38.36,9.69,72.75,43.63,112.23,145.6,118.31,23.59,111.08,49.6,28.77,20.66,16.46,0,0,0,0,0,0
4.83,22.32,80.03,36.06,9.72,62.45,41.63,96.61,125.98,97.33,22.33,102.28,46.52,23.46,16.92,14.96,0,0,0,0,0,0
9.29,41.96,175.37,64.88,20.47,103.19,75.04,162.42,214.98,142.39,40.63,169.8,78.5,34.95,22.94,23.18,0,0,0,0,0,0
12.65,57.64,252.36,89.35,29.06,139.45,103.38,221.49,293.12,185.9,56.08,227.41,105.8,45.89,28.76,30.15,0,0,0,0,0,0
13.77,61.83,267.95,95.73,31.06,147.65,110.26,234.15,309.9,197.56,60.53,244.33,114.6,48.83,30.77,32.95,0,0,0,0,0,0
14.29,62.27,258.34,95.98,30.56,146.77,109.46,230.25,305.62,200.3,61.3,249.96,118.02,49.39,32.38,35.23,0,0,0,0,0,0
15.94,67.64,268.79,103.5,32.45,157.04,116.84,243.96,325.17,218.87,67.19,275.2,130.77,54.07,36.56,40.51,0,0,0,0,0,0
16.99,73.03,289.61,113.24,34.66,172.12,126.87,268.2,356.23,242.36,74.08,301.87,144.03,60.25,40.41,45.12,0,0,0,0,0,0
18.24,82.17,336.52,130.49,38.95,205.04,145.34,322.86,426.46,289.48,85.24,344.87,164.07,73.1,47.24,51.28,0,0,0,0,0,0
19.74,90.84,363,144.06,41.71,237.76,159.1,373.41,492.87,343.62,95.29,390.33,183.67,88.75,57.8,60.02,0,0,0,0,0,0
20.32,96.42,383.37,152.32,43.51,263.91,167.77,413.72,547.9,385.75,101.7,420.03,195.19,101.37,65.58,65.39,0,0,0,0,0,0
19.34,94.29,379.98,149.28,42.85,266.48,164.93,418.54,552.41,390.05,99.14,412.67,189.17,103.19,66.33,63.36,0,0,0,0,0,0
18.25,90.31,369.14,143.27,41.77,258.7,160.12,407.51,535.35,378.51,94.65,395.14,179.68,100.01,64.06,59.31,0,0,0,0,0,0
17.8,88.83,369.4,139.94,41.38,253.69,156.94,399.47,527.5,363.89,91.98,383.67,172.84,96.28,61.26,56.88,0,0,0,0,0,0
15.34,76.41,321.1,120.94,36.15,219.44,135.69,346.18,456.23,315.52,78.96,329.14,147.94,83.12,52.74,48.16,0,0,0,0,0,0
12.95,63.98,262.92,101.67,29.8,187.88,113.08,295.03,387.86,273.77,66.25,280,124.89,72.08,46.79,41.76,0,0,0,0,0,0
13.89,65.53,261.85,103.07,30.42,191.4,113.24,297.31,393.96,279.91,66.54,285.92,126.41,73.15,49.02,43.39,0,0,0,0,0,0
15.91,68.89,258.68,105.66,31.9,191.92,113.86,290.85,392.52,281.37,67.64,297.67,129.89,71.88,51.61,46.59,0,0,0,0,0,0
14,59.98,222.11,92.4,27.71,164.71,98.11,248.09,337.12,241.85,58.66,260.84,112.15,60.95,44.91,41.13,0,0,0,0,0,0
7.57,33.77,120.23,54.62,15.04,104.23,55.66,156.79,209.93,160.95,34.05,156.81,65.75,40.7,30.31,25.59,0,0,0,0,0,0
6.51,29.56,103.91,47.89,13.01,94.53,48.79,142.2,190.27,147.95,29.79,139.05,57.7,37.45,27.73,22.65,0,0,0,0,0,0
6.02,28.37,102.94,47.3,12.45,96.4,48.92,145.84,194.42,148.81,28.62,135.27,56.07,37.43,27.38,21.49,0,0,0,0,0,0
6.09,29.42,107.12,50.29,12.77,103.65,54.63,158.08,208.62,160.45,30.15,143.72,60.88,39.78,28.91,21.97,0,0,0,0,0,0
4.94,24.86,90.73,43.22,10.73,87.64,48.57,135.52,176.29,139.22,26.26,124,53.74,34.28,24.42,18.38,0,0,0,0,0,0
4.25,20.47,70.6,34.29,8.62,65.04,40.06,99.96,130.45,104.22,21.51,100.59,44.69,24.99,18.26,14.8,0,0,0,0,0,0
4.49,20.41,72.5,32.1,8.79,55.8,37.97,85.89,112.05,85.56,20.46,91.93,41.64,20.42,15.04,13.41,0,0,0,0,0,0
8.88,39.96,167.58,60.69,19.55,97.62,71.06,153.66,203.21,133.5,38.61,159.27,73.04,32.82,21.65,21.57,0,0,0,0,0,0
11.93,54.44,240.1,82.88,27.63,130.74,97.16,207.81,275.48,172.56,52.59,211.23,97.24,42.68,26.69,27.53,0,0,0,0,0,0
12.57,56.9,250.15,86.26,28.89,135.7,101.13,215.29,286.1,178.47,54.82,220.12,101.41,44.15,27.71,28.79,0,0,0,0,0,0
12.53,55.31,233.7,82.72,27.57,130.39,96.59,204.46,272.83,174.23,53.07,216.05,99.32,43.08,28.2,29.27,0,0,0,0,0,0
13.41,57.9,235.37,85.42,28.31,135.03,99.26,209.3,280.86,182.95,55.37,228.29,104.61,45.33,30.75,32,0,0,0,0,0,0
13.65,60.61,247.87,90.49,29.38,145.68,104.72,226.41,303.73,198.58,58.78,242.7,110.62,49.59,33.24,34.2,0,0,0,0,0,0
14.27,67.38,286.21,103.4,32.68,172,118.94,271.2,360.11,235.67,66.89,274.43,124.27,60.02,38.5,38.23,0,0,0,0,0,0
15.69,75.85,312.32,116.3,35.38,202.89,131.89,318.83,421.43,286.61,76.54,318.08,143.17,75.01,48.52,46.51,0,0,0,0,0,0
16.95,84.02,342.35,129.57,38.22,235.15,145.67,368.85,487.65,336.38,86.09,360.1,161.5,89.4,57.64,54.04,0,0,0,0,0,0
17.22,86.12,352.43,134.35,39.37,247.74,150.56,389.07,513.31,357.54,89.13,372.96,167.08,95.16,61.2,56.11,0,0,0,0,0,0
17.29,85.85,353.45,134.83,39.92,247.52,151.96,389,511.47,358.72,89.64,371.97,167.88,94.94,60.96,55.51,0,0,0,0,0,0
17.62,87.8,363.73,137.11,41,250.18,153.84,394.16,520.86,362.9,91.13,378.08,169.96,96.41,61.19,56.27,0,0,0,0,0,0
15.22,75.66,318.9,119.53,35.8,218.36,134.48,344.11,453.27,311.88,78.3,324.87,145.8,82.16,52.29,47.55,0,0,0,0,0,0
13.02,64.02,263.77,101.89,29.89,190.91,113.28,299.08,393.95,277.67,66.5,279.85,124.72,73.02,47.57,41.93,0,0,0,0,0,0
13.87,65.27,260.4,102.28,30.32,191.08,112.36,296.37,394.52,280.63,66.47,284.52,125.88,73.35,49.02,43.33,0,0,0,0,0,0
15.82,68.76,258.47,105.14,31.72,191.86,113.45,290.86,393.03,280.87,67.51,297.18,129.41,71.89,51.45,46.42,0,0,0,0,0,0
13.99,59.96,222.05,91.98,27.66,164.97,97.65,248.52,337.55,242.68,58.75,260.42,111.83,61.36,45.09,41.1,0,0,0,0,0,0
7.28,32.37,114.84,51.74,14.25,98.93,53.1,148.04,200.64,151.13,32.63,149.74,62.59,38.03,28.42,24.43,0,0,0,0,0,0
6.73,29.77,104.85,48.22,13,95.08,49.4,141.86,191.85,145.8,30.54,139.03,58.67,36.55,27.28,22.98,0,0,0,0,0,0
6.4,29.49,106.41,48.6,12.84,97.8,50.17,147.75,196.42,150.86,30.31,139.25,58.86,38.09,27.74,22.42,0,0,0,0,0,0
6.48,30.47,108.03,50.85,13.18,101.76,54.88,155.59,203.85,161.78,31.86,147.17,63.62,40.5,29.2,22.99,0,0,0,0,0,0
5.25,25.42,91.36,43.79,10.89,87.52,49.25,134.86,176.8,139.32,27.48,125.85,55.61,34.15,24.39,19.15,0,0,0,0,0,0
4.77,22.1,74.93,36.86,9.33,68.2,42.48,104.98,136.64,111.26,23.84,107.83,48.97,26.84,19.55,16.45,0,0,0,0,0,0
5.26,23.59,84.01,38.27,10.16,64.1,44.02,99.04,129.01,98.63,24.16,107.78,50.1,23.59,17.15,16.14,0,0,0,0,0,0
10.49,47.35,195.59,75.54,22.91,116.91,85.16,184.43,241.8,164.63,46.45,196.82,92.7,40.51,26.5,27.51,0,0,0,0,0,0
15.23,69.16,294.97,112.05,34.24,166.93,124.9,265.31,347.7,230.84,68.51,285.04,136.69,56.93,35.71,39.42,0,0,0,0,0,0
18.32,80.87,336.56,132.5,39.44,192.44,145.5,305.08,399.43,270.29,82.11,338.24,165.76,66.56,42.18,48.8,0,0,0,0,0,0
19.68,84.74,338.94,139.12,40.42,200.34,150.87,315.21,413.2,287.94,86.99,360.86,178.22,70.9,46.23,54.09,0,0,0,0,0,0
20.12,86.87,341.69,141.75,41.14,207.6,153.11,324.38,426.31,300.55,87.75,372.33,181.72,74.35,49.33,55.95,0,0,0,0,0,0
18.92,84.64,338.91,137.98,40.23,209.23,149.71,327.35,430.09,301.11,84.63,363.31,173.94,75.17,49.43,53.5,0,0,0,0,0,0
17.89,84.43,352.13,137.56,40.38,220.74,151.43,348.58,457.96,313.17,85.06,361.08,168.83,79.41,50.82,51.94,0,0,0,0,0,0
17.93,85.96,350.88,136.63,39.91,231.66,151.32,363.9,480.97,332.36,87.58,369.64,170.2,86.17,55.58,54.89,0,0,0,0,0,0
17.84,87.04,351.21,135.28,39.6,235.89,150.99,369.68,488.83,338.86,89.59,373.95,170.88,89.48,57.62,56.54,0,0,0,0,0,0
17.42,85.87,348.99,133.52,39.26,237.71,149.72,372.84,491.7,341.44,89.04,369.7,167.95,90.51,58.19,55.78,0,0,0,0,0,0
17,83.99,344.13,131.16,38.89,233.63,148.75,367.27,484.64,336.08,87.63,362.52,164.82,88.59,56.68,53.93,0,0,0,0,0,0
17.13,84.02,346.8,129.7,39.23,228.22,147.07,358.93,474.79,325.08,87.23,356.8,162.12,85.92,54.64,53.04,0,0,0,0,0,0
14.89,72.89,305.36,113.68,34.45,201.36,129.03,316.87,419.26,284.92,75.64,309.44,140.32,74.72,47.44,45.36,0,0,0,0,0,0
12.68,61.65,252.29,97.08,28.61,176.89,109.06,277.02,367.07,254.9,64.2,267.68,120.13,66.7,43.42,40.14,0,0,0,0,0,0
13.43,61.73,244.49,95.36,28.63,171.61,106.18,265.04,354.16,246.74,63.02,264.83,118.5,63.89,43.19,40.48,0,0,0,0,0,0
15.65,66.23,244.77,99.68,30.63,175.08,108.26,264.48,357.45,256.03,65.29,282.38,124.23,65.11,47.37,44.6,0,0,0,0,0,0
14.01,58.74,214.63,89.2,27.13,155.77,95.06,233.88,318.13,229.07,57.93,252.79,109.55,57.57,42.86,40.36,0,0,0,0,0,0
7.55,32.63,114.58,52.06,14.4,98.04,53.54,146.52,197.25,149.44,33.38,149.78,63.33,37.46,28.43,24.87,0,0,0,0,0,0
6.73,29.89,104.59,48.29,13.05,94.75,49.4,141.84,191.46,146.97,30.66,139.93,58.95,36.97,27.49,23.13,0,0,0,0,0,0
6.33,29.37,104.93,48.61,12.75,98.25,50.23,148.85,200.54,154.19,30.24,140.49,59.03,38.83,28.09,22.69,0,0,0,0,0,0
6.34,30,107.21,50.64,12.87,102.43,55.05,156.33,207.36,160.43,31.31,146.14,62.79,39.8,28.79,22.72,0,0,0,0,0,0
5.25,25.45,91.72,43.87,10.88,88.05,49.33,135.45,178.37,139.84,27.53,126.08,55.77,34.25,24.39,19.18,0,0,0,0,0,0
4.75,21.98,76.13,37.13,9.25,69.8,42.99,106.89,139.43,110.02,23.66,107.13,48.58,26.3,19.37,16.24,0,0,0,0,0,0
5.21,23.31,82.83,37.78,10.02,63.03,43.57,97.22,127.4,96.9,23.88,106.51,49.6,23.07,16.78,15.96,0,0,0,0,0,0
10.46,47.17,194.92,75.06,22.81,115.63,84.66,182.22,238.96,162.23,46.26,195.48,92.3,39.89,26.05,27.28,0,0,0,0,0,0
15.3,69.48,296.93,112.78,34.4,168.91,125.63,268.29,350.76,232.7,68.82,286.32,137.22,57.42,36.13,39.6,0,0,0,0,0,0
18.36,81.11,337.71,133.02,39.55,193.74,146.03,307.24,401.72,272.09,82.34,339.47,166.19,67.06,42.56,48.98,0,0,0,0,0,0
19.72,84.91,339.68,139.47,40.51,201.32,151.17,316.71,415.15,289.56,87.18,361.7,178.59,71.33,46.52,54.24,0,0,0,0,0,0
20.1,86.69,341.09,141.52,41.07,207.06,152.94,323.49,425.02,299.25,87.56,371.42,181.3,73.96,49.14,55.81,0,0,0,0,0,0
18.94,84.88,340.49,138.87,40.32,212.27,150.72,332.04,437.36,305.13,84.88,365.4,174.55,76.08,50.08,53.81,0,0,0,0,0,0
17.92,84.45,351.79,137.43,40.42,220.34,151.19,347.88,457.18,313.53,85.14,360.95,168.94,79.54,50.86,51.99,0,0,0,0,0,0
18.01,86.33,351.2,137.01,40.13,231.82,151.48,364.76,481.05,335.47,88.01,371.53,171,87.2,56.19,55.27,0,0,0,0,0,0
18.08,88.64,358.17,138.6,40.36,244.26,154.16,383.54,505.33,352.73,91.23,382.87,174.17,93.32,60.21,57.89,0,0,0,0,0,0
17.47,86.65,351.8,135.12,39.54,241.69,151.3,379.89,501.5,349.63,89.82,375.21,169.8,92.77,59.52,56.58,0,0,0,0,0,0
17.07,84.55,345.86,131.96,39.14,235.18,149.39,370.16,487.82,340.25,88.21,365.5,166.04,89.88,57.4,54.39,0,0,0,0,0,0
17.15,84.19,347.81,130.1,39.3,229.33,147.49,360.68,476.87,326.3,87.39,357.73,162.44,86.24,54.87,53.16,0,0,0,0,0,0
15.04,73.62,307.43,114.86,34.86,204.45,129.91,321.82,426.33,292.72,76.54,313.36,142.09,76.88,48.74,46.14,0,0,0,0,0,0
12.56,60.86,248.47,95.35,28.26,171.7,107.39,269.06,355.58,246.88,63.33,263.05,118.29,64.62,42.12,39.41,0,0,0,0,0,0
13.53,62.49,247.69,97.21,28.99,176.32,108.06,273.12,363.95,254.72,63.76,269.76,120.05,66.02,44.72,41.23,0,0,0,0,0,0
15.58,65.95,244.46,99.66,30.47,176.04,108.48,265.62,360.68,255.76,64.99,281.73,123.74,64.78,47.23,44.47,0,0,0,0,0,0
13.97,58.51,214.68,89.08,27.01,156.22,95.09,234.05,319.2,227.6,57.69,251.62,109.07,57,42.57,40.15,0,0,0,0,0,0
7.6,33.28,117.04,53.11,14.63,100.75,54.47,151,204.03,155.04,34.07,153.65,64.91,39.06,29.23,25.43,0,0,0,0,0,0
6.8,30.46,106.55,49.36,13.3,96.86,50.41,145.91,195.5,151.57,31.2,143.34,60.1,38.34,28.39,23.62,0,0,0,0,0,0
6.38,29.08,103.76,48.1,12.76,96.58,49.67,146.04,194.56,150.72,29.96,137.73,58.06,37.9,27.81,22.38,0,0,0,0,0,0
6.4,30.01,105.86,50.11,12.96,100.22,54.22,153.06,202.13,159.88,31.43,145.45,62.85,39.86,28.75,22.76,0,0,0,0,0,0
5.25,25.52,91.56,43.77,10.9,87.04,49.19,134.34,175.57,138.95,27.55,126.22,55.78,34.17,24.32,19.15,0,0,0,0,0,0
4.66,21.78,74.38,36.43,9.09,67.47,42.28,103.68,135.76,108.19,23.42,106.56,48.3,25.92,18.91,16.11,0,0,0,0,0,0
5.29,23.77,84.74,38.6,10.24,65.1,44.3,100.55,131.51,100.59,24.38,108.88,50.59,24.12,17.43,16.33,0,0,0,0,0,0
10.42,46.97,194.08,74.83,22.73,115.13,84.51,181.51,238.28,161.4,46.04,194.82,91.9,39.6,25.91,27.18,0,0,0,0,0,0
15.24,69.11,294.8,111.99,34.23,166.81,124.84,265.04,347.22,230.45,68.47,284.66,136.55,56.8,35.67,39.38,0,0,0,0,0,0
18.32,80.87,336.54,132.51,39.44,192.46,145.52,305.14,399.5,270.33,82.11,338.25,165.75,66.56,42.19,48.8,0,0,0,0,0,0
19.69,84.75,339.12,139.15,40.43,200.46,150.91,315.32,413.1,287.71,86.99,360.71,178.18,70.83,46.22,54.06,0,0,0,0,0,0
20.12,86.79,341.01,141.56,41.13,206.95,152.9,323.47,424.9,300.2,87.68,371.92,181.55,74.27,49.3,55.93,0,0,0,0,0,0
18.94,84.68,338.4,138,40.28,208.91,149.67,327.21,429.43,302.07,84.69,363.72,174.04,75.49,49.66,53.62,0,0,0,0,0,0
18.01,84.86,352.6,137.94,40.67,220.91,151.48,349.24,457.68,316.64,85.61,362.87,169.79,80.55,51.5,52.36,0,0,0,0,0,0
17.87,85.57,348.5,135.69,39.75,228.11,150.39,358.97,472.47,327.7,87.11,367.36,169.16,85.08,54.95,54.51,0,0,0,0,0,0
17.79,86.73,350.34,134.94,39.48,234.8,150.8,368.11,485.44,335.68,89.19,372.22,169.97,88.59,57.25,56.22,0,0,0,0,0,0
17.3,85.2,346.4,132.43,38.93,235.27,148.81,368.78,487.39,336.74,88.34,366.54,166.6,89.11,57.31,55.28,0,0,0,0,0,0
17.09,84.5,347.13,132.47,39.14,237.03,150.13,372.75,490.13,339.63,88.08,365.02,165.62,89.52,57.52,54.26,0,0,0,0,0,0
17.11,84.19,348.21,130.26,39.24,229.87,147.78,361.64,478.31,326.31,87.33,358.14,162.43,86.2,54.85,53.13,0,0,0,0,0,0
14.79,72.31,302.27,112.48,34.19,197.8,127.88,311.56,412.1,280.18,75.02,306.55,139.08,73.47,46.64,44.93,0,0,0,0,0,0
12.6,61.08,248.83,95.64,28.38,172.44,107.56,270.3,357.72,249.57,63.62,264.38,118.9,65.38,42.52,39.68,0,0,0,0,0,0
13.55,62.58,246.99,96.7,29.02,174.12,107.31,269.9,359.07,253.52,63.89,269.53,120.29,65.96,44.45,41.22,0,0,0,0,0,0
15.72,66.67,247.03,100.39,30.81,176.96,108.89,267.25,360.7,258.35,65.74,284.16,125.11,65.81,47.77,44.84,0,0,0,0,0,0
14.24,59.88,220.05,91.47,27.71,162.28,97.11,243.67,331,238.99,59.21,258.33,112,60.22,44.61,41.3,0,0,0,0,0,0
7.54,32.93,115.57,52.71,14.48,99.76,54.22,149.63,202.19,153.25,33.68,152.34,64.14,38.49,28.98,25.23,0,0,0,0,0,0
6.7,29.62,103.45,47.95,12.96,93.84,49.13,140.47,189.39,145.29,30.37,138.64,58.32,36.45,27.27,22.95,0,0,0,0,0,0
6.34,28.91,104.34,48.1,12.65,97.1,49.88,146.46,195,148.48,29.71,136.68,57.54,37.17,27.47,22.11,0,0,0,0,0,0
6.46,30.31,107.97,51.07,13.12,103.68,55.23,158.01,209.61,163.89,31.78,147.22,63.53,40.75,29.42,23.08,0,0,0,0,0,0
5.32,25.9,93.6,44.62,11.08,89.87,49.98,138.39,181.81,142.97,28,128.25,56.7,35.17,24.95,19.51,0,0,0,0,0,0
4.78,22.34,76.82,37.58,9.39,70.61,43.31,108.57,141.98,113.42,24.05,109.43,49.49,27.33,19.87,16.61,0,0,0,0,0,0
5.29,23.72,84.6,38.6,10.24,65.1,44.33,100.57,131.15,100.29,24.32,108.54,50.4,24.01,17.45,16.29,0,0,0,0,0,0
10.48,47.3,195.61,75.51,22.88,116.93,85.17,184.38,241.74,164.06,46.37,196.52,92.55,40.32,26.41,27.44,0,0,0,0,0,0
15.3,69.4,295.85,112.53,34.39,168.23,125.29,267.3,350.2,233.35,68.81,286.2,137.21,57.6,36.18,39.67,0,0,0,0,0,0
18.38,81.19,337.73,133.09,39.61,193.93,146.02,307.54,402.49,273.33,82.47,340,166.47,67.41,42.72,49.1,0,0,0,0,0,0
19.7,84.82,339.32,139.25,40.46,200.66,150.98,315.71,413.75,288.41,87.07,361.22,178.39,71.04,46.31,54.14,0,0,0,0,0,0
20.12,86.86,341.97,141.71,41.13,207.34,153.1,323.95,425.01,299.34,87.71,371.95,181.59,74.06,49.18,55.84,0,0,0,0,0,0
19,85.29,341.78,139.36,40.51,212.69,151.08,333.19,437.15,306.74,85.26,367.16,175.28,76.73,50.46,54.04,0,0,0,0,0,0
18.01,85.18,355.05,138.8,40.73,223.39,152.5,353.15,462.49,318.29,85.83,364.73,170.33,80.96,51.81,52.49,0,0,0,0,0,0
17.92,86.09,351.01,136.72,39.95,231.08,151.39,363.6,479.19,332.23,87.65,370.38,170.36,86.3,55.65,54.93,0,0,0,0,0,0
17.92,87.84,354.19,137.16,39.96,240.4,152.89,377.79,498.62,347.49,90.36,379.49,172.56,91.84,59.24,57.37,0,0,0,0,0,0
17.31,85.48,346.92,133.07,39.04,236.48,149.47,371.48,490.58,340.34,88.58,369.01,167.23,90.13,57.98,55.65,0,0,0,0,0,0
16.96,83.8,343.27,130.86,38.79,232.85,148.5,366.11,483.23,334.81,87.41,361.71,164.41,88.21,56.46,53.8,0,0,0,0,0,0
17.18,84.65,350.15,130.99,39.45,231.68,148.4,364.48,481.82,329.5,87.83,360.32,163.42,87.15,55.39,53.46,0,0,0,0,0,0
14.91,72.99,304.95,113.66,34.53,200.51,128.9,316.06,416.85,285.23,75.74,309.83,140.45,74.95,47.61,45.45,0,0,0,0,0,0
12.69,61.66,252.15,96.84,28.63,175.53,108.76,275.13,362.77,252.82,64.17,266.99,119.94,66.3,43.2,40,0,0,0,0,0,0
13.53,62.49,247.11,96.87,28.98,174.9,107.62,271.11,360.84,253.65,63.76,269.47,120.05,65.87,44.51,41.18,0,0,0,0,0,0
15.78,66.85,247.2,100.9,30.97,178.34,109.33,269.63,364.01,262.04,65.99,285.58,125.57,66.74,48.46,45.18,0,0,0,0,0,0
14.02,58.86,215.42,89.52,27.17,156.8,95.39,235.42,320.41,230.31,58.06,253.55,109.84,57.87,43.05,40.46,0,0,0,0,0,0
7.52,32.83,116.23,52.6,14.39,100.36,54.18,149.77,203.89,152.02,33.59,151.55,64.03,38.03,28.61,25.05,0,0,0,0,0,0
6.83,30.74,109.61,50.42,13.38,100.76,51.67,151.36,203.51,153.96,31.44,144.9,60.63,38.77,28.77,23.75,0,0,0,0,0,0
6.45,29.59,106.34,48.91,12.96,98.7,50.4,149.24,198.5,153.54,30.49,140.03,59.14,38.76,28.26,22.67,0,0,0,0,0,0
6.5,30.41,107.99,51,13.2,103.01,55.03,157.07,207.49,163.65,31.9,147.23,63.69,40.81,29.43,23.1,0,0,0,0,0,0
5.26,25.41,91.34,43.81,10.89,87.83,49.25,135.16,177.81,139.88,27.51,125.87,55.67,34.26,24.44,19.19,0,0,0,0,0,0
4.77,22.11,76.16,37.15,9.31,69.71,42.89,106.79,139.69,111.14,23.84,107.77,48.96,26.67,19.49,16.38,0,0,0,0,0,0
5.24,23.37,83.09,37.76,10.08,62.88,43.48,96.83,126.4,96.57,23.97,106.28,49.66,23.03,16.76,15.95,0,0,0,0,0,0
10.43,46.96,194,74.79,22.73,115.14,84.45,181.39,238.29,161.45,46.05,194.63,91.89,39.6,25.92,27.18,0,0,0,0,0,0
15.23,69.12,294.74,111.95,34.22,166.63,124.8,264.83,347,230.42,68.47,284.78,136.6,56.82,35.64,39.39,0,0,0,0,0,0
18.35,81.07,337.39,132.83,39.53,193.24,145.8,306.41,401,271.73,82.32,339.26,166.18,66.98,42.43,48.95,0,0,0,0,0,0
19.72,84.84,339.6,139.38,40.5,201.24,151.1,316.4,414.77,288.93,87.12,361.16,178.42,71.12,46.42,54.17,0,0,0,0,0,0
20.08,86.54,340.5,141.22,41.01,206.23,152.66,322.15,423.03,297.69,87.4,370.47,180.94,73.53,48.9,55.66,0,0,0,0,0,0
18.9,84.55,338.52,138.08,40.2,209.5,149.91,328.05,430.87,301.56,84.51,363.44,173.73,75.23,49.57,53.52,0,0,0,0,0,0
18,84.76,352.29,137.94,40.63,221.35,151.53,349.78,459.35,317.17,85.53,362.74,169.66,80.58,51.54,52.37,0,0,0,0,0,0
17.92,85.97,351.08,136.67,39.91,231.1,151.42,363.45,478.45,330.83,87.5,369.49,169.97,85.87,55.5,54.78,0,0,0,0,0,0
17.93,87.75,354.41,136.79,39.92,239.17,152.51,375.57,494.31,343.84,90.23,377.86,172.14,90.95,58.71,57.05,0,0,0,0,0,0
17.42,86.12,349.93,134.17,39.34,239.26,150.44,375.76,495.46,344.42,89.26,371.83,168.52,91.32,58.72,56.07,0,0,0,0,0,0
17.17,84.94,348.63,133.3,39.38,239.12,150.83,376.2,494.54,344.1,88.58,367.45,166.6,90.76,58.32,54.7,0,0,0,0,0,0
17.19,84.63,349.9,131.15,39.48,232.02,148.58,365.24,482.44,330.39,87.81,360.52,163.34,87.34,55.64,53.54,0,0,0,0,0,0
14.87,72.89,304.7,113.75,34.46,201.21,129.11,317.15,419.4,286.12,75.63,310.06,140.35,75.06,47.7,45.49,0,0,0,0,0,0
12.65,61.16,249.18,95.91,28.49,172.81,107.79,271.02,357.05,249.96,63.7,264.39,118.87,65.5,42.81,39.74,0,0,0,0,0,0
13.67,63.12,249.17,97.82,29.34,176.85,108.3,274.37,363.88,258.36,64.48,272.21,121.35,67.3,45.43,41.7,0,0,0,0,0,0
15.72,66.99,247.76,101.23,30.93,179.21,109.76,271.4,367.21,263.84,66.08,287.33,126.02,67.24,48.64,45.34,0,0,0,0,0,0
13.97,58.66,214.36,89.27,27.07,156.02,95.23,234.48,319.15,229.31,57.81,252.95,109.39,57.57,42.91,40.35,0,0,0,0,0,0
7.4,31.86,110.4,50.44,14.03,93.54,51.98,139.71,189.25,143.98,32.59,146.29,61.86,35.99,27.37,24.35,0,0,0,0,0,0
6.57,29.77,105.16,48.71,13.18,94.89,49.63,142.63,190.08,147.22,29.89,139.98,58.37,37.08,27.65,22.74,0,0,0,0,0,0
6.26,29.54,107.91,49.6,13.06,100.05,50.93,151.57,200.52,154.58,29.74,140.72,58.83,38.99,28.39,22.27,0,0,0,0,0,0
6.29,30.57,110.27,52.07,13.36,104.94,55.95,160.74,210.97,166.29,31.27,149.47,63.84,41.55,29.81,22.86,0,0,0,0,0,0
5.14,25.97,95.11,45.27,11.27,90.4,50.3,139.77,181.77,144.36,27.3,129.41,56.63,35.67,25.13,19.14,0,0,0,0,0,0
4.44,21.59,74.99,36.48,9.17,67.77,41.97,104.32,135.83,109.31,22.54,106.29,47.64,26.34,18.98,15.59,0,0,0,0,0,0
4.76,22.08,79.01,35.51,9.56,60.86,41.13,94.19,122.98,94.71,22.05,101.14,46.04,22.79,16.4,14.72,0,0,0,0,0,0
9.27,41.83,174.72,64.6,20.43,102.17,74.77,160.95,212.3,140.75,40.48,168.92,78.13,34.54,22.73,23.04,0,0,0,0,0,0
12.63,57.5,251.47,89,29.01,138.35,103.01,219.85,290.82,184.71,55.94,226.65,105.51,45.6,28.56,30.05,0,0,0,0,0,0
13.78,61.85,267.92,95.77,31.07,147.74,110.29,234.34,310.23,197.93,60.55,244.5,114.65,48.92,30.83,32.98,0,0,0,0,0,0
14.3,62.31,258.32,96.02,30.59,146.79,109.47,230.35,305.63,200.74,61.35,250.16,118.1,49.53,32.47,35.28,0,0,0,0,0,0
15.97,67.79,269.58,103.84,32.53,157.98,117.17,245.42,326.91,220.12,67.35,275.95,131.06,54.39,36.8,40.63,0,0,0,0,0,0
17.03,73.3,290.95,113.78,34.77,173.62,127.39,270.52,359.26,244.47,74.36,303.25,144.6,60.82,40.78,45.32,0,0,0,0,0,0
18.25,82.17,336.13,130.48,38.99,204.54,145.29,322.41,424.8,289.4,85.23,344.82,163.97,73.14,47.35,51.3,0,0,0,0,0,0
19.73,90.8,363.84,144.02,41.65,238.1,159.13,373.38,493.06,341.82,95.22,389.54,183.49,88.21,57.45,59.82,0,0,0,0,0,0
20.32,96.26,382.67,151.98,43.48,262.47,167.44,411.65,543.3,383.04,101.5,418.59,194.6,100.71,65.31,65.16,0,0,0,0,0,0
19.36,94.3,380.11,149.31,42.89,266.28,164.95,418.3,550.98,389.35,99.13,412.37,189.04,103.04,66.33,63.31,0,0,0,0,0,0
18.11,89.7,367.47,142.3,41.4,256.79,159.4,404.07,532.21,373.25,93.96,392.19,178.44,98.45,63.01,58.74,0,0,0,0,0,0
17.79,88.29,367.01,139.09,41.25,251.85,156.07,396.12,523.39,360.91,91.52,380.53,171.69,95.33,60.83,56.56,0,0,0,0,0,0
15.36,76.54,322.07,121.38,36.21,220.91,136.17,348.35,459.29,317.1,79.1,329.96,148.21,83.48,53.02,48.28,0,0,0,0,0,0
13.01,64.59,266.26,103.05,30.01,192.26,114.5,301.66,398.06,279.78,66.88,283.79,126.36,73.6,47.67,42.28,0,0,0,0,0,0
13.99,66.14,264.49,104.24,30.71,194.62,114.3,302.36,400.83,285.44,67.21,289.24,127.79,74.65,49.94,43.93,0,0,0,0,0,0
16.12,69.86,262.2,107.31,32.44,195.47,115.21,296.85,398.04,288.6,68.69,302.05,131.77,74.03,53.1,47.37,0,0,0,0,0,0
14.29,61.26,228.38,94.86,28.41,171.34,100.3,258.06,348.33,251.08,60.06,266.21,114.63,63.5,46.73,42.04,0,0,0,0,0,0
7.52,33.81,121.17,54.86,14.96,105.37,56.05,158.4,213.17,161.28,34.04,157.48,65.91,40.71,30.23,25.58,0,0,0,0,0,0
6.44,29.24,103.45,47.4,12.82,93.71,48.45,140.48,188.57,144.49,29.42,137.2,56.99,36.43,27.07,22.27,0,0,0,0,0,0
6.11,29.02,105.51,48.45,12.71,99.58,49.94,150.9,202.02,154.94,29.34,139.07,57.65,39.11,28.3,22.08,0,0,0,0,0,0
6.24,30.29,109.47,51.23,13.18,105.42,55.16,161.14,212.54,166.74,31.14,147.81,62.91,41.77,29.87,22.68,0,0,0,0,0,0
5.02,25.42,92.8,44.19,10.98,90.18,49.39,139.61,182.05,144.43,26.88,127.11,55.05,35.74,25.26,18.9,0,0,0,0,0,0
4.34,20.97,73.19,35.35,8.87,67.76,41.08,104.26,134.92,107.63,22.01,102.86,45.58,25.94,18.99,15.13,0,0,0,0,0,0
4.52,20.63,73.17,32.48,8.9,56.63,38.3,87.39,113.87,87.67,20.71,93.25,42.15,21.03,15.41,13.63,0,0,0,0,0,0
8.89,40.09,168.2,61.04,19.6,98.61,71.44,155.3,205.44,134.96,38.72,160.19,73.31,33.19,21.9,21.7,0,0,0,0,0,0
11.93,54.44,240.25,82.98,27.63,131.06,97.3,208.34,276.07,172.74,52.58,211.35,97.22,42.7,26.75,27.54,0,0,0,0,0,0
12.56,56.8,249.74,86.08,28.86,135.25,100.96,214.52,284.97,177.6,54.73,219.48,101.17,43.91,27.58,28.7,0,0,0,0,0,0
12.55,55.42,234.09,82.97,27.64,131,96.82,205.49,273.96,175.41,53.19,216.67,99.54,43.4,28.44,29.39,0,0,0,0,0,0
13.44,58.14,236.51,85.96,28.43,136.41,99.8,211.57,283.37,184.93,55.6,229.6,105.06,45.87,31.16,32.2,0,0,0,0,0,0
13.66,60.56,247.19,90.3,29.39,144.98,104.48,225.43,302.16,198.37,58.75,242.35,110.5,49.57,33.24,34.2,0,0,0,0,0,0
14.2,66.9,284.25,102.51,32.47,169.82,118.12,267.56,355.65,231.75,66.4,271.78,123.25,58.9,37.8,37.83,0,0,0,0,0,0
15.63,75.28,310.08,115.42,35.15,201.27,131.11,315.79,418.84,283.48,76.01,315.26,142.08,73.98,47.91,46.16,0,0,0,0,0,0
16.99,83.76,341.81,129.41,38.22,235.42,145.52,368.6,487.42,335.45,85.91,358.23,160.87,88.96,57.6,53.89,0,0,0,0,0,0
17.24,85.9,351.42,134.11,39.37,247.24,150.31,388.12,511.65,356.7,88.95,371.58,166.54,94.84,61.19,56.01,0,0,0,0,0,0
17.19,85.83,353.09,134.94,39.8,247.12,152.27,389.4,511.4,358.6,89.46,373.13,167.79,94.98,60.96,55.51,0,0,0,0,0,0
17.57,88.02,367.18,138.36,40.97,253.78,155.57,399.98,526.85,362.89,91.08,379.72,169.98,96.27,61.4,56.18,0,0,0,0,0,0
15.25,75.98,321.46,120.55,35.9,221.6,135.66,349.02,459.77,314.59,78.57,326.8,146.37,82.77,52.79,47.75,0,0,0,0,0,0
12.76,63.05,259.38,99.89,29.28,185.52,111.54,290.91,384.82,269.29,65.38,275.71,122.84,70.77,45.87,41.12,0,0,0,0,0,0
13.7,64.56,258.31,101.35,29.9,189.2,111.79,293.27,391.41,275.22,65.62,281.5,124.34,71.7,48.02,42.73,0,0,0,0,0,0
16.01,69.5,263.21,107.54,32.17,199.66,115.94,302.44,408.72,290.37,68.35,301.42,130.9,74.07,53.27,47.2,0,0,0,0,0,0
14.04,59.97,222.58,92.58,27.77,167.11,98.34,251.69,341.44,244.96,58.79,260.7,111.74,61.75,45.67,41.25,0,0,0,0,0,0
7.4,33.15,118.73,53.81,14.63,104.59,55.26,157.31,211.96,159.28,33.4,154.59,64.12,40.12,30.02,25.17,0,0,0,0,0,0
6.64,29.65,104.06,48.2,12.87,94.65,49.56,141.93,191.81,145.57,30.3,139.5,58.4,36.49,27.25,22.95,0,0,0,0,0,0
6.34,29.35,104.91,48.61,12.77,97.79,50.28,148.42,198.29,152.94,30.15,140.05,58.74,38.55,28.06,22.59,0,0,0,0,0,0
6.47,30.62,109.68,51.58,13.19,104.57,55.79,159.71,210.77,164.41,31.99,148.72,64.04,41.01,29.55,23.15,0,0,0,0,0,0
5.32,25.79,92.26,44.16,11.07,87.89,49.43,135.73,177.1,141.48,27.89,127.44,56.39,34.91,24.79,19.42,0,0,0,0,0,0
4.76,22,75.36,36.9,9.29,68.71,42.63,105.43,137.18,110.09,23.72,107.11,48.66,26.43,19.39,16.3,0,0,0,0,0,0
5.25,23.51,83.58,38.02,10.12,63.37,43.74,97.84,127.4,97.6,24.08,107.18,49.93,23.34,16.96,16.06,0,0,0,0,0,0
10.47,47.28,195.34,75.35,22.86,116.53,84.96,183.7,241.32,164,46.39,196.43,92.61,40.33,26.33,27.44,0,0,0,0,0,0
15.22,69.06,294.45,111.84,34.19,166.35,124.69,264.39,346.6,230.07,68.41,284.53,136.5,56.72,35.56,39.35,0,0,0,0,0,0
18.33,80.94,336.83,132.63,39.48,192.78,145.63,305.65,400.11,270.92,82.19,338.63,165.9,66.73,42.3,48.86,0,0,0,0,0,0
19.73,84.92,339.95,139.58,40.53,201.67,151.32,317.24,415.59,289.62,87.19,361.73,178.56,71.32,46.58,54.24,0,0,0,0,0,0
20.15,87.06,343,142.38,41.23,209.45,153.81,327.29,429.87,302.5,87.92,373.51,182.05,74.81,49.74,56.11,0,0,0,0,0,0
18.99,84.95,339.74,138.64,40.43,210.83,150.28,330.13,433.43,304.99,85,365.21,174.64,76.23,50.17,53.88,0,0,0,0,0,0
17.92,84.45,352.34,137.57,40.41,221.23,151.38,348.91,459.33,313.9,85.15,361.01,169,79.54,50.86,51.99,0,0,0,0,0,0
17.95,86.1,352.66,137.02,39.95,232.52,151.82,365.15,480.77,330.85,87.62,369.65,170.16,85.81,55.49,54.75,0,0,0,0,0,0
17.99,87.84,355.17,137.37,40.03,241.84,153.09,379.14,500.85,347.66,90.44,378.72,172.51,91.72,59.3,57.33,0,0,0,0,0,0
17.37,85.76,347.54,133.29,39.18,236.58,149.53,371.82,490.37,341.8,88.9,370.07,167.82,90.67,58.24,55.84,0,0,0,0,0,0
17.08,84.52,347.19,132.3,39.12,236.72,149.89,372.05,490.1,339.47,88.14,365.04,165.82,89.52,57.34,54.25,0,0,0,0,0,0
17.19,84.62,350.22,131.09,39.46,231.95,148.54,364.95,481.93,329.45,87.79,360.17,163.28,87.1,55.47,53.45,0,0,0,0,0,0
15.01,73.6,307.81,115.01,34.81,204.88,130.18,322.62,427.15,292.36,76.45,313.54,141.98,76.75,48.71,46.09,0,0,0,0,0,0
12.69,61.55,251.42,96.62,28.61,175.22,108.49,274.44,362.63,252.92,64.11,266.43,119.81,66.27,43.17,40,0,0,0,0,0,0
13.49,62.13,244.63,95.7,28.83,171.55,106.28,265.72,354.35,250.23,63.46,267.11,119.44,65.06,43.8,40.9,0,0,0,0,0,0
15.71,67.01,249.1,101.53,30.9,180.67,110.21,273.18,370.05,263.43,66.05,287.29,125.99,67,48.54,45.24,0,0,0,0,0,0
14.01,58.8,215.77,89.71,27.14,157.45,95.73,236.44,321.25,229.8,57.94,253.34,109.56,57.65,43.07,40.38,0,0,0,0,0,0
7.49,32.45,113.27,51.69,14.29,96.95,53.19,145.09,196.17,149,33.2,149.49,63.1,37.34,28.26,24.83,0,0,0,0,0,0
6.76,30.26,106.06,48.86,13.18,95.61,49.95,143.69,192.71,148.63,30.97,141.9,59.64,37.57,27.83,23.34,0,0,0,0,0,0
6.48,30.22,108.29,50.05,13.17,101.24,51.5,154.06,205.14,159.7,31.09,144.48,60.64,40.53,29.23,23.29,0,0,0,0,0,0
6.53,31.02,110.96,52.54,13.39,107.43,56.7,164.4,218.06,170.48,32.47,151.76,65.11,42.56,30.53,23.71,0,0,0,0,0,0
5.28,25.52,91.4,43.92,10.97,87.36,49.32,134.93,175.73,139.8,27.58,126.24,55.73,34.37,24.59,19.23,0,0,0,0,0,0
4.76,22.08,76.31,37.34,9.3,70.26,43.18,107.76,140.57,111.3,23.77,107.84,48.8,26.65,19.6,16.37,0,0,0,0,0,0
5.23,23.35,82.92,37.82,10.06,63.02,43.58,97.22,127,96.98,23.93,106.52,49.63,23.11,16.84,15.98,0,0,0,0,0,0
10.43,47.02,194.18,74.85,22.74,115.32,84.5,181.7,239.06,162.01,46.12,195.07,92.08,39.76,25.95,27.24,0,0,0,0,0,0
15.25,69.3,295.73,112.39,34.3,168.02,125.25,266.94,350.16,232.34,68.66,285.9,137.02,57.3,35.94,39.55,0,0,0,0,0,0
18.34,81.01,337.17,132.77,39.5,193.16,145.76,306.26,400.96,271.51,82.26,339.03,166.06,66.89,42.39,48.92,0,0,0,0,0,0
19.68,84.69,338.82,139.02,40.4,200.05,150.78,314.72,412.32,287.16,86.92,360.43,178.07,70.69,46.12,54.01,0,0,0,0,0,0
20.12,86.82,341.42,141.66,41.13,207.31,153.02,323.94,425.51,300.2,87.71,372.03,181.6,74.26,49.3,55.92,0,0,0,0,0,0
18.94,84.81,339,138.38,40.33,209.89,150.09,328.95,431.72,303.66,84.8,364.81,174.32,75.9,49.94,53.76,0,0,0,0,0,0
17.94,84.48,351.91,137.54,40.46,220.72,151.28,348.41,457.93,314.21,85.19,361.1,169.01,79.69,50.99,52.05,0,0,0,0,0,0
17.84,85.43,348.26,135.43,39.67,227.97,150.16,358.3,472.85,326.82,87,366.61,168.99,84.77,54.67,54.39,0,0,0,0,0,0
18,87.97,354.96,137.24,40.08,240.81,152.82,377.89,498.54,347.66,90.57,379.18,172.8,91.9,59.29,57.4,0,0,0,0,0,0
17.47,86.25,349.74,134.13,39.44,238.93,150.21,375.25,494.88,345.61,89.47,372.21,168.89,91.72,58.89,56.22,0,0,0,0,0,0
17.02,84.27,345.69,131.79,38.98,235.33,149.42,370.02,488.08,338.07,87.87,364.14,165.37,89.13,57.03,54.11,0,0,0,0,0,0
17.23,84.44,348.5,130.48,39.48,230.3,147.72,362.13,478.64,328.85,87.73,358.75,163.01,86.95,55.34,53.42,0,0,0,0,0,0
15.01,73.52,307.99,114.67,34.76,204.06,129.82,320.89,424.59,289.75,76.37,312.27,141.72,76.09,48.24,45.85,0,0,0,0,0,0
12.65,61.48,250.97,96.28,28.52,174.33,108.13,272.99,361.61,251.95,64.04,266.18,119.8,66.05,42.84,39.91,0,0,0,0,0,0
13.55,62.44,246.02,96.24,28.99,172.76,106.76,267.69,356.08,252.06,63.78,268.41,120,65.61,44.19,41.1,0,0,0,0,0,0
15.82,67.13,248.5,101.4,31.09,179.45,109.79,271.51,365.81,263.72,66.27,286.93,126.11,67.26,48.8,45.36,0,0,0,0,0,0
13.96,58.29,213.19,88.48,26.95,153.87,94.44,230.71,313.17,224.62,57.44,250.01,108.43,56.32,42.21,39.92,0,0,0,0,0,0
7.47,32.25,112.53,51.09,14.2,95.15,52.57,142.1,191.56,145.58,32.97,147.72,62.57,36.5,27.7,24.53,0,0,0,0,0,0
6.71,29.98,104.86,48.57,13.06,95.37,49.75,143.16,193.27,148.25,30.7,140.99,59.16,37.31,27.7,23.25,0,0,0,0,0,0
6.38,29.39,104.75,48.65,12.84,98.18,50.2,148.75,199.5,154.45,30.29,140.16,58.95,38.91,28.28,22.73,0,0,0,0,0,0
6.45,30.21,107,50.54,13.07,101.74,54.6,155.12,205.3,161.83,31.67,146.31,63.31,40.33,29.06,22.93,0,0,0,0,0,0
5.28,25.7,93.24,44.15,10.97,87.84,49.61,135.48,175.33,138.02,27.66,126.37,55.88,33.98,24.32,19.08,0,0,0,0,0,0
4.79,22.27,77.18,37.44,9.36,70.34,43.19,107.79,140.32,111.34,23.96,108.34,49.19,26.77,19.57,16.41,0,0,0,0,0,0
5.29,23.71,85.04,38.66,10.22,65.66,44.43,101.14,132.5,100.26,24.32,108.48,50.43,23.94,17.39,16.26,0,0,0,0,0,0
10.49,47.37,195.63,75.55,22.91,117.01,85.15,184.53,242.21,164.93,46.48,196.93,92.77,40.58,26.52,27.53,0,0,0,0,0,0
15.29,69.4,295.74,112.5,34.38,168.05,125.28,267.14,349.9,233.29,68.79,286.3,137.21,57.6,36.16,39.67,0,0,0,0,0,0
18.36,81.06,337.34,132.85,39.54,193.27,145.81,306.46,400.93,271.78,82.32,339.19,166.15,66.99,42.47,48.95,0,0,0,0,0,0
19.68,84.73,339.03,139.14,40.42,200.44,150.9,315.31,413.22,287.73,86.97,360.72,178.16,70.82,46.21,54.06,0,0,0,0,0,0
20.12,86.85,341.54,141.73,41.13,207.52,153.1,324.31,426.15,300.56,87.73,372.3,181.68,74.35,49.34,55.95,0,0,0,0,0,0
18.98,85.06,341.01,138.84,40.42,211.55,150.55,331.02,434.6,304.4,85.06,365.51,174.81,76.08,50.02,53.81,0,0,0,0,0,0
17.94,84.69,353.86,138,40.49,221.89,151.84,350.17,459.3,313.72,85.31,361.86,169.27,79.61,50.96,52,0,0,0,0,0,0
18.11,86.96,355.64,138.79,40.42,236.48,153.45,372.19,488.09,338.97,88.52,374.52,171.86,88.1,57.14,55.57,0,0,0,0,0,0
17.98,88,355.38,137.4,40.07,240.79,153.09,378.22,497.49,346.7,90.5,379.31,172.64,91.7,59.27,57.32,0,0,0,0,0,0
17.36,85.69,347.53,133.27,39.16,236.63,149.55,371.81,490.19,341.19,88.82,369.65,167.62,90.46,58.18,55.77,0,0,0,0,0,0
17.08,84.54,345.47,131.99,39.16,234.96,149.41,370.12,487.09,340.56,88.19,365.58,165.96,89.98,57.55,54.43,0,0,0,0,0,0
17.18,84.51,349.03,130.48,39.41,230.01,147.8,361.9,478.03,327.79,87.71,359.18,163.11,86.76,55.11,53.34,0,0,0,0,0,0
15.03,73.76,308.57,115.03,34.87,204.31,130.13,321.85,424.67,291.11,76.57,313.65,142.15,76.59,48.56,46.03,0,0,0,0,0,0
12.66,61.4,250.21,96.15,28.54,173.57,107.97,272.11,359.47,251.47,63.96,265.73,119.53,65.96,42.89,39.89,0,0,0,0,0,0
13.52,62.41,246.59,96.42,28.93,173.59,107.09,268.87,358.01,251.84,63.69,268.54,119.91,65.47,44.13,41.04,0,0,0,0,0,0
15.69,66.41,246.7,100.28,30.71,177.4,108.91,267.5,361.86,257.39,65.49,283,124.58,65.35,47.6,44.67,0,0,0,0,0,0
14.02,58.75,214.59,89.24,27.15,155.92,95.06,234.06,318.48,229.55,57.97,252.81,109.59,57.68,42.95,40.4,0,0,0,0,0,0
7.46,32.36,112.71,51.28,14.22,95.57,52.75,143,193.24,147.1,33.09,148.79,62.91,36.92,27.89,24.68,0,0,0,0,0,0
6.76,30.22,105.81,49.15,13.19,96.71,50.31,145.52,195.68,150.68,30.95,142.43,59.62,37.98,28.22,23.49,0,0,0,0,0,0
6.35,29.05,102.9,47.87,12.73,95.37,49.4,144.66,192.28,150.37,29.91,137.89,58.03,37.93,27.76,22.39,0,0,0,0,0,0
6.44,30.34,107.88,51,13.1,102.52,55.2,156.87,206.1,162.2,31.7,147.28,63.38,40.47,29.28,22.97,0,0,0,0,0,0
5.26,25.72,93.08,44.42,10.96,89.1,49.95,137.52,179.99,140.96,27.72,127.64,56.19,34.63,24.67,19.31,0,0,0,0,0,0
4.7,21.81,74.97,36.74,9.15,68.45,42.62,105.09,136.95,108.7,23.46,106.53,48.23,25.99,19.14,16.13,0,0,0,0,0,0
5.25,23.58,83.82,38.17,10.15,63.64,43.89,98.41,127.95,98.19,24.14,107.65,50.07,23.52,17.08,16.12,0,0,0,0,0,0
10.45,47.13,194.53,75.07,22.81,115.69,84.7,182.46,239.46,162.82,46.22,195.63,92.25,40.01,26.16,27.33,0,0,0,0,0,0
15.25,69.15,294.84,112.02,34.26,166.83,124.85,265.11,347.17,230.75,68.51,284.8,136.62,56.9,35.73,39.42,0,0,0,0,0,0
18.33,80.91,336.69,132.58,39.46,192.6,145.58,305.4,399.74,270.64,82.15,338.49,165.84,66.66,42.25,48.84,0,0,0,0,0,0
19.7,84.77,339.33,139.21,40.44,200.63,150.96,315.55,413.31,287.76,87.01,360.75,178.22,70.84,46.24,54.07,0,0,0,0,0,0
20.1,86.69,341.15,141.47,41.07,206.97,152.88,323.25,424.76,298.95,87.56,371.27,181.3,73.88,49.08,55.78,0,0,0,0,0,0
18.95,84.88,340.06,138.46,40.33,210.38,150.19,329.29,432.11,302.71,84.85,364.55,174.38,75.64,49.75,53.66,0,0,0,0,0,0
17.92,84.41,351.44,137.38,40.41,220.18,151.13,347.69,457.04,313.68,85.11,360.89,168.88,79.57,50.89,52,0,0,0,0,0,0
17.97,86.29,351.85,137.11,40.06,232.54,151.71,365.62,482.83,334.93,87.93,371.5,170.93,86.97,56.03,55.17,0,0,0,0,0,0
17.92,87.65,353.38,136.57,39.89,239,152.23,375.18,495.63,345.16,90.21,377.89,172.2,91.22,58.77,57.15,0,0,0,0,0,0
17.48,86.58,351.56,135.01,39.53,241.53,151.2,379.52,501.06,349.19,89.76,374.72,169.64,92.63,59.46,56.53,0,0,0,0,0,0
17.13,84.94,349.29,133.13,39.28,239.13,150.7,375.74,495.3,342.94,88.58,367.33,166.75,90.45,57.89,54.57,0,0,0,0,0,0
17.12,84.55,349.72,130.97,39.35,231.61,148.5,364.69,482.51,329.48,87.67,360.57,163.26,87.1,55.35,53.44,0,0,0,0,0,0
14.92,72.78,304.7,113.62,34.49,201.14,128.96,316.56,418.01,284.71,75.55,308.67,139.96,74.61,47.57,45.34,0,0,0,0,0,0
12.64,60.99,248.33,95.35,28.41,171.54,107.15,268.65,354.83,248.26,63.59,263.16,118.63,65.05,42.39,39.58,0,0,0,0,0,0
13.57,62.54,246.74,96.79,29.05,174.79,107.37,270.73,361.06,254.93,63.92,269.55,120.31,66.23,44.67,41.32,0,0,0,0,0,0
15.73,66.82,247.67,100.86,30.88,178.22,109.4,269.44,363.52,260.46,65.88,285.38,125.42,66.34,48.17,45.02,0,0,0,0,0,0
14.05,59.32,217.83,90.52,27.32,159.61,96.45,239.94,326.65,234.1,58.48,256.39,110.83,58.88,43.66,40.8,0,0,0,0,0,0
7.43,32.1,112.45,51.08,14.1,95.49,52.71,142.54,192.58,144.87,32.78,147.32,62.24,36.19,27.56,24.41,0,0,0,0,0,0
6.73,29.86,103.88,48.3,13.07,94.26,49.42,141.6,190.11,147.26,30.6,140.05,58.79,37.08,27.67,23.18,0,0,0,0,0,0
6.3,28.98,103.57,48.02,12.62,96.78,49.73,146.37,196.61,150.72,29.81,138.06,58.03,37.82,27.62,22.34,0,0,0,0,0,0
6.37,29.92,107.09,50.53,12.89,102.13,54.92,155.68,205.7,159.3,31.25,145.21,62.5,39.49,28.71,22.62,0,0,0,0,0,0
5.22,25.26,91.17,43.51,10.8,86.5,49.06,133.3,173.45,136.19,27.23,124.56,55.04,33.35,23.97,18.86,0,0,0,0,0,0
4.77,21.84,74.5,36.46,9.25,67.69,42.11,103.53,135.02,108.76,23.61,105.85,48.36,26.06,19.13,16.18,0,0,0,0,0,0
5.23,23.32,83.03,37.64,10.04,62.66,43.38,96.39,126.04,95.89,23.91,105.97,49.57,22.84,16.61,15.88,0,0,0,0,0,0
10.4,46.8,193.26,74.41,22.65,113.91,84.08,179.55,235.54,159.46,45.86,193.68,91.51,39.1,25.58,27.01,0,0,0,0,0,0
15.23,69.11,294.89,112.02,34.22,166.82,124.9,265.14,347.1,230.24,68.45,284.69,136.51,56.76,35.66,39.36,0,0,0,0,0,0
18.33,80.95,336.86,132.65,39.48,192.79,145.64,305.69,400.09,270.94,82.19,338.67,165.92,66.75,42.3,48.87,0,0,0,0,0,0
19.69,84.73,338.96,139.12,40.43,200.37,150.86,315.2,413.11,287.86,86.99,360.72,178.19,70.87,46.23,54.08,0,0,0,0,0,0
20.11,86.86,342.12,141.94,41.12,208.49,153.39,325.61,428.35,301.03,87.73,372.5,181.71,74.38,49.4,55.96,0,0,0,0,0,0
18.98,85.11,341.36,139.31,40.44,213.11,151.14,333.65,438.58,306.73,85.09,366.61,174.96,76.58,50.45,53.99,0,0,0,0,0,0
18.02,85.11,355.52,138.92,40.71,224.65,152.68,354.45,465.64,318.8,85.81,364.38,170.28,80.91,51.8,52.47,0,0,0,0,0,0
18.11,86.79,354.46,138.11,40.36,235.14,152.59,369.47,486.44,338.07,88.47,373.25,171.79,87.85,56.75,55.49,0,0,0,0,0,0
17.95,87.82,355.03,137.24,39.96,241.3,153,378.49,500.13,346.96,90.37,378.88,172.51,91.58,59.12,57.27,0,0,0,0,0,0
17.41,85.95,347.89,133.6,39.3,237.73,149.72,373.48,493.88,345.03,89.19,371.37,168.45,91.49,58.68,56.14,0,0,0,0,0,0
17.08,84.46,345.89,131.86,39.11,235.2,149.31,369.86,487.56,339.32,88.13,364.74,165.82,89.57,57.25,54.28,0,0,0,0,0,0
17.11,84.24,348.7,130.19,39.25,229.33,147.69,360.79,476.12,324.71,87.35,357.81,162.4,85.88,54.63,53.01,0,0,0,0,0,0
14.98,73.56,309.01,115.17,34.73,205.98,130.51,323.81,429.29,291.12,76.36,313.19,141.83,76.3,48.43,45.91,0,0,0,0,0,0
12.56,60.84,247.74,95.06,28.25,171.27,106.95,268.09,356.14,247.91,63.42,263.06,118.55,64.88,42.08,39.51,0,0,0,0,0,0
13.49,62.12,244.87,95.58,28.82,171.05,106.15,264.84,352.57,248.73,63.43,266.6,119.33,64.71,43.57,40.78,0,0,0,0,0,0
15.8,67.01,249.29,101.35,31,179.94,109.87,271.64,366.28,261.56,66.11,285.86,125.76,66.57,48.4,45.11,0,0,0,0,0,0
14.16,59.61,219.61,91.24,27.53,161.72,97.09,242.9,329.68,236.34,58.84,257.26,111.31,59.44,44.19,41.01,0,0,0,0,0,0
7.55,32.6,113.86,52.16,14.42,98.44,53.63,147.36,199.21,151.57,33.4,150.36,63.42,37.95,28.77,25.05,0,0,0,0,0,0
6.58,30.27,107.54,49.74,13.29,98.05,50.7,147.68,198.58,152.43,30.39,143.65,59.71,38.45,28.3,23.21,0,0,0,0,0,0
6.14,29.21,106.17,48.89,12.8,98.37,50.32,149.07,199.35,152.9,29.38,140.01,58.44,38.51,27.82,22.09,0,0,0,0,0,0
6.19,30.18,109.24,51.22,13.1,102.95,55.22,157.26,207.15,161.57,30.81,147.22,63.03,40.26,28.85,22.39,0,0,0,0,0,0
5.14,26.14,96.46,45.75,11.31,91.41,50.89,141.61,182.98,144.55,27.38,130.32,56.8,35.76,25.28,19.16,0,0,0,0,0,0
4.45,21.55,75.67,36.65,9.17,68.63,42.23,105.3,136.81,108.7,22.49,105.76,47.42,26.07,18.95,15.49,0,0,0,0,0,0
4.8,22.07,78.95,35.51,9.61,60.97,41.07,94.14,122.77,94.89,22.09,100.73,45.99,22.81,16.48,14.73,0,0,0,0,0,0
9.3,42.03,175.38,64.9,20.52,102.88,75,162.14,213.94,142.51,40.7,170.03,78.61,35.06,23.01,23.22,0,0,0,0,0,0
12.67,57.82,252.78,89.58,29.14,139.81,103.55,222.26,293.91,187.28,56.26,228.38,106.19,46.33,29,30.3,0,0,0,0,0,0
13.81,62.07,268.94,96.17,31.16,148.79,110.66,235.99,312.31,199.57,60.78,245.61,115.12,49.39,31.11,33.15,0,0,0,0,0,0
14.29,62.27,258.38,95.99,30.56,146.84,109.47,230.33,305.81,200.36,61.3,249.98,118.03,49.41,32.38,35.23,0,0,0,0,0,0
15.98,67.81,269.68,103.92,32.54,158.22,117.25,245.8,327.44,220.52,67.38,276.12,131.12,54.49,36.88,40.66,0,0,0,0,0,0
17.08,73.62,292.61,114.52,34.92,175.7,128.13,273.79,363.31,247.31,74.68,304.99,145.24,61.56,41.31,45.58,0,0,0,0,0,0
18.26,82.33,338.03,131.12,39.02,206.95,146.08,325.79,429.78,290.75,85.36,345.79,164.28,73.36,47.56,51.36,0,0,0,0,0,0
19.7,90.49,362.13,143.26,41.54,235.45,158.35,369.48,486.5,338,94.87,387.45,182.67,87.29,56.92,59.5,0,0,0,0,0,0
20.12,95.32,378.63,150.17,42.97,257.49,165.86,404.02,533.61,374.66,100.43,414.05,192.6,98.44,63.79,64.35,0,0,0,0,0,0
19.26,93.69,378.07,148.2,42.6,263.37,164,413.51,544.05,382.93,98.44,408.69,187.57,101.28,65.3,62.68,0,0,0,0,0,0
18.14,89.61,366.33,142.28,41.47,256.25,159.34,403.7,530.26,373.76,93.89,391.83,178.1,98.59,63.33,58.81,0,0,0,0,0,0
17.82,88.84,369.13,139.83,41.42,253.19,156.74,398.7,526.13,363.77,92.03,383.46,172.86,96.3,61.27,56.9,0,0,0,0,0,0
15.3,76.34,321.57,121.19,36.07,221.13,136.09,348.41,461.33,316.97,78.91,329.61,148.01,83.29,52.82,48.21,0,0,0,0,0,0
12.94,64.21,264.1,102.43,29.84,190.67,113.93,299.36,395.88,278.36,66.5,282.48,125.67,73.15,47.38,42.12,0,0,0,0,0,0
13.89,65.55,261.93,103.23,30.43,192.65,113.38,298.84,398.24,282.3,66.65,286.55,126.73,73.63,49.24,43.57,0,0,0,0,0,0
15.94,69.1,259.97,106.05,31.97,193.12,114.24,292.56,395.03,282.66,67.86,298.67,130.37,72.23,51.78,46.71,0,0,0,0,0,0
14.26,61.51,229.43,95.36,28.43,172.47,100.86,260.26,351.55,253.18,60.25,268.26,115.24,64.11,47.01,42.24,0,0,0,0,0,0
7.58,34,122.07,55.28,15.09,106.31,56.43,159.93,214.17,162.52,34.23,158.17,66.18,41.06,30.57,25.71,0,0,0,0,0,0
6.44,29.17,103.57,47.51,12.8,94.42,48.64,141.36,189.98,144.65,29.35,136.88,56.8,36.36,27.13,22.25,0,0,0,0,0,0
6.07,28.72,105.34,47.86,12.57,98.05,49.45,148.02,196.96,149.57,28.96,136.35,56.72,37.68,27.49,21.57,0,0,0,0,0,0
6.12,29.62,107.02,50,12.85,101.76,54.11,155.5,203.69,159.31,30.34,143.89,61.22,39.79,28.73,21.97,0,0,0,0,0,0
4.9,24.56,89.36,42.35,10.58,85.09,47.65,131.35,170.5,135.09,25.94,121.76,53.06,33.26,23.68,18.02,0,0,0,0,0,0
4.22,20.26,70.43,34.05,8.52,64.95,39.9,99.32,130.11,102.38,21.29,99.24,44.21,24.38,17.92,14.58,0,0,0,0,0,0
4.48,20.42,72.69,32.15,8.77,56.21,38.04,86.4,113.59,86.13,20.49,92.26,41.78,20.53,15.04,13.45,0,0,0,0,0,0
8.89,39.96,167.67,60.81,19.56,98.11,71.22,154.39,204.35,134.08,38.61,159.43,73.04,32.93,21.76,21.61,0,0,0,0,0,0
11.91,54.25,239.38,82.61,27.56,130.06,96.93,206.7,273.8,171.12,52.39,210.17,96.78,42.25,26.49,27.39,0,0,0,0,0,0
12.55,56.74,249.48,85.96,28.83,134.85,100.86,213.95,284.12,176.95,54.65,219.2,101.03,43.74,27.47,28.64,0,0,0,0,0,0
12.52,55.22,233.37,82.61,27.54,130.13,96.52,204.05,272.18,173.62,52.97,215.6,99.11,42.89,28.12,29.2,0,0,0,0,0,0
13.43,58.09,236.42,85.87,28.39,136.36,99.72,211.35,283.59,184.65,55.56,229.35,105,45.76,31.05,32.16,0,0,0,0,0,0
13.65,60.57,247.67,90.46,29.37,145.37,104.73,226.12,302.65,198.01,58.71,242.49,110.44,49.46,33.22,34.15,0,0,0,0,0,0
14.23,67.34,285.68,103.17,32.62,171.03,118.71,269.99,358.39,234.87,66.81,274.38,124.2,59.88,38.32,38.18,0,0,0,0,0,0
15.57,75.12,308.77,114.85,35.03,199.25,130.52,313,415.08,281.5,75.81,314.57,141.78,73.56,47.51,46.01,0,0,0,0,0,0
16.92,83.89,340.62,129.33,38.17,234.3,145.4,368.03,487.42,337.7,85.99,360.39,161.42,89.75,57.81,54.17,0,0,0,0,0,0
17.18,85.87,350.7,133.88,39.27,246.46,150.1,387.27,511.6,356.94,88.89,372.16,166.67,94.96,61.06,56.05,0,0,0,0,0,0
17.18,85.85,353.04,134.92,39.79,246.99,152.24,389.27,511.36,358.74,89.48,373.32,167.87,95.05,60.95,55.53,0,0,0,0,0,0
17.53,87.11,361.58,136.22,40.72,247.95,153.2,390.55,515.09,356.94,90.33,374.31,168.22,94.66,60.36,55.65,0,0,0,0,0,0
15.28,76.14,321.6,120.67,35.99,221.67,135.68,349.28,460.02,315.99,78.77,327.59,146.77,83.22,53.02,47.92,0,0,0,0,0,0
12.93,63.75,262.05,101.41,29.72,189.11,112.91,296.94,390.8,275.83,66.14,279.2,124.14,72.57,47.27,41.77,0,0,0,0,0,0
13.92,65.61,262.68,103.19,30.48,193.08,113.36,299.78,396.59,281.78,66.71,285.94,126.24,73.71,49.48,43.45,0,0,0,0,0,0
15.97,69.31,261.94,106.29,32.04,195.18,114.51,295.47,397.63,283.72,68.11,298.79,130.32,72.65,52.13,46.69,0,0,0,0,0,0
14.15,60.88,226.7,94.3,28.12,171.86,99.97,259.22,351.99,252.69,59.73,265.84,113.79,63.87,46.89,41.99,0,0,0,0,0,0
7.41,33.09,118.2,53.31,14.61,102.98,54.62,154.6,208.11,157.19,33.37,153.5,63.98,39.68,29.62,25.02,0,0,0,0,0,0
6.81,30.42,106.83,49.43,13.29,97.7,50.51,146.74,197.65,152.03,31.2,143.1,60.09,38.34,28.4,23.62,0,0,0,0,0,0
6.38,29.34,104.74,48.38,12.82,96.92,49.91,146.86,195.38,151.72,30.19,139.18,58.64,38.31,27.93,22.51,0,0,0,0,0,0
6.42,29.99,107.17,50.17,12.97,100.52,54.37,153,200.32,156.79,31.33,144.04,62.43,39.02,28.4,22.46,0,0,0,0,0,0
5.32,25.63,92.63,44.19,11.02,88.44,49.61,136.19,177.27,139.82,27.69,126.27,55.87,34.33,24.62,19.22,0,0,0,0,0,0
4.77,22.15,76.03,37.22,9.34,69.38,42.96,106.68,138.3,111.05,23.83,107.95,48.9,26.71,19.6,16.4,0,0,0,0,0,0
5.26,23.54,83.3,37.98,10.15,62.98,43.65,97.45,126.63,97.94,24.13,107.42,50.03,23.49,17.03,16.11,0,0,0,0,0,0
10.42,46.96,193.9,74.79,22.72,115.09,84.45,181.4,238.43,161.62,46.05,194.79,91.91,39.65,25.93,27.2,0,0,0,0,0,0
15.21,68.96,294.21,111.67,34.15,166.03,124.55,263.74,345.77,229.06,68.31,283.85,136.26,56.42,35.39,39.25,0,0,0,0,0,0
18.33,80.86,336.47,132.47,39.45,192.36,145.46,304.94,399.19,270.26,82.11,338.12,165.74,66.55,42.19,48.8,0,0,0,0,0,0
19.68,84.66,338.69,138.97,40.39,200.08,150.72,314.64,412.57,287.25,86.92,360.27,178.04,70.68,46.11,54.01,0,0,0,0,0,0
20.09,86.65,341.04,141.33,41.04,206.49,152.73,322.48,423.51,297.99,87.51,370.88,181.19,73.65,48.91,55.7,0,0,0,0,0,0
18.96,84.92,339.69,138.62,40.37,210.91,150.33,330.31,434.28,304.94,84.93,365.41,174.62,76.19,50.09,53.86,0,0,0,0,0,0
17.98,84.75,353.19,138.31,40.6,222.98,152.07,352.06,463.01,317.83,85.49,363.05,169.64,80.6,51.64,52.37,0,0,0,0,0,0
18.16,87.19,355.17,138.58,40.54,235.76,152.9,370.97,488.1,341.46,88.91,375.56,172.72,88.92,57.31,55.87,0,0,0,0,0,0
17.97,87.72,353.41,136.69,40,239.08,152.26,375.33,494.81,345.71,90.32,377.82,172.24,91.4,59,57.23,0,0,0,0,0,0
17.34,85.63,347.39,133.41,39.12,237.72,149.75,373.29,494.01,343,88.8,370.09,167.71,90.78,58.35,55.88,0,0,0,0,0,0
16.98,83.92,343.37,131.08,38.87,233.02,148.68,366.76,483.36,336.02,87.53,362.51,164.64,88.6,56.75,53.94,0,0,0,0,0,0
17.18,84.5,348.55,130.45,39.41,229.93,147.72,361.9,478.68,328.82,87.73,359.54,163.22,87.03,55.23,53.43,0,0,0,0,0,0
14.99,73.4,306.17,114.21,34.75,201.83,129.27,318.18,419.75,288.82,76.23,311.83,141.42,76,48.19,45.83,0,0,0,0,0,0
12.64,61.18,248.89,95.52,28.44,172.15,107.26,269.57,357.39,250.14,63.81,264.47,119.26,65.59,42.51,39.76,0,0,0,0,0,0
13.55,62.45,245.52,96.13,28.99,172.59,106.56,267.38,356.83,253.18,63.85,268.76,120.22,65.91,44.26,41.21,0,0,0,0,0,0
15.76,67.11,248.28,101.4,31.01,179.84,109.86,272.15,368.51,264.94,66.25,287.71,126.31,67.52,48.8,45.45,0,0,0,0,0,0
14.04,58.87,215.62,89.54,27.2,156.74,95.42,235.29,319.46,229.64,58.05,253.2,109.72,57.71,43.03,40.4,0,0,0,0,0,0
7.66,33.43,117.91,53.55,14.75,102.11,54.89,152.99,206.39,156.78,34.25,154.31,65.18,39.47,29.61,25.58,0,0,0,0,0,0
6.7,29.9,105.6,48.66,13,96.09,49.97,143.86,194.24,146.94,30.58,140.34,58.89,36.85,27.49,23.08,0,0,0,0,0,0
6.49,30.26,109.49,50.49,13.19,102.86,52.07,156.31,207.81,159.92,31.09,144.57,60.57,40.46,29.36,23.26,0,0,0,0,0,0
6.48,30.68,109.8,51.79,13.24,105.09,55.99,160.66,211.91,165.61,32.06,149.28,64.18,41.32,29.79,23.27,0,0,0,0,0,0
5.33,25.93,93.64,44.76,11.11,89.95,50.16,138.81,181.49,143.19,28,128.52,56.66,35.25,25.09,19.54,0,0,0,0,0,0
4.77,22.29,76.32,37.36,9.37,69.82,43.06,107.44,140.28,112.78,24.01,109.08,49.39,27.2,19.76,16.57,0,0,0,0,0,0
5.29,23.52,83.25,37.99,10.18,63.39,43.6,97.72,127.58,98.52,24.17,107.08,50.03,23.57,17.12,16.15,0,0,0,0,0,0
10.46,47.01,193.97,74.74,22.78,114.78,84.32,180.86,237.23,161.42,46.13,194.61,91.98,39.65,25.93,27.21,0,0,0,0,0,0
15.25,69.25,295.26,112.23,34.29,167.3,125.06,265.98,348.33,231.65,68.61,285.52,136.87,57.16,35.88,39.51,0,0,0,0,0,0
18.36,81.16,337.85,133.09,39.57,194,146.07,307.63,402.67,272.87,82.41,339.91,166.39,67.27,42.63,49.05,0,0,0,0,0,0
19.69,84.75,339.19,139.21,40.42,200.68,150.98,315.68,413.76,288,86.99,360.88,178.21,70.89,46.26,54.08,0,0,0,0,0,0
20.11,86.71,340.83,141.45,41.1,206.64,152.8,322.94,423.95,299.33,87.6,371.4,181.34,74.03,49.19,55.84,0,0,0,0,0,0
18.97,85.01,340.05,138.66,40.41,210.77,150.32,330.13,433.45,304.76,85.02,365.57,174.77,76.22,50.09,53.87,0,0,0,0,0,0
17.98,84.86,354.13,138.47,40.61,223.43,152.25,352.64,463.5,317.51,85.57,363.34,169.8,80.54,51.57,52.34,0,0,0,0,0,0
17.9,85.78,350.37,136.53,39.84,231.29,151.35,363.51,479.58,330.94,87.34,368.84,169.65,85.74,55.47,54.74,0,0,0,0,0,0
17.85,87.16,351.64,136.07,39.7,237.92,151.92,373.5,493.24,342.38,89.67,375.73,171.06,90.31,58.41,56.84,0,0,0,0,0,0
17.41,85.67,346.98,133.1,39.23,236.1,149.24,370.83,488.66,341.3,88.88,369.06,167.58,90.51,58.25,55.8,0,0,0,0,0,0
17.07,84.47,345.64,132.06,39.13,235.61,149.56,370.88,488.72,340.65,88.12,365.39,165.84,89.9,57.53,54.4,0,0,0,0,0,0
17.13,84.28,347.57,130.38,39.33,229.71,147.8,361.9,478.32,328.34,87.46,359.03,162.67,86.81,55.26,53.36,0,0,0,0,0,0
14.97,73.46,307.13,114.66,34.73,203.67,129.85,320.86,424.5,290.47,76.27,312.78,141.64,76.3,48.38,45.92,0,0,0,0,0,0
12.6,60.96,247.47,95.26,28.36,170.92,107.09,268.27,354.44,248.86,63.51,263.74,118.64,65.26,42.46,39.65,0,0,0,0,0,0
13.58,62.52,246.48,96.64,29.06,173.86,107.19,269.51,358.03,253.5,63.86,269.01,120.09,65.94,44.55,41.22,0,0,0,0,0,0
15.63,66.11,244.47,99.78,30.59,175.74,108.46,265.47,359.28,256.68,65.17,282.25,124,65.15,47.51,44.61,0,0,0,0,0,0
13.93,58.13,213.05,88.52,26.88,154.51,94.61,231.51,314.88,224.45,57.27,249.54,108.09,56.12,42.18,39.84,0,0,0,0,0,0
7.46,32.39,112.91,51.56,14.23,96.64,53.09,144.68,196.02,148.72,33.12,149.42,63.02,37.26,28.16,24.8,0,0,0,0,0,0
6.76,29.76,103.7,48.04,13.07,93.99,49.08,140.58,189.37,146.32,30.57,138.93,58.63,36.78,27.47,23.08,0,0,0,0,0,0
6.43,29.5,106.32,49.11,12.91,99.91,50.72,150.96,202.06,154.8,30.4,140.25,59.05,38.91,28.42,22.72,0,0,0,0,0,0
6.39,29.97,106.8,50.28,12.91,101.59,54.5,154.55,205.37,159.79,31.39,145.21,62.82,39.67,28.63,22.69,0,0,0,0,0,0
5.24,25.67,93.48,44.47,10.91,89.62,50.09,138.07,181.1,140.43,27.64,127.36,56.07,34.41,24.55,19.22,0,0,0,0,0,0
4.77,22.34,77.63,37.86,9.36,72.11,43.72,110.52,145.61,114.2,24.05,109.68,49.54,27.38,19.93,16.62,0,0,0,0,0,0
5.26,23.59,84.02,38.25,10.16,64,43.98,98.87,128.69,98.48,24.17,107.71,50.1,23.57,17.13,16.13,0,0,0,0,0,0
10.44,47.06,194.31,74.92,22.77,115.28,84.55,181.75,238.49,161.92,46.14,195.13,92.08,39.77,26.01,27.24,0,0,0,0,0,0
15.25,69.28,295.45,112.29,34.3,167.56,125.12,266.32,348.91,231.88,68.64,285.63,136.92,57.21,35.91,39.53,0,0,0,0,0,0
18.35,81.07,337.37,132.88,39.53,193.37,145.86,306.64,401.25,271.94,82.32,339.32,166.17,67.03,42.49,48.97,0,0,0,0,0,0
19.68,84.65,338.42,138.9,40.4,199.73,150.62,314.21,411.84,287.2,86.91,360.23,178.03,70.7,46.11,54.02,0,0,0,0,0,0
20.08,86.55,340.32,141.16,41.01,206.04,152.56,321.86,422.94,297.92,87.42,370.56,181.02,73.61,48.9,55.69,0,0,0,0,0,0
18.94,84.65,338.62,138.08,40.27,209.6,149.78,327.99,431.34,302.57,84.69,363.69,174.06,75.52,49.68,53.63,0,0,0,0,0,0
18.01,84.71,351.92,137.6,40.63,220.12,151.1,347.76,455.84,315.34,85.49,361.72,169.46,80.18,51.28,52.24,0,0,0,0,0,0
18.05,86.39,351.49,137.1,40.21,231.53,151.54,364.47,478.65,334.6,88.04,371.19,170.86,87.05,56.26,55.22,0,0,0,0,0,0
17.93,87.69,353.37,136.75,39.93,239.44,152.4,375.98,496.52,346.24,90.26,378.27,172.27,91.49,59.01,57.25,0,0,0,0,0,0
17.36,85.87,348.58,133.5,39.18,237.32,149.78,372.8,491.97,341.83,88.98,370.58,168.05,90.67,58.18,55.83,0,0,0,0,0,0
17.1,84.74,346.9,132.6,39.23,236.78,150.1,372.94,490.74,342.32,88.37,366.84,166.34,90.4,57.88,54.57,0,0,0,0,0,0
17.2,84.48,348.65,130.61,39.45,230.5,147.93,362.75,479.4,329.22,87.72,359.42,163.1,87.07,55.4,53.45,0,0,0,0,0,0
14.97,73.4,306.81,114.57,34.7,203.66,129.77,320.74,424.88,290.59,76.23,312.57,141.57,76.28,48.36,45.92,0,0,0,0,0,0
12.59,61.07,249.55,95.68,28.34,172.89,107.66,270.65,358.48,248.67,63.59,264.11,118.86,65.09,42.32,39.57,0,0,0,0,0,0
13.53,62.46,246.87,96.69,28.96,174.43,107.37,270.23,359.99,253.2,63.76,269.14,120.05,65.78,44.38,41.15,0,0,0,0,0,0
15.72,67.07,249.41,101.68,30.93,180.98,110.38,273.76,370.37,263.75,66.1,287.58,126.05,67.1,48.64,45.28,0,0,0,0,0,0
14,58.74,215.08,89.57,27.14,156.85,95.56,235.71,320.06,229.74,57.88,253.13,109.43,57.65,43.09,40.39,0,0,0,0,0,0
7.55,33,115.91,52.89,14.5,100.38,54.41,150.59,203.87,154.24,33.75,152.92,64.33,38.73,29.12,25.31,0,0,0,0,0,0
6.72,29.84,104.05,48.21,13.03,94.31,49.33,141.42,190.74,146.95,30.59,139.96,58.85,36.98,27.5,23.14,0,0,0,0,0,0
6.35,29.29,104.61,48.41,12.76,97.39,50.02,147.56,197.52,152.44,30.13,139.5,58.67,38.41,27.94,22.55,0,0,0,0,0,0
6.49,30.32,105.84,50.57,13.21,100.63,54.49,154.4,202.47,163.45,31.8,147.13,63.46,40.95,29.54,23.17,0,0,0,0,0,0
5.35,26.45,95.64,45.61,11.28,91.31,50.99,141.73,183.78,145.87,28.42,131.44,57.63,36.17,25.63,19.85,0,0,0,0,0,0
4.75,22.27,76.49,37.32,9.34,69.35,43.08,106.91,138.44,111.22,23.91,108.77,49.18,26.85,19.58,16.44,0,0,0,0,0,0
5.29,23.68,84.1,38.36,10.23,64.18,44.03,99.24,129.1,99.52,24.29,108.19,50.32,23.87,17.32,16.25,0,0,0,0,0,0
10.5,47.38,196.37,75.72,22.92,117.64,85.4,185.32,242.79,164.31,46.45,196.73,92.67,40.37,26.48,27.45,0,0,0,0,0,0
15.24,69.1,295.06,112.04,34.23,167.08,124.93,265.35,347.54,230.19,68.45,284.51,136.49,56.71,35.64,39.35,0,0,0,0,0,0
18.36,81.13,337.63,133.02,39.56,193.87,145.99,307.37,402.51,272.79,82.39,339.7,166.33,67.23,42.61,49.04,0,0,0,0,0,0
19.78,84.98,339.68,139.54,40.62,201.42,151.14,316.79,414.75,290.37,87.32,361.68,178.71,71.56,46.74,54.34,0,0,0,0,0,0
20.1,86.72,340.96,141.5,41.09,206.81,152.88,323.23,424.52,299.44,87.59,371.59,181.38,74.05,49.18,55.84,0,0,0,0,0,0
18.94,84.73,339.19,138.39,40.3,210.42,150.15,329.4,432.9,303.4,84.74,364.32,174.17,75.72,49.87,53.7,0,0,0,0,0,0
17.93,84.71,353.05,138,40.5,221.89,151.78,350.45,460.87,315.96,85.39,362.74,169.55,80.2,51.23,52.22,0,0,0,0,0,0
17.92,86.05,350.98,136.56,39.93,230.48,151.23,362.63,477.26,330.81,87.58,369.76,170.17,85.96,55.45,54.81,0,0,0,0,0,0
17.96,87.88,354.33,136.93,40.01,239.63,152.53,376.28,496.02,346.18,90.44,378.73,172.58,91.58,59.04,57.28,0,0,0,0,0,0
17.41,85.87,348.31,133.47,39.27,237.23,149.65,372.5,491.08,342.18,89.04,370.11,168,90.76,58.34,55.88,0,0,0,0,0,0
17.06,84.67,346.29,132.43,39.17,236.59,149.93,372.63,491.78,342.97,88.32,367.03,166.41,90.54,57.83,54.62,0,0,0,0,0,0
17,83.42,345.12,128.96,38.9,227.2,146.61,356.89,473.81,321.42,86.58,354.28,160.93,84.69,53.89,52.6,0,0,0,0,0,0
14.91,72.82,304.9,113.74,34.48,201.7,129.08,317.38,420.04,285.82,75.62,309.26,140.19,74.87,47.66,45.43,0,0,0,0,0,0
12.71,61.66,251.04,96.57,28.68,174.62,108.29,273.79,361.64,253.92,64.27,267.04,120.13,66.66,43.31,40.14,0,0,0,0,0,0
13.46,61.84,244.42,95.58,28.71,171.87,106.34,265.78,354.61,248.31,63.14,265.58,118.72,64.35,43.54,40.65,0,0,0,0,0,0
15.59,66.03,244.64,99.67,30.49,176.16,108.42,265.67,361.35,256.45,65.1,282.08,124.02,64.99,47.26,44.54,0,0,0,0,0,0
13.89,58.3,214.2,88.94,26.84,156.22,95.15,234.08,320.2,226.61,57.4,251.24,108.66,56.61,42.32,40,0,0,0,0,0,0
7.42,32.2,113.22,51.46,14.12,96.68,53.18,144.48,195.33,146.13,32.85,148.23,62.45,36.48,27.78,24.51,0,0,0,0,0,0
6.73,29.94,105.63,48.73,13.07,96.03,49.99,143.86,193.35,147.11,30.64,140.28,58.89,36.93,27.63,23.11,0,0,0,0,0,0
6.42,29.72,107.79,49.73,12.96,101.46,51.48,153.67,205.03,156.12,30.53,141.76,59.4,39.26,28.7,22.84,0,0,0,0,0,0
6.51,30.79,109.97,51.85,13.3,105.1,55.98,160.72,211.77,166.27,32.19,149.63,64.41,41.55,29.91,23.35,0,0,0,0,0,0
5.36,25.8,93.7,44.56,11.13,88.94,49.97,137.15,176.55,139.64,27.82,126.6,55.96,34.36,24.79,19.23,0,0,0,0,0,0
4.75,21.99,75.64,36.89,9.27,68.47,42.66,105.12,135.94,108.86,23.66,106.83,48.51,26.14,19.24,16.19,0,0,0,0,0,0
5.16,22.86,80.45,36.74,9.83,60.58,42.34,93.7,122.13,94.36,23.37,103.92,48.63,22.58,16.41,15.65,0,0,0,0,0,0
10.41,46.75,192.72,74.3,22.65,113.92,83.84,179.73,235.77,160.57,45.81,193.5,91.44,39.46,25.8,27.06,0,0,0,0,0,0
15.23,69.06,294.5,111.88,34.21,166.71,124.65,265.06,347.09,230.77,68.38,284.44,136.45,56.95,35.74,39.37,0,0,0,0,0,0
18.33,80.91,336.84,132.62,39.46,193.01,145.56,306.11,400.65,271.39,82.12,338.56,165.85,66.9,42.38,48.85,0,0,0,0,0,0
19.65,84.48,337.94,138.68,40.32,199.54,150.37,313.97,411.54,286.76,86.67,359.46,177.65,70.59,46.03,53.88,0,0,0,0,0,0
20.07,86.48,340.58,141.29,41,207.02,152.63,323.51,425.07,299.18,87.25,370.49,180.84,73.93,49.12,55.63,0,0,0,0,0,0
18.79,83.94,336.94,137.29,39.98,208.62,149.04,326.75,429.16,299.71,83.75,360.55,172.42,74.7,49.21,52.98,0,0,0,0,0,0
17.78,83.71,350.18,136.72,40.23,219.83,150.27,347.71,455.38,312.77,84.19,357.68,167.24,79.37,50.78,51.32,0,0,0,0,0,0
17.64,84.28,345.21,134.18,39.5,226.43,148.3,356.87,468.98,326.94,85.66,361.49,166.54,84.85,54.63,53.38,0,0,0,0,0,0
17.49,85.25,347.54,133.96,39.25,235.86,149.16,370.56,489.26,339.73,87.52,367.02,167.17,89.39,57.56,55.07,0,0,0,0,0,0
16.79,82.67,338.66,129.17,38.2,229.19,144.96,360.75,475.31,330.01,85.42,355.52,161.3,87.22,55.86,53.08,0,0,0,0,0,0
16.51,81.27,336.77,127.78,38.1,228.34,144.91,359.33,473.74,327.48,84.59,349.79,159.1,85.96,54.91,51.54,0,0,0,0,0,0
16.6,81.24,339.99,126.47,38.35,223.57,143.58,351.89,465.27,315.59,84.07,344.04,156.21,82.96,52.71,50.54,0,0,0,0,0,0
14.48,70.54,298.69,110.87,33.73,197.03,126,310.41,410.58,277.4,73.02,298.72,135.35,72.36,45.99,43.41,0,0,0,0,0,0
12.23,58.95,242.9,92.8,27.66,167.47,104.55,262.62,346.68,239.95,61.18,253.81,114.24,62.59,40.78,37.75,0,0,0,0,0,0
13.22,60.6,241.07,93.79,28.32,168.71,104.25,261.35,347.19,243.36,61.62,259.35,115.96,63.11,42.61,39.41,0,0,0,0,0,0
15.47,64.87,239.99,97.36,30.13,170.98,105.75,257.93,348.22,249.2,63.68,274.84,121.24,63.33,46.21,43.4,0,0,0,0,0,0
13.79,57.21,209.05,86.68,26.49,151.52,92.54,227.21,308.55,221.21,56.08,244.62,106.15,55.51,41.63,39.11,0,0,0,0,0,0
7.39,31.65,110.85,50.36,13.94,95.76,51.72,143.06,193.01,146.02,32.19,144.84,61.32,36.68,27.82,24.16,0,0,0,0,0,0
6.46,29.19,103.4,47.73,12.83,94.64,48.49,142.19,190.85,146.69,29.15,137.32,57.34,37.07,27.42,22.37,0,0,0,0,0,0
6.02,28.2,101.66,46.76,12.34,93.74,47.95,142.14,188.78,146.24,28.18,133.99,56.15,37.03,26.85,21.29,0,0,0,0,0,0
6.15,29.67,106.81,50.4,12.89,102.23,54.12,156.61,205.99,162.03,30.21,144.81,62,40.58,29.07,22.23,0,0,0,0,0,0
4.89,24.37,88.37,42.39,10.52,83.92,47.42,129.97,168.41,134.06,25.49,121.14,53.14,33.01,23.48,17.95,0,0,0,0,0,0
4.36,20.88,72.48,35.41,8.85,66.68,40.78,102.41,134.22,107.3,21.77,102.74,46.24,25.79,18.64,15.19,0,0,0,0,0,0
4.69,21.46,76.71,34.54,9.3,59.36,40.1,91.71,119.94,91.9,21.36,97.82,44.7,22.02,15.98,14.31,0,0,0,0,0,0
9.27,41.78,174.88,64.61,20.4,102.68,74.72,161.75,213.33,141.18,40.39,168.68,78.02,34.69,22.82,23.01,0,0,0,0,0,0
12.62,57.41,251.43,88.9,28.95,138.48,102.89,220.04,290.94,184.35,55.79,226.08,105.26,45.53,28.53,29.95,0,0,0,0,0,0
13.76,61.74,267.8,95.68,31.02,147.78,110.19,234.46,309.98,197.48,60.38,243.89,114.34,48.82,30.81,32.88,0,0,0,0,0,0
14.31,62.41,258.97,96.29,30.63,147.88,109.67,232.19,308.12,202.6,61.39,250.89,118.32,50.06,32.77,35.36,0,0,0,0,0,0
15.92,67.44,268.26,103.25,32.4,156.91,116.5,243.84,324.94,218.85,66.91,274.28,130.34,54.07,36.55,40.34,0,0,0,0,0,0
16.9,72.49,288.46,112.67,34.48,172.05,126.2,268.02,356.3,241.63,73.42,299.37,142.9,59.97,40.23,44.67,0,0,0,0,0,0
17.95,80.52,330.3,128.02,38.36,199.89,142.73,315.43,416.18,282.57,83.38,337.24,160.59,71.2,46.01,50,0,0,0,0,0,0
19.27,88.25,353.71,140,40.8,228.7,154.73,360.18,474.21,331.07,92.36,377.9,178.15,85.37,55.47,57.78,0,0,0,0,0,0
19.83,93.68,374.81,148.53,42.73,255.87,163.44,402.41,529.65,374.56,98.56,406.76,189.15,98.32,63.59,62.88,0,0,0,0,0,0
18.72,91.03,369.99,144.76,41.78,257.75,160,405.65,534.79,376.84,95.46,397.45,182.3,99.4,63.7,60.48,0,0,0,0,0,0
17.7,87.51,362.65,140.17,40.85,254.87,156.82,401.59,528.23,369.69,91.45,382.61,173.81,97.15,62.16,56.82,0,0,0,0,0,0
17.22,85.51,359.03,135.22,40.31,244.05,151.82,384.99,506.74,348.64,88.27,367.42,165.68,91.96,58.44,53.92,0,0,0,0,0,0
14.91,74.14,315.18,118,35.38,214.87,132.49,339.03,447.31,306.93,76.41,318.47,143.23,80.55,50.93,46.12,0,0,0,0,0,0
12.62,62.27,258.15,99.47,29.21,185.3,110.58,290.92,384.77,270.18,64.36,272.62,121.63,70.87,45.72,40.37,0,0,0,0,0,0
13.59,63.78,256.76,100.73,29.81,188.04,110.73,291.88,387.82,273.8,64.57,277.66,122.81,71.27,47.74,41.93,0,0,0,0,0,0
15.83,68.27,256.32,104.83,31.75,191.02,112.76,290.27,389.89,281.57,66.76,294.75,128.44,72.11,51.79,46.11,0,0,0,0,0,0
14.01,59.56,220.61,91.8,27.66,165.18,97.2,249.08,336.62,243.5,58.05,258.15,111.11,61.6,45.42,40.84,0,0,0,0,0,0
7.32,32.41,114.15,52.07,14.37,99.09,53.06,149.42,200.17,154.22,32.39,150.3,62.91,39.11,29.13,24.6,0,0,0,0,0,0
6.37,28.52,100.34,46.3,12.55,92.6,47.14,139.1,186.26,143.87,28.56,133.64,55.46,36.4,27.12,21.92,0,0,0,0,0,0
5.99,27.95,102.46,46.83,12.23,97.56,48.32,147.29,196.77,148.76,28.07,132.82,55.17,37.47,27.43,21.21,0,0,0,0,0,0
6,28.73,103,48.61,12.45,99.85,52.56,152.94,200.98,157.76,29.34,140,59.47,39.45,28.53,21.58,0,0,0,0,0,0
4.71,23.44,83.66,40.21,10.04,80.62,45.34,124.95,163.16,130.82,24.72,116.77,50.93,32.26,22.89,17.43,0,0,0,0,0,0
4.22,20.05,68.67,33.48,8.45,64.04,38.97,98.51,128.65,103.8,21.05,98.27,43.87,25.03,18.23,14.61,0,0,0,0,0,0
4.46,20.23,72.33,31.92,8.69,56.12,37.72,86.52,112.48,85.38,20.19,91.01,41.2,20.46,15.08,13.28,0,0,0,0,0,0
8.84,39.7,166.92,60.43,19.42,97.56,70.84,153.56,203.34,132.66,38.27,158.17,72.47,32.56,21.52,21.4,0,0,0,0,0,0
11.88,54.09,239,82.37,27.47,129.91,96.67,206.42,273.71,170.47,52.17,209.38,96.45,42.09,26.36,27.26,0,0,0,0,0,0
12.58,56.9,250.39,86.29,28.9,136.06,101.09,215.85,286.69,178.93,54.8,220.04,101.4,44.31,27.8,28.78,0,0,0,0,0,0
12.53,55.22,233.47,82.64,27.56,130.56,96.43,204.76,273.1,174.66,52.94,215.59,99.12,43.21,28.3,29.21,0,0,0,0,0,0
13.38,57.67,234.56,85.09,28.24,134.66,98.83,208.83,280.18,182.69,55.05,227.18,104.09,45.27,30.71,31.81,0,0,0,0,0,0
13.56,60.02,245.74,89.61,29.19,144.16,103.68,224.38,300.61,197.05,58.06,239.92,109.35,49.22,32.97,33.72,0,0,0,0,0,0
14.08,66.18,282.45,101.61,32.3,169.12,116.88,266.72,354.17,231.53,65.56,268.37,121.78,58.88,37.67,37.21,0,0,0,0,0,0
15.23,73.33,304.76,112.81,34.47,196.85,128.22,309.38,410.12,276.21,73.73,306.3,137.98,71.92,46.38,44.36,0,0,0,0,0,0
16.6,82.02,338.02,127.4,37.78,233,142.85,365.66,483.06,333.24,83.86,350.79,157.37,88.31,56.78,52.21,0,0,0,0,0,0
16.68,83.29,343.53,130.57,38.54,240.65,146.21,379.13,499.4,348.94,85.95,360.29,161.22,92.68,59.38,53.7,0,0,0,0,0,0
16.72,83.24,346.27,131.75,39.05,242.61,148.58,382.49,502.83,351.52,86.59,361.16,162.48,92.75,59.33,53.26,0,0,0,0,0,0
17,84.34,353,132.39,39.84,241.04,148.84,380.38,502.18,347.95,87.25,361.74,162.6,92.04,58.35,53.28,0,0,0,0,0,0
14.79,73.24,310.62,115.97,35.01,211.52,130.5,333.94,440.5,303.36,75.66,313.72,140.91,79.72,50.47,45.58,0,0,0,0,0,0
12.57,62.11,257.46,99.02,29.11,185.25,110.21,291.23,384.35,270.34,64.24,271.89,120.92,71.06,45.89,40.27,0,0,0,0,0,0
13.59,63.88,256.51,100.74,29.85,189.24,110.69,294.11,391.41,277.79,64.79,278.78,122.96,72.44,48.42,42.21,0,0,0,0,0,0
15.8,68.3,256.43,104.34,31.68,191.14,112.18,290.22,390.8,282.32,66.89,294.57,128.41,72.5,51.77,46.08,0,0,0,0,0,0
13.84,58.64,217.15,89.9,27.18,161.72,95.5,243.5,329.25,236.77,57.13,253.08,108.77,59.84,44.32,40.05,0,0,0,0,0,0
7.17,31.37,111.63,50.37,13.87,97.25,51.71,145.64,195.27,146.87,31.36,144.17,60.14,36.98,28.03,23.64,0,0,0,0,0,0
6.5,28.79,100.26,46.21,12.43,90.59,47.3,135.95,183.14,140.26,29.23,134.49,56.56,35.43,26.35,22.22,0,0,0,0,0,0
6.23,28.49,101.94,47.09,12.35,95.23,48.64,144.55,191.95,147.78,29.07,135.05,56.73,37.37,27.36,21.88,0,0,0,0,0,0
6.27,29.29,103.83,49.12,12.56,99.33,53.2,151.97,200.26,157.01,30.47,141.97,61.22,39.21,28.37,22.24,0,0,0,0,0,0
5.08,24.41,87.08,41.75,10.36,83.27,47.06,128.45,168.4,133.07,26.3,120.46,53.5,32.69,23.31,18.38,0,0,0,0,0,0
4.66,21.48,73.51,36.03,8.98,67.66,41.66,104.04,135.84,108.48,23.06,104.79,47.63,26.11,19.08,15.97,0,0,0,0,0,0
5.22,23.4,83.02,37.85,10.03,63.65,43.43,98.61,128.9,99.07,23.91,107.11,49.83,23.85,17.17,16.09,0,0,0,0,0,0
10.45,47,193.65,74.77,22.77,115.13,84.27,181.73,238.43,162.95,46.08,194.94,92,40.12,26.21,27.3,0,0,0,0,0,0
15.23,68.93,293.75,111.58,34.17,165.97,124.33,263.81,345.62,229.94,68.27,283.65,136.19,56.72,35.59,39.29,0,0,0,0,0,0
18.33,80.83,336.33,132.43,39.44,192.5,145.35,305.26,399.59,270.84,82.05,338.02,165.68,66.74,42.29,48.8,0,0,0,0,0,0
19.66,84.42,337.67,138.55,40.32,199.26,150.21,313.4,410.77,286.3,86.63,358.95,177.52,70.45,45.97,53.83,0,0,0,0,0,0
20.07,86.49,340.55,141.18,41,206.57,152.49,322.8,423.82,298.51,87.26,370.26,180.82,73.8,49.01,55.58,0,0,0,0,0,0
18.86,84.22,337.92,137.65,40.13,209.4,149.26,327.91,430.27,301.48,84.08,361.55,173,75.25,49.54,53.18,0,0,0,0,0,0
17.67,83.07,348.35,135.56,39.88,217.61,149.25,343.41,451.49,307.1,83.53,354.09,165.98,77.69,49.62,50.71,0,0,0,0,0,0
17.54,83.94,344.93,133.59,39.24,225.24,147.93,354.63,466.42,322.24,85.2,359.51,165.74,83.53,53.72,52.9,0,0,0,0,0,0
17.46,85.13,347.71,133.7,39.17,234.56,149.01,368.69,484.47,335.65,87.27,365.63,166.55,88.41,57.06,54.71,0,0,0,0,0,0
16.85,83.04,340.67,129.99,38.37,231.76,145.76,364.57,480.81,333.52,85.83,357.51,162.14,88.11,56.43,53.39,0,0,0,0,0,0
16.51,81.26,335.98,127.55,38.1,227.31,144.59,357.99,471.83,327.39,84.59,349.77,159.12,86.03,54.88,51.57,0,0,0,0,0,0
16.62,81.37,339.23,126.28,38.43,222.16,143.19,350.24,462.27,316.19,84.23,344.61,156.52,83.33,52.83,50.69,0,0,0,0,0,0
14.58,71.04,299.36,111.36,34.01,197.23,126.19,311.4,410.47,281.03,73.58,301.08,136.41,73.59,46.7,43.87,0,0,0,0,0,0
12.21,58.57,240.79,92.06,27.55,165.99,103.75,259.92,344.6,238.75,60.91,251.94,113.65,62.16,40.47,37.61,0,0,0,0,0,0
13.1,60,239.04,93.08,28,167.76,103.79,259.55,346.9,240.69,60.98,257.15,114.85,62.12,42.01,39.05,0,0,0,0,0,0
15.44,65.28,242.8,98.61,30.19,174.98,107.23,264.28,358.03,253.79,64.01,278.27,122.24,64.42,46.85,43.76,0,0,0,0,0,0
13.8,57.47,210.27,87.07,26.54,153.03,92.89,229.32,313.16,223.89,56.39,246.35,106.97,56.21,41.85,39.34,0,0,0,0,0,0
7.28,31.41,108.9,49.59,13.73,93.2,50.97,139.63,189.34,144.03,31.89,144.38,61.01,36.27,27.29,24.01,0,0,0,0,0,0
6.6,29.05,101.62,46.68,12.62,92.11,47.64,137.88,185.56,142.31,29.59,135.2,57.1,35.97,26.74,22.41,0,0,0,0,0,0
6.27,28.42,101.81,46.91,12.38,95.38,48.36,144.09,192.38,147.8,29.11,134.17,56.7,37.29,27.29,21.86,0,0,0,0,0,0
6.23,28.99,103.39,48.75,12.42,98.97,52.95,150.86,199.3,154.39,30.15,140.1,60.52,38.37,27.91,21.94,0,0,0,0,0,0
5.11,24.46,87.12,41.92,10.42,83.72,47.2,129.22,169.33,134.2,26.38,120.82,53.61,32.97,23.55,18.49,0,0,0,0,0,0
4.67,21.39,72.87,35.79,8.98,67.02,41.35,102.91,134.32,107.94,23.02,104.04,47.45,25.97,19.01,15.93,0,0,0,0,0,0
5.13,22.6,79.71,36.37,9.72,59.9,42.03,92.36,120.61,92.35,23.11,102.43,48.05,21.95,16.07,15.43,0,0,0,0,0,0
10.41,46.65,192.36,74.1,22.62,113.55,83.63,178.97,235.04,159.83,45.73,192.85,91.26,39.23,25.65,26.98,0,0,0,0,0,0
15.26,69.16,295.46,112.17,34.26,167.83,124.96,266.52,349.23,231.53,68.5,284.82,136.65,57.11,35.87,39.42,0,0,0,0,0,0
18.33,80.85,336.47,132.48,39.45,192.59,145.4,305.42,399.63,270.84,82.06,338.1,165.69,66.75,42.31,48.8,0,0,0,0,0,0
19.67,84.49,338.09,138.71,40.34,199.65,150.39,314.07,411.46,286.63,86.68,359.31,177.62,70.55,46.04,53.86,0,0,0,0,0,0
20.09,86.48,340.71,141.13,41.02,206.57,152.41,322.56,423.52,298.13,87.28,369.89,180.8,73.69,48.94,55.54,0,0,0,0,0,0
18.8,83.9,336.67,136.9,39.96,207.25,148.56,324.48,425.4,297.49,83.71,359.51,172.24,74.22,48.85,52.81,0,0,0,0,0,0
17.76,83.56,350.06,136.46,40.15,219.54,150.04,346.83,454.79,311.13,84.04,356.62,166.94,78.87,50.44,51.13,0,0,0,0,0,0
17.68,84.67,347.79,135.22,39.62,229.64,149.46,361.8,475.74,330.3,86.01,363.88,167.33,85.67,55.19,53.66,0,0,0,0,0,0
17.53,85.66,349.75,134.92,39.41,238.37,150.18,374.71,494.17,342.87,87.88,369.41,167.95,90.24,58.16,55.36,0,0,0,0,0,0
16.76,82.68,338.7,129.22,38.16,228.94,145.09,360.77,474.68,329.51,85.35,355.85,161.24,87.13,55.81,53.05,0,0,0,0,0,0
16.44,81.28,336.7,127.58,37.99,227.35,144.77,358.17,472.17,326.08,84.5,350.13,159.14,85.72,54.56,51.44,0,0,0,0,0,0
16.47,80.55,336.79,124.74,37.98,218.47,141.89,343.91,454.31,307.44,83.29,339.85,154.67,80.9,51.25,49.81,0,0,0,0,0,0
14.45,70.58,298.01,110.6,33.7,195.62,125.64,308.68,407.98,276.94,73.03,299.02,135.47,72.4,45.86,43.43,0,0,0,0,0,0
12.27,59.27,243.02,93.09,27.81,167.92,104.64,263.71,349.04,243.86,61.59,256.03,115.2,63.76,41.31,38.17,0,0,0,0,0,0
13.22,60.6,240.8,93.77,28.31,168.7,104.2,261.39,347.79,244.06,61.64,259.62,116.06,63.29,42.67,39.47,0,0,0,0,0,0
15.45,65.09,241.19,97.97,30.15,173.17,106.45,261.34,354.57,252.6,63.9,276.98,121.94,64.14,46.6,43.67,0,0,0,0,0,0
13.92,57.89,212.05,87.98,26.82,155.32,93.7,232.96,316.77,227.64,56.86,248.21,107.73,57.23,42.68,39.72,0,0,0,0,0,0
7.35,31.46,109.27,49.88,13.86,93.96,51.21,140.69,189.54,144.74,31.98,144.14,60.95,36.41,27.62,24.07,0,0,0,0,0,0
6.58,28.94,100.69,46.61,12.6,91.77,47.61,137.7,185.1,142.64,29.46,135.08,56.85,36.02,26.87,22.44,0,0,0,0,0,0
6.25,28.17,99.64,46.32,12.31,93.52,47.7,141.47,189.13,147.1,28.9,133.15,56.26,37.12,27.18,21.82,0,0,0,0,0,0
6.28,29.03,102.45,48.49,12.52,97.59,52.49,149.01,195.82,154.51,30.26,139.87,60.59,38.55,28.03,22.02,0,0,0,0,0,0
5.07,24.13,86.43,41.53,10.28,82.97,46.96,127.78,167.08,131.15,26,118.89,52.76,32.05,23.1,18.16,0,0,0,0,0,0
4.64,21.26,71.75,35.4,8.92,65.54,40.94,100.94,131.34,106.7,22.86,103.47,47.17,25.71,18.81,15.84,0,0,0,0,0,0
5.18,23.03,81.36,37.11,9.9,61.69,42.71,95.4,124.49,95.8,23.54,104.83,48.98,22.95,16.65,15.77,0,0,0,0,0,0
10.42,46.78,193.24,74.49,22.67,114.83,84.06,180.9,237.94,161.32,45.86,193.75,91.56,39.58,25.89,27.11,0,0,0,0,0,0
15.23,69.06,294.88,111.99,34.19,167.42,124.81,265.93,348.98,231.22,68.39,284.58,136.51,57,35.76,39.38,0,0,0,0,0,0
18.33,80.89,336.73,132.61,39.47,192.97,145.55,306.03,400.38,271.25,82.1,338.34,165.76,66.84,42.39,48.83,0,0,0,0,0,0
19.67,84.52,338.2,138.78,40.36,199.85,150.46,314.39,411.93,287.02,86.71,359.52,177.7,70.65,46.11,53.9,0,0,0,0,0,0
20.06,86.39,340.26,140.96,40.96,206.12,152.28,321.91,422.73,297.43,87.16,369.52,180.6,73.5,48.82,55.47,0,0,0,0,0,0
18.89,84.21,337.06,137.56,40.2,208.82,149.06,327.26,428.93,302.32,84.12,361.51,172.99,75.51,49.77,53.29,0,0,0,0,0,0
17.71,83.54,349.14,136.17,40.1,218.04,149.72,345.1,452.09,310.51,83.97,356.87,166.93,78.85,50.3,51.13,0,0,0,0,0,0
17.49,83.85,344.48,133.6,39.15,225.27,148.05,354.98,467.29,322.46,85.06,359.81,165.59,83.55,53.73,52.9,0,0,0,0,0,0
17.4,85.12,347.5,133.74,39.08,235.09,149.13,369.6,487.72,337.16,87.24,366.6,166.79,88.74,57.09,54.81,0,0,0,0,0,0
16.81,82.85,339.43,129.73,38.29,230.81,145.55,363.45,479.12,332.82,85.61,357.01,161.74,87.91,56.36,53.33,0,0,0,0,0,0
16.51,81.55,337.08,128.22,38.18,228.86,145.32,360.94,475.63,330.39,84.83,352.07,159.77,86.86,55.39,51.86,0,0,0,0,0,0
16.58,81.11,338.53,125.71,38.28,221.11,142.65,348.09,460.53,313.64,83.98,343.01,156.07,82.59,52.26,50.42,0,0,0,0,0,0
14.49,71.15,300.77,111.59,33.88,198.58,126.6,313.23,415.15,281.49,73.61,302.32,136.85,73.65,46.45,43.85,0,0,0,0,0,0
12.29,59.35,243.83,93.41,27.86,168.82,105.01,265.06,350.13,244.17,61.65,256.24,115.23,63.8,41.46,38.18,0,0,0,0,0,0
13.19,60.46,239.38,93.57,28.27,167.9,104.01,260.62,346.9,244.59,61.5,259.6,115.84,63.42,42.79,39.53,0,0,0,0,0,0
15.38,64.59,238.58,97.06,29.96,170.26,105.6,257.15,347.97,248.49,63.34,274.38,120.74,63.05,46.03,43.3,0,0,0,0,0,0
13.79,57.34,210.03,86.95,26.5,152.74,92.83,228.8,311.94,222.53,56.23,245.47,106.57,55.81,41.7,39.2,0,0,0,0,0,0
7.31,31.4,109.33,49.63,13.76,93.26,51.02,139.52,188.11,142.83,31.86,143.66,60.79,35.94,27.22,23.9,0,0,0,0,0,0
6.49,28.4,98.53,45.54,12.32,88.95,46.63,133.13,179.28,137.5,28.87,132.12,55.68,34.62,25.95,21.94,0,0,0,0,0,0
6.23,28.52,101.77,46.79,12.35,94.18,48.23,142.82,189.6,146.72,29.12,134.69,56.82,37.2,27.12,21.82,0,0,0,0,0,0
6.31,29.65,105.44,49.54,12.68,100.37,53.53,153.53,202.43,158.71,30.84,143.54,62.03,39.77,28.58,22.43,0,0,0,0,0,0
5.24,25.2,89.89,43.07,10.78,85.93,48.16,133.15,172.47,138.72,27.13,124.18,55.02,34.41,24.48,19,0,0,0,0,0,0
4.64,21.41,72.57,35.55,8.93,65.95,41.09,101.53,132.41,107.03,22.99,104.2,47.52,25.85,18.78,15.88,0,0,0,0,0,0
5.16,22.84,80.32,36.65,9.81,60.36,42.23,93.31,121.75,94.07,23.35,103.73,48.59,22.5,16.34,15.62,0,0,0,0,0,0
10.4,46.77,193.01,74.38,22.63,114.22,83.96,180.19,236.67,160.7,45.82,193.79,91.52,39.48,25.78,27.07,0,0,0,0,0,0
15.19,68.81,293.51,111.41,34.08,165.64,124.23,263.24,345.18,228.83,68.12,283.16,135.95,56.39,35.36,39.17,0,0,0,0,0,0
18.32,80.83,336.79,132.57,39.42,193.18,145.56,306.16,401.1,270.96,82.04,338.11,165.67,66.71,42.29,48.78,0,0,0,0,0,0
19.66,84.52,338.38,138.79,40.34,199.89,150.5,314.45,411.97,286.68,86.69,359.52,177.68,70.56,46.04,53.86,0,0,0,0,0,0
20.06,86.42,340.28,141.16,40.98,206.45,152.52,322.75,423.36,298.17,87.17,370.02,180.61,73.69,49.02,55.54,0,0,0,0,0,0
18.76,83.78,335.66,136.74,39.89,206.93,148.42,324.17,426.06,298.2,83.6,359.62,172.15,74.36,48.88,52.86,0,0,0,0,0,0
17.78,83.59,349.22,136.36,40.21,219.02,149.81,346.25,454.21,312.53,84.14,356.94,167.12,79.29,50.67,51.3,0,0,0,0,0,0
17.55,83.95,344.66,133.9,39.29,226.11,148.28,356.28,468.58,324.33,85.22,360.19,165.76,84.01,54.17,53.07,0,0,0,0,0,0
17.42,84.72,344.78,132.74,39.03,232.05,147.94,364.75,480.6,334.17,86.94,363.75,165.91,87.98,56.69,54.57,0,0,0,0,0,0
16.82,82.82,339.19,129.43,38.28,230,145.17,361.97,477.37,331.8,85.62,356.41,161.72,87.69,56.12,53.25,0,0,0,0,0,0
16.46,81,335.18,127.22,37.96,226.74,144.38,356.99,471.01,325.74,84.3,348.67,158.58,85.49,54.57,51.38,0,0,0,0,0,0
16.69,81.7,342.77,127.61,38.57,226.92,144.74,356.95,471.48,319.31,84.53,346.29,157.07,83.9,53.44,50.87,0,0,0,0,0,0
14.64,71.43,302.64,112.29,34.15,200.7,127.17,315.94,417.3,283.32,73.99,302.57,137.22,74.08,47.01,44.02,0,0,0,0,0,0
12.3,59.34,244.05,93.35,27.86,168.7,104.95,264.7,349.38,243.35,61.64,255.84,115.16,63.6,41.34,38.11,0,0,0,0,0,0
13.17,60.45,240.95,93.66,28.19,168.72,104.26,261.23,347.68,242.2,61.41,258.84,115.65,62.71,42.35,39.26,0,0,0,0,0,0
15.48,65.26,242.04,98.31,30.24,173.94,106.77,262.61,355.53,253.56,64.06,277.68,122.22,64.43,46.84,43.78,0,0,0,0,0,0
13.86,57.76,211.25,87.68,26.71,154.39,93.45,231.73,315.52,226.65,56.69,247.92,107.5,56.99,42.44,39.62,0,0,0,0,0,0
7.5,32.5,115.79,52.13,14.28,100.49,53.52,150.41,201.41,151.01,32.99,148.9,62.91,38.07,28.78,24.64,0,0,0,0,0,0
6.63,28.96,101.74,47.03,12.66,93.82,48.07,140.2,189.18,144,29.55,135.03,56.91,36.18,27.12,22.5,0,0,0,0,0,0
6.25,28.44,102.21,47.1,12.35,96.18,48.63,145.28,194.55,148.44,29.11,134.61,56.77,37.39,27.35,21.89,0,0,0,0,0,0
6.38,29.68,105.3,49.89,12.82,101.55,53.82,155.28,204.53,161.18,30.97,143.71,62.06,40.31,29.16,22.64,0,0,0,0,0,0
5.25,25.17,89.07,42.95,10.82,85.18,47.96,132.32,170.76,139.01,27.13,124.12,54.95,34.55,24.61,19.06,0,0,0,0,0,0
4.74,21.72,74.78,36.46,9.15,68.52,42.01,105.32,135.86,109.14,23.31,105.21,47.91,26.35,19.38,16.06,0,0,0,0,0,0
5.2,23.02,81.21,36.99,9.92,61.22,42.53,94.6,122.99,95.2,23.55,104.39,48.92,22.82,16.59,15.74,0,0,0,0,0,0
10.4,46.7,193.1,74.27,22.61,114,83.87,179.64,235.48,159.31,45.73,192.98,91.26,39.09,25.6,26.93,0,0,0,0,0,0
15.2,68.93,294.12,111.61,34.13,166.09,124.42,263.97,345.8,229.3,68.23,283.66,136.16,56.55,35.47,39.22,0,0,0,0,0,0
18.31,80.76,336.24,132.33,39.4,192.25,145.29,304.85,398.95,269.97,81.96,337.66,165.51,66.5,42.14,48.71,0,0,0,0,0,0
19.67,84.59,338.56,138.9,40.37,200.2,150.59,314.96,412.88,287.55,86.78,360.02,177.88,70.8,46.16,53.95,0,0,0,0,0,0
20.05,86.33,339.71,140.9,40.95,205.75,152.22,321.57,422,297.42,87.1,369.41,180.46,73.5,48.86,55.48,0,0,0,0,0,0
18.84,84.25,337.29,137.58,40.13,208.96,149.13,327.58,430.31,302.57,84.12,362.22,173.2,75.6,49.65,53.3,0,0,0,0,0,0
17.76,83.82,351.1,136.98,40.21,221.28,150.56,349.56,459.91,314.51,84.33,358.65,167.71,79.73,50.84,51.43,0,0,0,0,0,0
17.74,85.04,350.17,136.18,39.79,232.68,150.45,366.29,481.87,333.68,86.39,365.83,168.1,86.49,55.79,53.95,0,0,0,0,0,0
17.49,85.52,349.68,134.68,39.3,237.66,150.04,373.56,492.12,340.4,87.67,368.49,167.53,89.59,57.77,55.12,0,0,0,0,0,0
16.8,82.94,340.52,129.79,38.26,231.33,145.63,363.85,480.41,332.27,85.69,357.19,161.98,87.77,56.12,53.26,0,0,0,0,0,0
16.53,81.77,338.94,128.54,38.23,230,145.64,362.26,477.47,330.32,85.04,352.61,160.19,86.87,55.31,51.84,0,0,0,0,0,0
16.66,81.69,341.74,127.27,38.55,225.26,144.32,354.92,468.28,318.73,84.5,346.42,157.08,83.91,53.33,50.88,0,0,0,0,0,0
14.53,70.88,298.83,110.98,33.89,196.29,125.86,309.84,408.78,279.11,73.39,300.21,136.09,73.08,46.3,43.68,0,0,0,0,0,0
12.2,58.89,242.55,92.51,27.58,167,104.24,261.67,346.95,239.71,61.16,253.73,114.34,62.52,40.53,37.72,0,0,0,0,0,0
13.2,60.11,237.29,92.46,28.2,164.54,102.72,255.07,338.61,240.06,61.21,256.46,114.99,62.32,42.08,39.15,0,0,0,0,0,0
15.61,65.47,242.74,98.79,30.49,175.04,107.09,264.24,356.18,255.64,64.37,278.04,122.49,64.99,47.44,44,0,0,0,0,0,0
13.86,57.35,210.19,86.97,26.59,152.95,92.75,228.75,311.34,222.52,56.31,244.8,106.51,55.78,41.81,39.2,0,0,0,0,0,0
7.31,31.22,108.89,49.56,13.73,93.65,51,139.78,189.08,142.81,31.73,142.83,60.46,35.78,27.23,23.85,0,0,0,0,0,0
6.35,28.51,100.75,46.7,12.53,91.97,47.67,138.05,185.06,141.31,28.37,133.92,55.75,35.52,26.59,21.82,0,0,0,0,0,0
6.11,28.62,104.14,47.78,12.56,96.78,48.97,146.67,194.31,149.73,28.63,135.93,56.93,37.91,27.55,21.6,0,0,0,0,0,0
6.24,30.01,108.58,51.05,13.1,103.71,54.69,158.89,207.44,163.64,30.56,145.89,62.52,41.07,29.51,22.41,0,0,0,0,0,0
5.03,25.04,91.68,43.99,10.89,88.15,49,136.75,175.95,140,26.18,124.59,54.38,34.59,24.72,18.51,0,0,0,0,0,0
4.36,20.79,72.38,35.33,8.85,65.87,40.76,101.4,130.5,104.8,21.6,101.66,45.68,25.18,18.48,14.97,0,0,0,0,0,0
4.67,21.34,76.13,34.19,9.23,58.11,39.76,89.89,116.88,89.92,21.21,96.98,44.37,21.56,15.67,14.14,0,0,0,0,0,0
9.27,41.7,174.42,64.41,20.37,102.44,74.49,161.14,213.47,141.17,40.35,168.3,77.98,34.64,22.73,22.99,0,0,0,0,0,0
12.63,57.5,251.83,89.07,28.99,139.13,103.04,220.96,292.68,185.55,55.91,226.66,105.54,45.83,28.68,30.06,0,0,0,0,0,0
13.77,61.75,267.72,95.56,31.03,147.4,110.02,233.79,309.12,197.16,60.41,243.72,114.38,48.77,30.73,32.86,0,0,0,0,0,0
14.28,62.16,257.96,95.81,30.53,146.65,109.21,230.15,305.53,200.44,61.14,249.48,117.8,49.46,32.39,35.15,0,0,0,0,0,0
15.92,67.43,268.33,103.3,32.39,157.13,116.57,244.16,325.44,218.95,66.9,274.29,130.32,54.07,36.57,40.34,0,0,0,0,0,0
16.95,72.8,289.5,113.2,34.63,173.38,126.65,270.21,359.28,244.57,73.77,301.1,143.62,60.8,40.72,44.96,0,0,0,0,0,0
17.98,80.79,332.31,128.63,38.44,201.91,143.4,318.3,420.15,284.01,83.62,338.46,161.11,71.55,46.23,50.11,0,0,0,0,0,0
19.22,87.88,353.59,139.49,40.6,228.22,154.37,358.52,472.73,326.92,91.96,375.33,177.28,84.09,54.7,57.31,0,0,0,0,0,0
19.82,93.57,375.32,148.48,42.66,255.92,163.51,402.2,528.71,372.27,98.39,405.73,188.73,97.66,63.27,62.64,0,0,0,0,0,0
18.69,90.85,369.67,144.83,41.72,257.41,160.26,405.65,532.43,374.8,95.15,396.62,181.55,98.83,63.66,60.28,0,0,0,0,0,0
17.53,86.63,357.77,138.03,40.41,248.36,154.7,391.81,515.04,361.1,90.49,377.89,171.94,94.99,60.62,56.06,0,0,0,0,0,0
17.19,85.37,357.52,134.68,40.25,242.68,151.15,382.81,505.35,348.62,88.21,366.95,165.65,91.98,58.26,53.93,0,0,0,0,0,0
14.94,74.21,315.73,118.08,35.41,215.65,132.52,339.72,449.37,307.78,76.54,318.58,143.49,80.71,50.96,46.18,0,0,0,0,0,0
12.62,62.38,260.1,100.16,29.23,187.98,111.46,294.64,390.22,271.4,64.43,273.39,121.81,71.01,45.93,40.41,0,0,0,0,0,0
13.65,64.44,259.36,101.8,30.05,190.5,111.7,296.12,393.23,278.59,65.22,281.36,124.27,72.71,48.5,42.43,0,0,0,0,0,0
15.85,68.59,258.51,105.24,31.82,192.57,113.14,292.14,393.27,282.58,67.09,295.97,129.21,72.41,51.78,46.2,0,0,0,0,0,0
13.99,59.47,219.38,91.42,27.63,163.76,96.73,247.16,334.23,243.11,57.98,257.9,111.03,61.57,45.31,40.84,0,0,0,0,0,0
7.33,32.3,114.06,51.86,14.35,100.72,52.86,151.66,203.44,156.46,32.44,149.52,62.35,39.71,29.63,24.62,0,0,0,0,0,0
6.35,28.68,100.53,46.46,12.56,92.6,47.29,139.6,186.94,145.02,28.68,134.97,55.86,36.81,27.26,22.06,0,0,0,0,0,0
5.97,28.02,101.04,46.42,12.24,95.22,47.73,144.55,192.34,148.81,28.13,133.47,55.41,37.76,27.41,21.32,0,0,0,0,0,0
6.05,29.08,105.02,49.26,12.59,101.78,53.18,155.75,204.79,159.93,29.7,141.63,60.22,40.05,28.86,21.79,0,0,0,0,0,0
4.76,23.61,85.82,41,10.13,83.36,46.28,128.78,167.74,131.97,24.85,117.36,51.08,32.41,23.21,17.47,0,0,0,0,0,0
4.22,20.16,70.64,34.13,8.46,66.83,39.81,102.25,134.68,105.15,21.14,99.02,44.1,25.18,18.4,14.65,0,0,0,0,0,0
4.41,19.94,70.63,31.33,8.54,54.96,37.13,84.55,111.75,84.73,19.95,90.04,40.86,20.2,14.78,13.19,0,0,0,0,0,0
8.8,39.44,165.49,59.82,19.3,96.06,70.2,151.07,200.8,130.94,38.04,156.81,72.02,32.08,21.14,21.23,0,0,0,0,0,0
11.9,54.14,238.96,82.35,27.5,129.76,96.59,206.2,273.45,170.86,52.25,209.54,96.59,42.23,26.41,27.31,0,0,0,0,0,0
12.55,56.68,249.45,85.88,28.81,135.03,100.71,214.14,284.48,177.05,54.56,218.77,100.9,43.78,27.48,28.59,0,0,0,0,0,0
12.49,55.06,233.09,82.46,27.47,130.37,96.33,204.3,273.03,173.63,52.76,214.9,98.79,42.85,28.09,29.09,0,0,0,0,0,0
13.36,57.55,234.27,84.94,28.19,134.43,98.71,208.32,279.64,181.78,54.92,226.48,103.82,44.98,30.56,31.71,0,0,0,0,0,0
13.57,59.84,245.08,89.3,29.17,143.31,103.36,222.9,297.97,195.26,57.9,238.54,108.87,48.73,32.76,33.55,0,0,0,0,0,0
14.02,65.94,281.77,101.17,32.15,167.91,116.54,264.79,351.45,228.63,65.25,267.04,121.2,58.1,37.17,36.93,0,0,0,0,0,0
15.23,73.38,305.45,113.06,34.49,197.81,128.54,310.72,412.02,276.7,73.77,306.58,138.05,71.98,46.48,44.38,0,0,0,0,0,0
16.61,81.72,335.13,126.7,37.75,230.8,141.99,362.56,479.18,333.17,83.66,349.53,156.88,88.3,56.81,52.24,0,0,0,0,0,0
16.76,83.73,345.99,131.22,38.71,242.77,146.75,381.9,503.66,351.37,86.44,361.98,162.22,93.36,59.68,53.93,0,0,0,0,0,0
16.66,83.28,346.72,131.92,38.96,243.59,148.87,383.96,506.66,352.74,86.59,362.23,162.77,92.99,59.32,53.33,0,0,0,0,0,0
16.95,84.41,354.72,132.69,39.75,242.16,149.35,381.92,504.29,346.65,87.2,362.11,162.64,91.65,58.06,53.12,0,0,0,0,0,0
14.66,72.73,307.92,114.87,34.72,208.24,129.5,329.16,434.44,298.92,75.06,311.48,139.86,78.57,49.64,45.17,0,0,0,0,0,0
12.34,60.49,249.8,95.77,28.41,176.51,107.07,277.3,366.48,257.05,62.58,263.07,117.48,67.41,43.58,39,0,0,0,0,0,0
13.55,63.48,255.15,100.04,29.71,186.92,110.09,290.54,384.61,272.61,64.3,275.95,121.76,71.09,47.76,41.73,0,0,0,0,0,0
15.8,68.2,257.76,105,31.67,193.51,113.17,293.72,394.11,281.91,66.69,294.13,127.82,72.13,51.99,45.95,0,0,0,0,0,0
13.86,58.87,219.33,90.62,27.24,164.59,96.31,247.39,335.78,239.12,57.38,254.43,109.35,60.31,44.61,40.2,0,0,0,0,0,0
7.27,31.91,113.21,51.36,14.17,99.53,52.55,149.63,199.98,152.34,31.96,147.22,61.31,38.52,29.04,24.2,0,0,0,0,0,0
6.68,29.4,102.99,47.73,12.86,94.42,48.72,142.12,188.99,146.09,29.91,137.26,57.57,36.97,27.71,22.78,0,0,0,0,0,0
6.36,28.72,102.66,47.55,12.6,96.8,48.89,146.53,194.56,150.98,29.46,135.61,57.24,38.17,28,22.19,0,0,0,0,0,0
6.43,30.16,107.86,50.86,12.99,104.33,54.8,159.58,210.39,164.81,31.44,146.35,63.1,41.29,29.73,22.98,0,0,0,0,0,0
5.13,24.77,88.67,42.42,10.52,84.81,47.69,131.07,171.23,135.58,26.66,122.35,54.22,33.43,23.78,18.64,0,0,0,0,0,0
4.59,21.17,71.81,35.39,8.81,65.81,41.08,101.34,132.55,106.17,22.72,103.47,47.01,25.5,18.65,15.75,0,0,0,0,0,0
5.18,23.02,81.32,37.17,9.9,61.81,42.79,95.69,124.72,95.99,23.52,104.93,48.95,22.98,16.71,15.79,0,0,0,0,0,0
10.42,46.78,193.4,74.58,22.66,115,84.19,181.25,238.01,161.18,45.83,193.78,91.49,39.54,25.91,27.09,0,0,0,0,0,0
15.18,68.79,293.48,111.37,34.07,165.49,124.2,263.01,344.71,228.4,68.09,283,135.88,56.29,35.3,39.13,0,0,0,0,0,0
18.3,80.69,335.79,132.16,39.36,191.75,145.12,304.11,398,269.41,81.89,337.29,165.35,66.36,42.04,48.66,0,0,0,0,0,0
19.66,84.49,338.07,138.7,40.33,199.63,150.39,314.06,411.63,286.69,86.67,359.44,177.65,70.56,46.02,53.87,0,0,0,0,0,0
20.07,86.32,339.48,140.88,40.97,205.92,152.16,321.69,422.75,298.22,87.14,369.44,180.53,73.68,48.96,55.55,0,0,0,0,0,0
18.85,84.1,336.54,137.4,40.12,208.55,148.94,326.86,429.17,302.07,84.01,361.34,172.85,75.41,49.64,53.25,0,0,0,0,0,0
17.79,83.75,350.24,136.73,40.26,219.89,150.22,347.73,455.63,313.21,84.26,357.82,167.38,79.5,50.82,51.36,0,0,0,0,0,0
17.62,84.39,345.9,134.49,39.48,227.61,148.69,358.7,472.56,328.54,85.74,362.65,166.89,85.22,54.77,53.5,0,0,0,0,0,0
17.42,85.31,347.01,133.67,39.18,234.01,148.86,368.52,485.69,338.42,87.47,367.66,167.29,89.29,57.29,55.02,0,0,0,0,0,0
16.81,82.7,338.71,129.11,38.23,228.99,144.84,360.33,474.67,329.85,85.47,355.36,161.37,87.2,55.83,53.08,0,0,0,0,0,0
16.5,81.44,335.91,127.53,38.13,226.4,144.49,357.22,470.09,327.8,84.73,350.87,159.52,86.35,54.92,51.68,0,0,0,0,0,0
16.54,80.86,336.62,125.22,38.19,219.76,142.14,346.22,458.89,313.39,83.77,342.31,155.7,82.49,52.15,50.39,0,0,0,0,0,0
14.51,70.59,297.95,110.54,33.78,195.83,125.44,308.51,408.31,277.64,73.15,298.56,135.58,72.54,45.96,43.49,0,0,0,0,0,0
12.31,59.11,242.62,92.85,27.82,167.5,104.36,262.61,347,242.33,61.48,254.42,114.73,63.28,41.16,38.01,0,0,0,0,0,0
13.18,60.45,241,93.82,28.21,169.57,104.43,262.41,350.26,243.74,61.46,259.26,115.8,63.03,42.55,39.37,0,0,0,0,0,0
15.42,64.78,241.01,97.53,30.02,172.12,106.15,259.29,350.57,247.9,63.51,274.46,120.97,62.83,45.94,43.2,0,0,0,0,0,0
13.84,57.61,210.99,87.38,26.64,153.84,93.16,230.53,314.25,224.92,56.55,246.84,107.2,56.49,42.1,39.45,0,0,0,0,0,0
7.32,31.22,108.22,49.35,13.76,92.71,50.69,138.52,187.06,142.71,31.76,142.7,60.47,35.84,27.23,23.87,0,0,0,0,0,0
6.57,28.8,100.39,46.45,12.54,91.56,47.49,137.19,184.56,141.63,29.33,134.31,56.54,35.69,26.71,22.32,0,0,0,0,0,0
6.26,28.45,100.81,46.6,12.38,93.93,47.91,142.26,189.95,147.98,29.16,134.47,56.87,37.49,27.26,21.94,0,0,0,0,0,0
6.32,29.21,103.4,48.97,12.61,98.95,52.97,151.15,198.54,156.44,30.46,140.94,60.96,39.04,28.39,22.19,0,0,0,0,0,0
5.24,25.25,90.32,43.4,10.81,87.02,48.55,134.89,175.11,140.15,27.19,124.89,55.16,34.72,24.73,19.11,0,0,0,0,0,0
4.67,21.42,72.68,35.78,8.99,66.84,41.31,102.79,134.26,108.46,23.06,104.38,47.57,26.14,19.08,15.99,0,0,0,0,0,0
5.25,23.41,83.23,37.89,10.08,64,43.42,98.84,129.28,99.3,23.98,106.79,49.85,23.87,17.23,16.1,0,0,0,0,0,0
10.42,46.93,193.76,74.67,22.7,115,84.23,181.41,238.22,161.86,45.98,194.58,91.85,39.81,25.98,27.18,0,0,0,0,0,0
15.2,68.92,294.02,111.62,34.13,166.08,124.43,264.01,345.8,229.4,68.22,283.68,136.13,56.57,35.49,39.23,0,0,0,0,0,0
18.32,80.79,336.34,132.31,39.41,192.17,145.25,304.67,398.65,269.81,81.99,337.62,165.55,66.48,42.11,48.7,0,0,0,0,0,0
19.65,84.43,337.84,138.54,40.3,199.16,150.23,313.28,410.42,285.83,86.61,358.95,177.5,70.35,45.89,53.79,0,0,0,0,0,0
20.07,86.33,339.77,140.82,40.96,205.77,152.09,321.32,422.2,297.45,87.14,369.21,180.53,73.49,48.81,55.48,0,0,0,0,0,0
18.81,84.04,337.57,137.38,40.01,208.79,149.1,326.89,428.89,299.4,83.84,360.61,172.54,74.66,49.18,52.96,0,0,0,0,0,0
17.75,83.51,348.8,136.24,40.15,218.59,149.74,345.76,453.55,311.96,84.02,356.81,166.95,79.14,50.57,51.24,0,0,0,0,0,0
17.53,83.92,344.7,133.7,39.23,225.69,148.07,355.43,468.02,323.32,85.18,359.87,165.75,83.76,53.89,52.98,0,0,0,0,0,0
17.45,85.25,347.39,133.84,39.2,235.16,149.06,369.77,487.9,338.89,87.46,367.15,167.15,89.25,57.4,55.01,0,0,0,0,0,0
16.88,83.36,342.58,130.56,38.46,233.53,146.33,367.13,484.71,335.43,86.14,359.17,162.88,88.64,56.66,53.57,0,0,0,0,0,0
16.5,81.49,338.18,128.2,38.11,229.65,145.38,361.32,477.08,328.76,84.77,351.19,159.64,86.31,55,51.65,0,0,0,0,0,0
16.52,80.83,336.89,125.24,38.16,219.34,142.25,345.84,456.67,311.48,83.64,341.87,155.37,82.04,51.99,50.23,0,0,0,0,0,0
14.46,70.47,296.63,109.91,33.7,192.8,124.77,304.59,400.83,274.09,72.92,297.6,135.11,71.86,45.48,43.25,0,0,0,0,0,0
12.2,58.69,241.13,91.82,27.54,164.58,103.43,257.95,340.9,236.69,60.96,251.93,113.8,61.84,40.1,37.49,0,0,0,0,0,0
13.2,60.47,240.48,93.46,28.25,167.84,103.91,259.91,345.49,242.04,61.49,258.56,115.72,62.76,42.34,39.28,0,0,0,0,0,0
15.39,64.86,241.15,97.55,29.99,172.03,106.18,259.38,351.17,248.37,63.56,275.27,121.25,63.02,45.91,43.26,0,0,0,0,0,0
13.88,57.98,213.62,88.05,26.75,155.94,93.86,233.42,318.03,226.13,56.89,248.26,107.91,56.83,42.26,39.55,0,0,0,0,0,0
7.36,31.85,112.03,50.69,13.93,96.54,52.11,144.47,195.18,146.8,32.32,146.27,61.8,36.95,27.85,24.24,0,0,0,0,0,0
6.25,27.95,97.47,44.84,12.23,88.22,45.7,132.36,177.14,137.34,27.92,130.31,54.21,34.77,25.94,21.33,0,0,0,0,0,0
6.01,28.32,102.74,47.29,12.37,97.96,48.66,148.8,198.37,152.45,28.43,135.46,56.05,38.63,28.05,21.62,0,0,0,0,0,0
6.04,29.15,104.43,49.3,12.6,101.63,53.17,155.96,205.7,161.81,29.79,142.69,60.53,40.6,29.11,21.98,0,0,0,0,0,0
4.91,24.66,89.71,42.75,10.61,87.31,47.79,135.56,175.55,140.11,25.95,122.91,53.32,34.81,24.66,18.32,0,0,0,0,0,0
4.21,19.96,68.71,33.54,8.43,64.23,39.13,98.81,128.24,102.92,20.92,97.7,43.51,24.73,18.21,14.51,0,0,0,0,0,0
4.46,20.16,71.36,31.7,8.68,55.3,37.43,85.45,111.12,85.53,20.15,90.82,41.12,20.53,15.11,13.31,0,0,0,0,0,0
9.08,41.13,172.34,63.3,20.12,100.66,73.37,158.74,209.44,138.87,39.53,165.67,76.31,34.19,22.4,22.42,0,0,0,0,0,0
13.54,64.04,280.02,103.74,32.33,157.38,116.21,250.8,327.92,215.85,60.86,262.25,122.78,53.45,33.07,34.3,0,0,0,0,0,0
17.74,81.35,343.59,135.69,40.13,197.37,147.63,313.72,408.47,278.45,80.06,344.25,166.8,68.76,43.02,47.95,0,0,0,0,0,0
21.98,94.24,373.34,157.63,44.69,222.88,168.46,350.92,457.63,324.68,97.64,407.51,203.75,79.86,52.05,61.96,0,0,0,0,0,0
23.93,99.72,382.93,164.55,46.4,234.75,175.72,366.89,480.96,344.96,104.8,432.12,216.48,85.03,56.86,67.9,0,0,0,0,0,0
21.61,93.6,367.07,153.86,43.86,228.17,165.46,357.54,469.03,333.4,96.67,405.4,198.39,83,54.88,62,0,0,0,0,0,0
17.49,85.84,363.68,143.42,41.63,230.01,155.83,364.51,476.66,329.39,83.87,373.03,172.89,83.57,52.77,51.87,0,0,0,0,0,0
17.05,84.16,350,136.31,39.8,230.61,149.84,363.57,477.38,331.36,83.41,364.3,166.23,85.79,54.87,52.29,0,0,0,0,0,0
16.44,80.86,331.53,125.44,37.34,224.57,140.98,353.03,465.69,321.61,82.47,345.14,155.27,85.02,54.81,51.34,0,0,0,0,0,0
16.28,80.59,331.21,124.96,37.32,225.03,140.85,354.42,466.19,323.88,83.08,345.04,155.28,85.97,55.1,51.34,0,0,0,0,0,0
16.22,80.68,334.44,126.24,37.72,227.14,143.43,358.46,471.82,327.19,83.76,347.64,157.03,86.31,54.91,50.97,0,0,0,0,0,0
16.43,80.73,337.37,125.23,38.18,221.56,142.19,349.43,460.96,314.96,83.38,341.79,154.64,83.08,52.7,50.12,0,0,0,0,0,0
14.32,70.1,296.49,109.84,33.62,194.74,124.77,307.46,405.01,276.01,72.32,296.57,133.98,72.26,45.87,42.95,0,0,0,0,0,0
12.09,58.86,242.71,92.69,27.67,168.65,104.24,264.6,350.93,243.98,60.88,254.55,114.06,63.73,41.24,37.7,0,0,0,0,0,0
13.11,60.41,240.6,93.48,28.33,169.21,103.67,262.15,348.6,245.8,61.17,258.82,115.34,63.85,42.95,39.19,0,0,0,0,0,0
15.28,64.72,240.21,97.47,30.12,173,105.74,261.26,353.83,253.39,63.18,275.52,120.77,64.46,46.77,43.26,0,0,0,0,0,0
13.49,56.45,207.5,85.57,26.16,150.23,91.46,225.13,305.9,217.84,54.82,241.31,104.09,54.65,40.98,38.21,0,0,0,0,0,0
6.98,30.36,106.72,48.17,13.36,90.98,49.63,136,182.72,137.55,30.26,138.88,58,34.53,26.35,22.77,0,0,0,0,0,0
6.3,28.34,98.96,45.58,12.38,90.45,46.37,135.87,183.07,141.83,28.37,132.94,55.28,35.96,26.56,21.75,0,0,0,0,0,0
5.95,27.97,101.72,46.53,12.17,96.35,47.96,145.79,195.38,148.77,28.07,133.33,55.38,37.6,27.28,21.25,0,0,0,0,0,0
5.95,28.62,103.13,48.17,12.33,98.31,52.18,150.48,196.71,153.69,29.13,138.74,59.06,38.49,27.83,21.23,0,0,0,0,0,0
4.81,24.09,88.93,41.99,10.3,86.03,47.32,132.85,172.24,134.02,25.27,119.49,51.93,33,23.62,17.66,0,0,0,0,0,0
4.26,20.35,70.29,34.17,8.58,65.79,39.69,101.37,131.66,105.83,21.32,99.81,44.39,25.59,18.67,14.8,0,0,0,0,0,0
4.4,19.81,69.79,31.02,8.5,53.83,36.81,82.95,108.97,83.33,19.8,89.21,40.5,19.87,14.61,13.07,0,0,0,0,0,0
9.04,40.92,171.93,63.11,20.02,100.56,73.29,158.36,209.33,137.57,39.3,164.67,75.84,33.73,22.17,22.25,0,0,0,0,0,0
13.49,63.83,279.63,103.46,32.21,156.9,116.05,249.89,327.07,213.96,60.61,261.26,122.33,52.87,32.71,34.09,0,0,0,0,0,0
17.72,81.31,343.69,135.7,40.09,197.45,147.7,313.83,408.55,277.92,79.99,344.1,166.68,68.6,42.94,47.89,0,0,0,0,0,0
21.98,94.43,374.44,158.07,44.73,224.14,168.93,352.92,460.49,326.21,97.81,408.74,204.17,80.26,52.28,62.09,0,0,0,0,0,0
23.9,99.64,382.45,164.37,46.34,234.36,175.55,366.25,480.76,344.65,104.72,431.9,216.39,84.93,56.73,67.87,0,0,0,0,0,0
21.65,93.72,367.86,154.18,43.96,229.27,165.73,358.99,470.99,334.69,96.84,405.81,198.65,83.31,55.13,62.11,0,0,0,0,0,0
17.46,85.48,361.69,142.43,41.49,227,154.77,359.74,469.77,325.2,83.51,370.47,172.07,82.53,52.07,51.51,0,0,0,0,0,0
17.03,84.29,350.56,136.4,39.8,230.58,149.95,363.74,477.44,331.3,83.49,365.03,166.49,85.87,54.81,52.31,0,0,0,0,0,0
16.38,80.47,329.43,124.32,37.14,221.44,139.8,347.97,459.44,317.32,82.08,342.65,154.49,83.94,53.96,50.96,0,0,0,0,0,0
16.2,80.2,330.58,124.41,37.08,224.67,140.47,353.06,466.44,321.08,82.68,343.07,154.58,85.01,54.42,50.99,0,0,0,0,0,0
16.12,79.88,331.34,124.85,37.37,224.26,142.14,353.25,466.68,321.68,82.99,343.41,155.46,84.63,53.85,50.38,0,0,0,0,0,0
16.46,80.89,339.09,125.75,38.24,223.62,142.77,352.1,464.99,316.08,83.54,342.36,154.94,83.26,52.87,50.17,0,0,0,0,0,0
14.29,70.14,297.43,109.93,33.56,195.61,124.92,308.34,407.68,275.97,72.35,296.84,134.2,72.18,45.67,42.91,0,0,0,0,0,0
12.2,59.33,245.16,93.62,27.93,170.68,105.11,267.89,352.95,246.13,61.33,256.23,114.75,64.41,41.86,37.94,0,0,0,0,0,0
13.17,61.17,245.1,95.36,28.61,174.3,105.72,270.41,358.49,251.46,61.82,263.27,116.76,65.35,44.03,39.7,0,0,0,0,0,0
15.26,64.85,242.45,98.05,30.09,174.95,106.54,264.02,357.03,252.77,63.2,276.07,120.85,64.22,46.7,43.15,0,0,0,0,0,0
13.56,57.13,210.58,86.85,26.41,154.23,92.66,231.2,315.88,224.62,55.57,245.46,105.84,56.43,41.9,38.83,0,0,0,0,0,0
6.96,30.26,105.8,48.02,13.32,90.92,49.44,135.86,184.12,138.82,30.23,139,58.04,34.79,26.43,22.87,0,0,0,0,0,0
6.21,27.82,97.94,45.09,12.14,89.44,46.2,134.16,179.81,136.98,27.71,130.14,53.85,34.49,25.91,21.23,0,0,0,0,0,0
5.81,27.04,96.64,44.51,11.79,90.07,45.94,136.41,181.88,140.49,27.09,128.29,53.31,35.48,25.96,20.52,0,0,0,0,0,0
5.9,28.25,100.47,47.24,12.18,96.21,51.13,146.97,194.49,152.91,28.87,137.25,58.65,38.22,27.46,21.14,0,0,0,0,0,0
4.8,23.85,86.21,41.13,10.24,83.61,46.24,129.17,168.9,134.05,25.16,118.53,51.76,33.06,23.45,17.7,0,0,0,0,0,0
4.23,20.2,69.45,33.83,8.51,64.85,39.35,99.92,129.97,104.77,21.17,99.1,44.12,25.31,18.45,14.7,0,0,0,0,0,0
4.41,19.89,70.47,31.2,8.53,54.54,36.99,83.86,110.47,83.84,19.89,89.53,40.69,19.98,14.67,13.11,0,0,0,0,0,0
9.06,40.99,172.11,63.09,20.06,100.48,73.2,158.13,209.16,137.78,39.4,164.81,76.03,33.83,22.17,22.29,0,0,0,0,0,0
13.53,64.02,280.89,103.87,32.3,158.13,116.45,251.63,329.07,215,60.81,261.97,122.67,53.15,32.92,34.18,0,0,0,0,0,0
17.72,81.26,343.65,135.64,40.07,197.43,147.65,313.66,408.52,277.51,79.94,343.77,166.58,68.46,42.85,47.84,0,0,0,0,0,0
21.93,94.1,372.99,157.33,44.58,222.14,168.21,349.66,456.25,322.9,97.46,406.76,203.46,79.38,51.69,61.78,0,0,0,0,0,0
23.91,99.68,382.94,164.46,46.34,234.72,175.66,366.69,481.33,344.56,104.75,431.99,216.45,84.9,56.71,67.85,0,0,0,0,0,0
21.65,93.88,368.73,154.59,43.99,230.61,166.19,361.09,474.47,336.58,96.99,407.07,199.06,83.77,55.38,62.27,0,0,0,0,0,0
17.45,85.45,362.23,142.59,41.47,227.7,155.03,360.66,470.86,324.79,83.45,370.3,171.92,82.34,52.04,51.43,0,0,0,0,0,0
17.03,84.5,351.48,136.72,39.85,231.44,150.24,365.11,479.71,332.87,83.7,366.31,167.03,86.32,54.99,52.47,0,0,0,0,0,0
16.46,81.36,334.38,126.54,37.46,228.19,142.15,358.51,474.67,326.4,82.97,348.46,156.52,86.23,55.42,51.75,0,0,0,0,0,0
16.34,80.65,330.9,124.78,37.42,224.43,140.46,353.24,464.5,324.16,83.24,344.65,155.45,86.11,55.15,51.4,0,0,0,0,0,0
16.25,80.4,332.92,125.64,37.69,225.73,142.72,355.85,468.44,325.5,83.58,345.59,156.45,85.81,54.67,50.81,0,0,0,0,0,0
16.4,80.58,336.92,124.82,38.09,220.23,141.79,347.3,457.49,312.2,83.19,340.57,154.22,82.4,52.25,49.87,0,0,0,0,0,0
14.34,70.59,298.37,110.51,33.75,196.25,125.37,310.12,408.95,279.24,72.79,299.46,135.15,73.26,46.27,43.3,0,0,0,0,0,0
12.13,58.91,243.59,92.92,27.73,169.36,104.49,265.43,351,243.39,60.91,254.15,113.95,63.55,41.29,37.64,0,0,0,0,0,0
12.96,59.78,238.47,92.67,27.98,167.73,103.15,259.7,347.04,242.15,60.46,256.49,114.12,62.66,42.2,38.76,0,0,0,0,0,0
15.24,64.75,241.29,97.6,30.03,173.86,106.01,262.29,356.19,252.82,63.15,275.82,120.88,64.25,46.52,43.17,0,0,0,0,0,0
13.61,57.03,209.13,86.41,26.47,152.54,92.03,228.71,311.69,223.99,55.55,244.44,105.59,56.36,41.9,38.83,0,0,0,0,0,0
7.04,30.88,108.09,49.07,13.58,93.74,50.37,140.42,190.82,144.62,30.91,142.6,59.53,36.41,27.32,23.44,0,0,0,0,0,0
6.2,27.91,98.1,45.01,12.14,89.18,46.05,133.72,179.9,137.27,27.82,130.63,54.19,34.64,25.83,21.27,0,0,0,0,0,0
5.87,27.39,98.64,45.29,11.94,92.34,46.74,139.88,186.25,143.16,27.44,130.07,54,36.18,26.45,20.76,0,0,0,0,0,0
5.88,27.96,99.49,47.02,12.09,95.92,51.03,146.45,193.81,151.76,28.58,135.99,57.99,37.77,27.35,20.99,0,0,0,0,0,0
4.82,23.98,86,41.18,10.31,83.29,46.17,129.02,168.51,135.36,25.33,119.39,52.12,33.52,23.67,17.87,0,0,0,0,0,0
4.21,19.97,68.5,33.21,8.41,63,38.71,96.89,125.47,101.46,20.92,97.31,43.54,24.47,17.9,14.41,0,0,0,0,0,0
4.52,20.33,72.1,31.93,8.79,56.13,37.56,86.45,112.69,86.96,20.38,91.32,41.52,20.91,15.33,13.45,0,0,0,0,0,0
9.04,40.89,171.37,62.84,20.01,99.59,72.95,156.93,207.48,136.97,39.28,164.4,75.83,33.64,22.03,22.22,0,0,0,0,0,0
13.49,63.82,279.42,103.33,32.2,156.47,115.89,249.23,326.21,213.64,60.61,261.11,122.33,52.82,32.63,34.07,0,0,0,0,0,0
17.71,81.25,343.26,135.51,40.06,196.96,147.49,313.04,407.79,277.5,79.93,343.78,166.59,68.49,42.83,47.85,0,0,0,0,0,0
21.92,94.01,372.52,157.21,44.54,221.93,168.11,349.33,456.15,322.77,97.38,406.48,203.31,79.31,51.65,61.76,0,0,0,0,0,0
23.77,98.69,378.24,162.44,45.91,229.16,173.72,357.92,469.81,336.11,103.72,426.57,214.33,82.61,55.26,67.05,0,0,0,0,0,0
21.35,91.84,359.41,150.42,43.08,219.19,162.21,342.96,450.44,318.36,94.85,395.69,194.61,78.84,52.26,60.53,0,0,0,0,0,0
17.09,83.21,351.97,137.91,40.42,214.9,150.57,340.36,444.58,304.51,81.07,357.99,167.12,76.89,48.45,49.51,0,0,0,0,0,0
16.8,82.75,343.6,133.25,39.11,221.92,146.93,349.94,459.03,317.28,81.87,356.33,163.12,82.08,52.41,50.98,0,0,0,0,0,0
16.63,82.03,336.61,127.68,37.87,230.74,143.03,362.71,478.88,332.1,83.75,351.51,157.89,87.88,56.56,52.35,0,0,0,0,0,0
16.51,82.12,339.13,128.42,37.99,235.71,144.25,370.57,489.69,339.22,84.74,353.85,158.79,89.87,57.58,52.7,0,0,0,0,0,0
16.56,82.19,341.92,129.58,38.55,237.09,146.52,373.31,491.47,341.8,85.5,355.12,160.25,90.08,57.57,52.31,0,0,0,0,0,0
16.98,84.27,354.23,132.49,39.77,241.95,149.1,381.18,503.29,346.03,87.14,360.91,162.33,91.41,58.02,53.05,0,0,0,0,0,0
14.98,74.19,316.1,118.06,35.49,217.05,132.56,342.42,449.13,309.11,76.59,317.7,142.52,81.29,51.76,46.13,0,0,0,0,0,0
12.77,62.82,261.53,100.82,29.57,190.54,111.92,299,393.22,276.66,65.04,274.81,122.18,72.63,47.25,40.84,0,0,0,0,0,0
13.46,62.89,252.67,98.84,29.41,184.54,108.93,286.17,381.35,268.82,63.76,273,120.79,69.93,46.85,41.32,0,0,0,0,0,0
15.68,67.64,254.81,103.74,31.35,190.79,111.93,289.12,391.23,279.07,66.18,291.9,127.07,71.28,51.14,45.64,0,0,0,0,0,0
13.88,59.3,220.23,91.26,27.4,165.48,96.89,249.67,338.13,242.79,57.78,257.35,110.3,61.47,45.24,40.61,0,0,0,0,0,0
7.32,32.43,115.24,52.24,14.35,101.85,53.36,153.46,205.71,156.94,32.51,150.38,62.57,39.82,29.71,24.65,0,0,0,0,0,0
6.38,28.75,101.48,46.66,12.59,94,47.47,141.05,190.39,146.15,28.82,135.11,56.15,36.99,27.32,22.12,0,0,0,0,0,0
5.91,27.63,99.11,45.71,12.06,93.65,47.05,141.96,190.21,146.84,27.76,131.79,54.73,37.14,26.96,21.1,0,0,0,0,0,0
5.96,28.77,103.62,48.44,12.38,99.32,52.41,151.99,199.88,155.96,29.32,139.91,59.56,39.06,28.1,21.43,0,0,0,0,0,0
4.68,23.39,84.98,40.46,9.96,82,45.8,126.61,165.74,129.64,24.59,116.43,50.72,31.79,22.66,17.24,0,0,0,0,0,0
4.22,20.09,69.31,33.81,8.46,65.09,39.41,100.17,130.61,104.35,21.05,98.66,43.86,25.1,18.39,14.63,0,0,0,0,0,0
4.48,20.29,72.71,32.35,8.74,57.91,38.2,89.16,117.24,88.28,20.3,91.98,41.48,21.07,15.53,13.5,0,0,0,0,0,0
9.04,40.82,171.55,62.91,20,99.76,73.1,157.19,206.9,136.04,39.18,163.9,75.52,33.36,22,22.12,0,0,0,0,0,0
13.51,63.95,279.86,103.59,32.27,157.06,116.12,250.24,327.29,214.84,60.75,261.79,122.58,53.16,32.87,34.2,0,0,0,0,0,0
17.71,81.2,342.99,135.41,40.05,196.68,147.38,312.58,407.12,277.15,79.89,343.46,166.49,68.4,42.78,47.82,0,0,0,0,0,0
21.94,94.15,373.01,157.44,44.6,222.42,168.32,350.22,457.12,323.8,97.52,407.23,203.6,79.62,51.84,61.87,0,0,0,0,0,0
23.82,99.05,379.79,163.13,46.07,230.96,174.36,360.82,473.5,339.14,104.1,428.49,215.09,83.45,55.78,67.34,0,0,0,0,0,0
21.31,91.6,358.56,149.97,42.95,218.22,161.82,341.26,448.75,316.36,94.59,394.44,194.14,78.26,51.85,60.33,0,0,0,0,0,0
17.13,83.37,352.01,138.1,40.52,215.32,150.64,341.14,446.06,306.89,81.31,359.05,167.62,77.56,48.81,49.76,0,0,0,0,0,0
16.8,82.69,343.06,133.02,39.09,221.12,146.67,348.77,457.32,316.57,81.81,355.93,162.99,81.93,52.29,50.93,0,0,0,0,0,0
16.52,81.31,333.65,126.43,37.56,227.52,141.92,357.55,472.04,326.23,82.97,347.68,156.28,86.21,55.6,51.76,0,0,0,0,0,0
16.61,82.95,342.05,129.84,38.35,238.69,145.54,376.02,495.64,345.69,85.57,358.51,160.52,91.81,58.76,53.39,0,0,0,0,0,0
16.59,82.71,345.42,131.03,38.71,241.32,148.16,379.99,500.08,345.97,85.93,358.36,161.23,91.1,58.33,52.65,0,0,0,0,0,0
17,84.36,355.32,132.89,39.81,243.5,149.58,383.3,506.39,346.99,87.22,361.35,162.47,91.56,58.19,53.09,0,0,0,0,0,0
14.8,73.06,309.49,115.63,34.99,210.84,130.09,332.65,439.35,303.07,75.55,312.71,140.62,79.58,50.41,45.54,0,0,0,0,0,0
12.43,60.88,252.9,96.79,28.6,179.97,108.14,282.03,372.62,259.57,62.98,264.52,118.18,67.97,44.06,39.19,0,0,0,0,0,0
13.67,64.18,258.27,101.43,30.04,190.94,111.35,296.71,393.34,279.37,65.1,279.78,123.38,72.89,48.87,42.37,0,0,0,0,0,0
15.82,68.19,256.51,104.49,31.7,191.76,112.43,291.05,391.01,281.84,66.77,293.8,127.97,72.25,51.88,46,0,0,0,0,0,0
13.91,59.21,219.23,90.91,27.42,164.44,96.4,247.96,336.06,242.52,57.76,256.64,110.2,61.43,45.19,40.6,0,0,0,0,0,0
7.24,32.05,113.95,51.44,14.13,100.24,52.61,150.46,203.32,153.69,32.13,148.39,61.92,38.88,28.96,24.31,0,0,0,0,0,0
6.26,28.23,100.76,45.92,12.28,91.99,47.04,137.75,184.52,138.98,28.11,131.89,54.68,35.03,26.22,21.4,0,0,0,0,0,0
5.92,27.61,100.12,45.82,12.05,94.12,47.26,142.33,189.72,144.97,27.69,131.01,54.46,36.61,26.75,20.91,0,0,0,0,0,0
5.91,28.35,101.06,47.43,12.21,96.69,51.33,147.75,195.32,153.36,28.96,137.74,58.84,38.36,27.54,21.19,0,0,0,0,0,0
4.66,23.13,83.26,39.84,9.88,80.27,45.12,123.91,162.44,128.14,24.38,115.04,50.25,31.4,22.39,17.12,0,0,0,0,0,0
4.18,20.03,68.77,33.5,8.4,63.98,39.08,98.61,128.52,103.21,20.97,98.38,43.77,24.88,18.14,14.55,0,0,0,0,0,0
4.42,20.1,71.13,31.53,8.6,54.94,37.31,84.91,111.1,85,20.06,90.8,41.08,20.39,14.91,13.25,0,0,0,0,0,0
9.06,40.89,171.45,62.86,20.04,99.6,72.96,156.91,206.94,136.74,39.29,164.19,75.76,33.58,22.06,22.2,0,0,0,0,0,0
13.51,63.92,280.05,103.55,32.26,157,116.09,249.99,326.68,213.95,60.71,261.34,122.44,52.92,32.75,34.11,0,0,0,0,0,0
17.71,81.21,343.18,135.47,40.05,196.84,147.47,312.84,407.28,277.02,79.88,343.49,166.46,68.36,42.78,47.8,0,0,0,0,0,0
21.96,94.27,373.72,157.66,44.65,223.08,168.52,351.14,458.31,324.47,97.64,407.7,203.83,79.8,51.95,61.93,0,0,0,0,0,0
23.95,99.86,383.63,164.78,46.44,235.43,175.94,367.88,482.44,345.86,104.94,432.8,216.79,85.28,56.98,67.99,0,0,0,0,0,0
21.69,93.96,369.27,154.87,44.06,231.29,166.48,362.2,475.11,337.18,97.07,407.33,199.11,83.92,55.61,62.32,0,0,0,0,0,0
17.56,86.28,365.85,144.11,41.82,231.59,156.44,366.97,478.96,331.38,84.31,374.8,173.73,84.21,53.15,52.09,0,0,0,0,0,0
17.01,83.92,348.17,135.41,39.69,227.48,148.84,358.94,470.46,327.81,83.15,362.57,165.68,85.02,54.26,52.02,0,0,0,0,0,0
16.44,81.21,332.82,125.89,37.4,225.9,141.38,355.17,469.99,324.61,82.83,347.46,156.24,85.88,55.09,51.63,0,0,0,0,0,0
16.18,80.22,330.02,124.3,37.07,223.65,140.33,352.06,464.26,320.78,82.66,343.43,154.59,85.06,54.42,51,0,0,0,0,0,0
16.14,79.59,329.08,124.11,37.36,221.57,141.26,349.32,459.93,319.24,82.74,341.35,154.72,84.07,53.62,50.2,0,0,0,0,0,0
16.33,80.38,336.43,124.63,37.93,219.92,141.78,346.92,457.52,310.87,82.91,340.1,153.81,81.97,51.97,49.71,0,0,0,0,0,0
14.4,70.81,300.14,111.15,33.89,198.19,126.03,312.86,411.8,280.54,73.01,300.13,135.46,73.55,46.62,43.4,0,0,0,0,0,0
12.07,58.53,241.7,91.91,27.54,166.5,103.45,260.84,345.01,239.22,60.53,251.78,113.17,62.49,40.51,37.26,0,0,0,0,0,0
12.93,59.5,237.76,92.1,27.85,166.27,102.63,257.12,343.12,238.43,60.15,254.41,113.39,61.66,41.6,38.4,0,0,0,0,0,0
15.21,64.67,242.11,97.97,29.97,175.23,106.62,264.37,358.48,252.31,62.98,275.69,120.52,63.96,46.55,43.06,0,0,0,0,0,0
13.56,56.92,209.33,86.51,26.38,153,92.31,229.47,312.59,223.2,55.37,244.26,105.28,56.06,41.81,38.71,0,0,0,0,0,0
7.14,31.25,109.43,49.73,13.82,95.19,50.88,142.78,192.84,147.54,31.33,144.12,60.22,37.26,27.96,23.75,0,0,0,0,0,0
6.25,27.76,95.98,44.45,12.19,87.4,45.24,131,176.49,137.67,27.81,129.63,54.01,34.8,25.91,21.36,0,0,0,0,0,0
5.95,27.93,100.09,46.1,12.2,94.22,47.36,143.13,190.87,148.47,28.06,133.17,55.31,37.71,27.3,21.3,0,0,0,0,0,0
6.1,29.24,104.08,49.18,12.71,100.97,52.85,154.93,203.82,162.33,29.96,142.6,60.73,40.84,29.24,22.08,0,0,0,0,0,0
4.76,23.75,85.63,40.91,10.16,82.74,46.06,128.08,167.19,132.88,25.01,118.22,51.52,32.78,23.25,17.6,0,0,0,0,0,0
4.19,20.06,68.97,33.65,8.41,64.42,39.26,99.36,129.48,103.8,20.99,98.72,43.83,25.02,18.26,14.6,0,0,0,0,0,0
4.35,19.59,69.36,30.77,8.38,53.48,36.67,82.21,108.41,81.56,19.54,88.15,40.01,19.3,14.29,12.87,0,0,0,0,0,0
9.01,40.66,170.77,62.59,19.92,99.28,72.77,156.2,206.84,135.59,39.06,163.25,75.34,33.17,21.8,22.06,0,0,0,0,0,0
13.49,63.82,279.69,103.44,32.2,156.91,116.04,249.84,327.02,213.75,60.6,261.13,122.3,52.81,32.67,34.07,0,0,0,0,0,0
17.72,81.28,343.6,135.66,40.07,197.39,147.66,313.69,408.46,277.72,79.96,343.94,166.62,68.53,42.9,47.86,0,0,0,0,0,0
21.95,94.32,373.86,157.8,44.67,223.38,168.69,351.79,459.07,325.11,97.67,408.18,203.93,79.98,52.07,61.99,0,0,0,0,0,0
23.89,99.56,382.2,164.19,46.29,233.89,175.39,365.46,479.67,343.63,104.62,431.37,216.2,84.66,56.55,67.77,0,0,0,0,0,0
21.63,93.59,367.54,154,43.89,228.67,165.63,358.11,469.23,332.94,96.65,405.01,198.24,82.83,54.9,61.94,0,0,0,0,0,0
17.49,85.74,363.68,142.83,41.58,228.11,155.16,361.14,470.88,325,83.74,371.04,172.46,82.53,52.06,51.5,0,0,0,0,0,0
17.09,84.68,351.81,136.73,39.96,230.9,150.08,364.38,477.64,332.9,83.91,366.56,167.34,86.49,55.05,52.53,0,0,0,0,0,0
16.31,80.07,327.34,123.67,36.96,220.08,139.2,345.77,458.07,316.05,81.71,341.22,153.85,83.48,53.63,50.8,0,0,0,0,0,0
16.07,79.41,326.93,123.05,36.73,221.31,139.24,347.73,460.44,316.05,81.88,339.44,153,83.53,53.5,50.47,0,0,0,0,0,0
16.23,80.35,333.31,125.92,37.65,227.2,143.12,357.91,472.54,326.82,83.54,346.01,156.47,85.98,54.82,50.86,0,0,0,0,0,0
16.46,81.15,340.46,126.51,38.3,226.32,143.6,356.28,472.51,320.45,83.83,344.83,155.77,84.3,53.43,50.53,0,0,0,0,0,0
14.33,70.28,298.32,110.34,33.66,196.69,125.33,310.02,409.17,277.06,72.49,297.42,134.4,72.45,45.96,43.01,0,0,0,0,0,0
12.13,58.84,242.98,92.7,27.72,168.79,104.21,264.49,350.03,243.25,60.89,253.75,113.88,63.51,41.24,37.63,0,0,0,0,0,0
13.08,60.34,240.4,93.62,28.29,169.45,103.94,262.89,349.04,245.86,61.03,258.99,115.11,63.83,43.06,39.18,0,0,0,0,0,0
15.32,65.1,243.11,98.46,30.23,176.04,106.85,265.8,359.64,255.62,63.5,277.47,121.46,65,47.17,43.44,0,0,0,0,0,0
13.63,57.34,211.77,87.37,26.56,155.37,93.16,233.05,316.64,225.63,55.77,246.07,106.05,56.73,42.29,38.94,0,0,0,0,0,0
7.05,30.58,107.35,48.3,13.49,91.84,49.54,136.76,185.38,140.02,30.63,139.65,58.73,35.19,26.58,23.01,0,0,0,0,0,0
6.19,27.66,96.86,44.52,12.05,88.47,45.53,132.16,179.47,136.64,27.65,129.39,53.85,34.36,25.58,21.18,0,0,0,0,0,0
5.96,27.72,100.48,46.1,12.14,94.95,47.49,143.6,191.36,146.61,27.84,131.59,54.7,37.02,27.08,21.06,0,0,0,0,0,0
5.96,28.14,100.99,47.54,12.24,97.49,51.52,148.53,195.37,152.52,28.78,136.14,58.15,37.93,27.66,21.05,0,0,0,0,0,0
4.85,23.89,85.3,40.85,10.33,82.29,45.73,127.28,165.82,134.25,25.28,118.29,51.88,33.25,23.52,17.79,0,0,0,0,0,0
4.23,19.83,67.35,32.87,8.41,62.15,38.27,95.45,123.8,101.27,20.86,96.41,43.3,24.4,17.89,14.4,0,0,0,0,0,0
4.45,20.03,71.22,31.46,8.62,54.77,37.23,84.37,109.36,83.55,19.99,89.69,40.74,19.98,14.8,13.11,0,0,0,0,0,0
9.05,40.93,171.69,62.99,20.04,99.9,73.11,157.47,207.66,137.12,39.32,164.58,75.85,33.69,22.12,22.24,0,0,0,0,0,0
13.49,63.86,279.55,103.41,32.22,156.6,115.96,249.47,326.28,213.84,60.64,261.25,122.37,52.89,32.7,34.1,0,0,0,0,0,0
17.73,81.29,343.43,135.59,40.09,197.13,147.56,313.32,407.99,277.82,79.98,343.94,166.67,68.59,42.91,47.88,0,0,0,0,0,0
21.94,94.14,373.03,157.42,44.6,222.4,168.3,350.14,456.99,323.59,97.5,407.09,203.56,79.56,51.81,61.84,0,0,0,0,0,0
23.92,99.73,382.85,164.48,46.38,234.63,175.62,366.63,481.15,345.1,104.82,432.22,216.58,85.08,56.81,67.92,0,0,0,0,0,0
21.66,93.73,367.67,154.17,43.96,229.27,165.7,359.01,471.35,335.21,96.87,405.97,198.72,83.44,55.19,62.16,0,0,0,0,0,0
17.55,85.94,363.37,143.35,41.75,229.09,155.58,363.33,473.52,329.35,84.01,372.92,172.99,83.71,52.91,51.93,0,0,0,0,0,0
17.04,84.35,350.91,136.58,39.82,231.27,150.12,364.7,479.2,332.34,83.57,365.48,166.68,86.1,54.95,52.39,0,0,0,0,0,0
16.26,80.08,329.32,124.01,36.85,221.33,139.85,347.46,459.49,313.55,81.55,341.02,153.58,82.75,53.25,50.51,0,0,0,0,0,0
16.17,80.38,331.01,124.97,37.11,226.03,141.12,355.8,470.5,324.2,82.81,345.21,155.06,85.82,54.93,51.27,0,0,0,0,0,0
16.16,79.91,330.79,124.82,37.46,223.76,142.01,352.71,465,322.26,83.06,343.38,155.46,84.85,54.07,50.47,0,0,0,0,0,0
16.4,80.47,336.61,124.49,38.04,219.98,141.4,346.28,457.69,311.6,83.15,339.69,154.16,82.17,51.98,49.79,0,0,0,0,0,0
14.25,69.88,297.32,109.86,33.44,196,125.06,308.64,408.11,274.17,72.03,295.57,133.52,71.52,45.43,42.67,0,0,0,0,0,0
11.98,58.27,240.88,91.58,27.36,165.56,103.3,259.61,343.34,236.89,60.17,250.87,112.56,61.83,40.11,37.02,0,0,0,0,0,0
12.99,59.97,239.52,92.84,28.05,167.44,103.3,259.49,344.48,240.79,60.57,256.66,114.22,62.47,42.14,38.69,0,0,0,0,0,0
15.28,65.06,242.38,98.3,30.19,175.27,106.7,265.01,358.71,255.65,63.44,277.76,121.45,65.07,47.13,43.46,0,0,0,0,0,0
13.51,56.69,208.61,86.13,26.24,152.17,92.03,228.09,311.14,221.16,55.09,243.16,104.79,55.47,41.41,38.5,0,0,0,0,0,0
6.99,30.44,107.1,48.4,13.4,92.09,49.85,137.49,185.96,139.5,30.39,139.6,58.33,34.97,26.58,22.93,0,0,0,0,0,0
6.25,28.11,99.02,45.39,12.25,90.07,46.39,135.15,181.2,138.62,28.04,131.48,54.55,35.04,26.12,21.42,0,0,0,0,0,0
6.04,28.52,103.32,47.46,12.46,97.8,48.74,148.85,197.28,152.76,28.62,136.2,56.39,38.87,28.17,21.71,0,0,0,0,0,0
6.07,29.19,105.24,49.53,12.65,102.43,53.44,156.95,206.37,161.62,29.83,142.5,60.49,40.5,29.17,21.95,0,0,0,0,0,0
4.78,23.88,86.72,41.38,10.23,84.02,46.6,130.09,169.09,133.72,25.11,118.85,51.66,32.97,23.51,17.67,0,0,0,0,0,0
4.17,19.81,68.04,33.15,8.32,63.25,38.76,97.21,126.7,101.4,20.75,96.97,43.26,24.33,17.86,14.36,0,0,0,0,0,0
4.4,19.87,70.26,31.14,8.51,54.05,36.95,83.33,109.08,83.15,19.83,89.4,40.56,19.84,14.61,13.06,0,0,0,0,0,0
9.05,40.99,172.3,63.25,20.05,100.97,73.42,158.99,210.32,138.23,39.38,165.12,76.03,33.91,22.26,22.31,0,0,0,0,0,0
13.49,63.86,279.57,103.45,32.22,156.81,116.02,249.8,327.01,214.21,60.65,261.42,122.41,52.96,32.74,34.12,0,0,0,0,0,0
17.74,81.39,343.84,135.8,40.13,197.69,147.75,314.23,409.32,278.84,80.09,344.6,166.92,68.86,43.06,47.98,0,0,0,0,0,0
21.95,94.27,373.55,157.67,44.65,223.03,168.54,351.22,458.47,324.79,97.63,407.92,203.86,79.89,52,61.96,0,0,0,0,0,0
23.91,99.5,382.39,164.25,46.3,234.23,175.49,365.8,479.73,343.13,104.57,430.83,215.98,84.46,56.55,67.7,0,0,0,0,0,0
21.61,93.36,366.19,153.43,43.81,227.06,165.01,355.52,465.77,331.03,96.45,403.56,197.76,82.34,54.57,61.77,0,0,0,0,0,0
17.49,85.58,362.39,142.59,41.56,227.31,154.89,360.11,469.41,325.02,83.62,370.48,172.16,82.52,52.12,51.5,0,0,0,0,0,0
17.06,84.45,350.7,136.63,39.9,231.1,150.07,364.68,479.02,333.58,83.71,366.11,166.96,86.51,55.17,52.54,0,0,0,0,0,0
16.43,81.02,331.03,125.41,37.37,223.78,140.85,352.47,464.95,323.02,82.62,346.47,155.72,85.56,54.98,51.53,0,0,0,0,0,0
16.27,80.51,330.69,124.82,37.28,224.87,140.7,354.08,466.53,324.1,83.03,344.83,155.21,85.98,55.07,51.34,0,0,0,0,0,0
16.2,80.04,331.81,125.25,37.54,225.43,142.44,354.97,468.57,324.07,83.23,344.02,155.77,85.23,54.37,50.6,0,0,0,0,0,0
16.42,80.78,337.8,125.24,38.16,221.95,142.18,349.72,462.53,315.36,83.46,342.08,154.9,83.16,52.61,50.14,0,0,0,0,0,0
14.45,71.07,302.74,111.96,33.98,201.48,126.92,317.15,418.66,282.83,73.3,301.27,136.03,73.98,46.93,43.54,0,0,0,0,0,0
12.15,59.11,244.67,93.32,27.8,170.44,104.89,267.14,353.18,244.77,61.11,255.25,114.37,63.93,41.51,37.77,0,0,0,0,0,0
13.09,60.67,242.28,94.28,28.38,171.45,104.64,265.96,353.61,248.29,61.35,260.91,115.86,64.47,43.39,39.4,0,0,0,0,0,0
15.28,65.03,243.53,98.39,30.14,176.39,106.87,265.94,360.88,254.74,63.42,277.14,121.39,64.69,46.89,43.31,0,0,0,0,0,0
13.56,56.79,209.11,86.28,26.33,152.58,92.1,228.54,311.33,221.68,55.24,243.22,104.96,55.62,41.56,38.56,0,0,0,0,0,0
6.99,30.17,105.16,47.59,13.32,89.82,48.89,133.79,181.51,137.51,30.2,137.82,57.87,34.48,26.18,22.77,0,0,0,0,0,0
6.3,28.18,99.4,45.48,12.33,90.51,46.39,135.49,181.67,139.13,28.16,131.34,54.69,35.15,26.23,21.46,0,0,0,0,0,0
5.94,27.7,100.11,45.83,12.11,93.8,47.19,142.01,188.76,145.31,27.79,131.3,54.63,36.79,26.84,20.97,0,0,0,0,0,0
6.02,28.78,103.57,48.55,12.47,99.6,52.46,152.34,199.62,156.53,29.39,139.64,59.5,39.19,28.33,21.49,0,0,0,0,0,0
4.75,23.79,86.9,41.28,10.15,83.85,46.6,129.75,168.48,132.12,24.96,118.32,51.4,32.53,23.23,17.5,0,0,0,0,0,0
4.21,20.24,70.13,34.05,8.48,65.56,39.68,101.05,131.52,104.77,21.15,99.52,44.15,25.27,18.44,14.68,0,0,0,0,0,0
4.46,20.24,72.33,31.8,8.68,55.8,37.57,85.92,111.88,84.97,20.2,90.87,41.25,20.38,14.96,13.25,0,0,0,0,0,0
9.07,40.95,171.99,63.01,20.07,100.11,73.11,157.56,207.7,136.92,39.35,164.3,75.85,33.62,22.1,22.22,0,0,0,0,0,0
13.52,63.95,280.23,103.53,32.26,156.96,116.05,249.86,326.6,213.82,60.74,261.37,122.53,52.9,32.7,34.1,0,0,0,0,0,0
17.73,81.3,343.48,135.6,40.09,197.17,147.57,313.37,408.08,277.82,79.99,343.98,166.69,68.59,42.9,47.88,0,0,0,0,0,0
21.97,94.33,373.97,157.86,44.69,223.72,168.72,352.16,459.88,325.58,97.71,408.19,203.98,80.06,52.14,62.02,0,0,0,0,0,0
23.88,99.45,381.67,163.95,46.25,233.17,175.14,364.34,478.05,342.56,104.51,430.7,215.95,84.38,56.38,67.67,0,0,0,0,0,0
21.55,93.22,365.85,153.35,43.69,227.4,165.05,355.97,468.04,331.31,96.3,403.66,197.67,82.3,54.46,61.75,0,0,0,0,0,0
17.45,85.67,362.51,142.7,41.53,227.4,155.05,360.66,470.62,325.9,83.65,371.62,172.45,82.8,52.17,51.59,0,0,0,0,0,0
17.08,84.82,352.84,137.3,39.99,233,150.77,367.59,483.04,335.57,84.04,368.02,167.74,87.07,55.43,52.73,0,0,0,0,0,0
16.45,81.2,332.9,125.87,37.42,225.51,141.37,354.68,468.11,323.47,82.79,347.04,156.05,85.63,55.02,51.54,0,0,0,0,0,0
16.17,79.9,327.81,123.57,37.01,221.59,139.51,348.83,460.02,319.11,82.4,341.56,153.95,84.61,54.17,50.86,0,0,0,0,0,0
16.29,81.01,335.71,126.9,37.91,228.79,144.01,361.14,474.83,330.24,84.13,349.3,157.7,87.15,55.52,51.27,0,0,0,0,0,0
16.33,80.53,336.98,124.86,37.97,220.71,141.99,348.14,460.07,312.59,83.08,341.19,154.27,82.43,52.14,49.87,0,0,0,0,0,0
14.29,70.19,296.66,109.83,33.59,194.62,124.73,307.39,405.7,276.52,72.4,297.37,134.33,72.46,45.81,43.02,0,0,0,0,0,0
12.06,58.54,241.2,91.88,27.55,165.99,103.41,260.47,344.07,239.53,60.52,252.11,113.18,62.64,40.6,37.32,0,0,0,0,0,0
12.97,59.83,238.67,92.6,28,167.07,103.05,258.83,344.67,240.94,60.47,256.29,114.08,62.45,42.07,38.68,0,0,0,0,0,0
15.23,64.55,240.19,97.16,29.99,172.35,105.54,260.01,352.24,250.71,62.95,274.42,120.35,63.73,46.27,42.99,0,0,0,0,0,0
13.54,56.91,208.42,86.08,26.35,151.39,91.75,227.19,309.87,222.59,55.37,244.19,105.4,56.04,41.59,38.71,0,0,0,0,0,0
7.13,31.17,109.9,49.75,13.77,96,50.98,143.48,194.88,147.14,31.26,143.63,60.1,37.02,27.8,23.66,0,0,0,0,0,0
6.36,28.51,101.02,46.43,12.52,93.24,47.37,139.88,187.27,143.23,28.51,133.47,55.36,36.17,27.02,21.83,0,0,0,0,0,0
5.95,28.03,101.96,46.68,12.2,96.21,48.14,145.97,194.17,148.37,28.07,133.61,55.33,37.57,27.35,21.24,0,0,0,0,0,0
5.95,28.68,103.13,48.47,12.35,99.62,52.5,152.54,201.17,156.75,29.24,139.99,59.44,39.19,28.22,21.47,0,0,0,0,0,0
4.75,23.59,85.35,40.63,10.12,81.82,45.81,126.54,164.01,130.28,24.82,116.82,51,32.11,22.93,17.37,0,0,0,0,0,0
4.19,19.71,67.44,32.89,8.32,62.61,38.43,96.03,125.2,100.72,20.7,96.16,43.07,24.15,17.75,14.3,0,0,0,0,0,0
4.42,19.93,70.3,31.19,8.56,54.22,36.94,83.53,109.51,83.95,19.93,89.64,40.73,20.07,14.73,13.14,0,0,0,0,0,0
9.06,41.03,171.94,63.17,20.08,100.49,73.26,158.4,209.42,138.6,39.44,165.3,76.15,34.07,22.32,22.38,0,0,0,0,0,0
13.51,63.99,280.25,103.77,32.28,157.72,116.33,251.21,328.88,215.51,60.79,262.18,122.69,53.3,32.97,34.24,0,0,0,0,0,0
17.72,81.29,343.56,135.63,40.08,197.38,147.62,313.62,408.65,277.91,79.98,343.99,166.68,68.58,42.9,47.88,0,0,0,0,0,0
21.95,94.32,373.89,157.78,44.66,223.45,168.66,351.78,459.37,325.18,97.69,408.15,203.97,79.98,52.05,61.99,0,0,0,0,0,0
23.77,98.73,378.47,162.5,45.93,229.33,173.76,358.15,470.17,336.33,103.77,426.76,214.43,82.68,55.28,67.07,0,0,0,0,0,0
21.28,91.43,357.53,149.55,42.88,216.78,161.39,339.18,445.61,314.61,94.41,393.52,193.76,77.84,51.58,60.18,0,0,0,0,0,0
17.05,83.12,351.47,137.67,40.34,214.23,150.35,339.37,443.73,303.72,80.97,357.72,167,76.69,48.24,49.44,0,0,0,0,0,0
16.87,83.35,346.35,134.49,39.36,225.12,148.16,355.24,465.62,322.29,82.46,359.78,164.37,83.47,53.3,51.46,0,0,0,0,0,0
16.66,82.37,338.27,128.43,38.01,232.63,143.79,365.88,482.6,334.77,84.06,353.48,158.55,88.62,57.06,52.6,0,0,0,0,0,0
16.7,83.63,346.59,131.65,38.62,244.46,147.47,384.59,507.54,351.82,86.25,362.32,161.93,93.28,59.81,53.89,0,0,0,0,0,0
16.61,83.07,346.37,131.23,38.81,241.59,148.18,380.52,501.69,348.18,86.33,360.3,162.24,91.87,58.48,52.92,0,0,0,0,0,0
16.86,83.62,351.09,130.92,39.44,237.38,147.56,374.04,493.8,339.06,86.42,357.13,160.92,89.63,56.76,52.41,0,0,0,0,0,0
14.93,73.74,314.15,117.06,35.28,215.63,131.49,339.16,448.4,307.24,76.28,315.37,142,80.61,51.08,45.89,0,0,0,0,0,0
12.44,60.89,252.53,96.69,28.62,179.46,107.97,281.36,371.58,259.7,63.02,264.54,118.23,68.06,44.09,39.22,0,0,0,0,0,0
13.41,62.35,249.97,97.55,29.23,180.34,107.59,279.69,370.85,262.3,63.19,269.18,119.4,68.3,45.91,40.76,0,0,0,0,0,0
15.7,67.46,252.2,102.97,31.38,187.49,110.93,284.68,383.55,277.45,66.05,290.62,126.61,71.06,51.04,45.59,0,0,0,0,0,0
13.74,58.34,216.7,89.38,26.94,160.89,95.16,241.84,328.47,233.68,56.77,251.76,108.23,58.93,43.6,39.7,0,0,0,0,0,0
7.17,31.7,112.34,50.54,13.94,97.27,51.76,146.01,196.35,148.77,31.7,146.13,61.03,37.68,28.16,23.88,0,0,0,0,0,0
6.34,28.42,99.52,45.64,12.45,90.64,46.38,135.91,182.59,141.55,28.47,132.68,55.35,35.91,26.57,21.74,0,0,0,0,0,0
5.98,27.76,99.63,45.99,12.21,94.14,47.25,142.73,189.75,147.56,27.93,131.89,54.83,37.37,27.29,21.2,0,0,0,0,0,0
6,28.73,102.61,48.41,12.45,99.52,52.25,152.22,201.36,158.39,29.42,140.09,59.7,39.63,28.47,21.65,0,0,0,0,0,0
4.88,24.26,87.85,42.04,10.47,86.18,47.07,133.23,174.42,138.73,25.64,120.92,52.69,34.28,24.28,18.14,0,0,0,0,0,0
4.2,19.77,68.3,33.15,8.35,63.24,38.77,97.01,125.49,100.27,20.71,96.21,43.01,24.02,17.79,14.25,0,0,0,0,0,0
4.44,20.08,71.8,31.64,8.6,55.85,37.45,85.75,112.77,84.86,20.07,90.35,41.04,20.24,14.86,13.2,0,0,0,0,0,0
9.03,40.82,171.17,62.8,19.98,99.71,72.92,157,208.03,137.04,39.24,164.19,75.73,33.6,22.01,22.21,0,0,0,0,0,0
13.47,63.65,278.6,103.01,32.14,155.61,115.57,247.85,324.37,212.37,60.45,260.17,121.96,52.47,32.43,33.95,0,0,0,0,0,0
17.71,81.18,343.04,135.39,40.04,196.66,147.37,312.47,406.92,276.79,79.87,343.26,166.42,68.29,42.73,47.78,0,0,0,0,0,0
21.93,94.13,373.26,157.49,44.58,222.76,168.41,350.59,457.77,323.57,97.48,407.08,203.53,79.51,51.79,61.83,0,0,0,0,0,0
23.78,98.74,378.71,162.63,45.94,229.61,173.94,358.65,470.2,336.21,103.75,426.74,214.34,82.63,55.34,67.06,0,0,0,0,0,0
21.34,91.76,359.14,150.32,43.04,218.88,162.16,342.54,449.64,317.58,94.74,395.32,194.39,78.63,52.15,60.46,0,0,0,0,0,0
17.11,83.28,351.81,138.05,40.48,215.37,150.63,341.13,446.28,306.53,81.22,358.68,167.43,77.41,48.75,49.7,0,0,0,0,0,0
16.8,82.77,343.2,133.29,39.13,221.75,146.96,350.02,458.95,318.11,81.89,356.79,163.19,82.33,52.58,51.07,0,0,0,0,0,0
16.51,81.49,333.82,126.47,37.59,226.86,141.91,357.07,470.53,326.4,83.1,348.64,156.61,86.45,55.63,51.84,0,0,0,0,0,0
16.44,82,337,127.94,37.91,233.15,143.76,367.8,484.83,338.39,84.54,354,158.51,89.85,57.51,52.7,0,0,0,0,0,0
16.41,81.77,339.98,128.86,38.25,234.88,146.02,370.42,487.99,338.37,84.93,353.89,159.38,89.16,56.9,51.97,0,0,0,0,0,0
16.91,84.11,353.33,132.08,39.65,240.02,148.78,378.78,498.58,342.96,86.84,360.1,161.78,90.73,57.59,52.79,0,0,0,0,0,0
14.89,73.87,313.87,117.41,35.32,215.03,131.94,339.72,446.19,307.74,76.24,316.82,141.98,80.94,51.45,46,0,0,0,0,0,0
12.45,61.36,253.42,97.62,28.79,181.34,108.88,285.36,377.02,265.56,63.47,268.45,119.39,69.72,45.06,39.81,0,0,0,0,0,0
13.41,62.7,250.32,97.99,29.33,180.88,107.95,281.34,373.32,265.98,63.53,271.93,120.32,69.44,46.44,41.16,0,0,0,0,0,0
15.78,67.96,255.06,103.85,31.58,190.04,111.75,288.33,388.23,280.13,66.56,292.69,127.62,71.82,51.47,45.85,0,0,0,0,0,0
14,59.62,222.2,91.93,27.62,167.97,97.43,252.79,342.78,245.71,58.22,258.32,111.02,62.17,45.74,40.86,0,0,0,0,0,0
7.29,31.99,113.31,51.22,14.19,99.44,52.26,149.11,200.76,153.11,32.13,147.47,61.72,38.76,28.97,24.28,0,0,0,0,0,0
6.44,28.82,101.68,46.41,12.68,92.7,47.06,138.9,185.54,143.89,28.9,134.07,56.06,36.57,27.08,21.97,0,0,0,0,0,0
6.02,28.42,103.12,47.37,12.41,98.16,48.69,149.07,198.98,153.03,28.55,135.94,56.33,38.82,28.09,21.69,0,0,0,0,0,0
6.01,28.82,103.9,48.64,12.45,100.19,52.57,153.07,201.59,157.24,29.43,140.01,59.68,39.33,28.35,21.53,0,0,0,0,0,0
4.7,23.35,84.12,39.97,9.96,80.13,45.15,123.78,161.26,127.99,24.58,115.58,50.61,31.51,22.4,17.15,0,0,0,0,0,0
4.18,19.73,66.92,32.75,8.33,61.79,38.23,95.07,123.58,100.71,20.72,96.32,43.12,24.24,17.75,14.33,0,0,0,0,0,0
4.43,19.87,69.7,31.02,8.58,53.46,36.71,82.48,107.5,83.43,19.89,89.17,40.57,19.97,14.72,13.12,0,0,0,0,0,0
9.04,40.86,171.4,62.83,20.01,99.7,72.94,156.97,207.55,136.81,39.27,164.16,75.76,33.57,22.01,22.2,0,0,0,0,0,0
13.51,63.96,280.07,103.68,32.27,157.48,116.22,250.8,328.34,215.21,60.76,261.93,122.63,53.22,32.92,34.22,0,0,0,0,0,0
17.72,81.21,343.29,135.53,40.05,197.23,147.53,313.31,408.43,277.58,79.91,343.62,166.54,68.46,42.83,47.84,0,0,0,0,0,0
21.96,94.29,374.03,157.81,44.67,223.45,168.71,351.77,458.72,324.54,97.64,407.82,203.81,79.81,52.02,61.93,0,0,0,0,0,0
23.93,99.56,382.17,164.14,46.35,233.74,175.25,365.02,478.64,343.4,104.67,430.85,216.15,84.61,56.58,67.76,0,0,0,0,0,0
21.65,93.56,367.09,153.92,43.92,228.77,165.47,358.05,470.05,334.01,96.71,404.93,198.33,83.07,55.02,62.03,0,0,0,0,0,0
17.45,85.46,362.16,142.52,41.47,227.21,154.94,360.05,469.43,324.17,83.44,370.2,171.88,82.24,51.98,51.4,0,0,0,0,0,0
16.98,84.01,349.1,135.79,39.67,228.55,149.35,360.76,472.82,328.39,83.17,363.48,165.83,85.14,54.36,52.06,0,0,0,0,0,0
16.41,80.64,331.01,124.99,37.22,223.62,140.58,351.2,463.54,318.97,82.23,343.63,154.76,84.28,54.32,51.07,0,0,0,0,0,0
16.23,80.45,330.94,124.79,37.21,224.95,140.79,354.15,466.7,323.02,82.91,344.59,155.04,85.66,54.86,51.22,0,0,0,0,0,0
16.11,79.56,329.9,124.39,37.29,223.17,141.71,351.42,464.15,319.93,82.69,341.68,154.75,84.08,53.62,50.19,0,0,0,0,0,0
16.33,80.39,335.59,124.19,37.93,218.71,141.14,344.9,456.24,311.14,83.01,340.08,154.11,82.13,51.8,49.77,0,0,0,0,0,0
14.3,70.31,298,110.13,33.61,195.44,125.11,308.55,406.49,275.88,72.45,297.61,134.41,72.29,45.75,42.95,0,0,0,0,0,0
12.15,59.2,243.63,92.94,27.83,168.71,104.3,264.87,350.3,245.22,61.24,255.7,114.73,64.26,41.48,37.89,0,0,0,0,0,0
13.07,60.43,241.83,93.64,28.26,170.11,103.97,263.17,350.45,244.8,61.13,258.84,115.36,63.53,42.69,39.06,0,0,0,0,0,0
15.24,64.65,240.96,97.63,30.03,173.87,106.09,262.4,355.57,252.42,63.03,275.29,120.54,64.09,46.59,43.12,0,0,0,0,0,0
13.53,56.71,207.93,85.84,26.28,150.53,91.6,225.92,306.81,220.05,55.12,242.8,104.74,55.36,41.32,38.47,0,0,0,0,0,0
7.03,30.65,108.15,48.78,13.49,92.97,50.2,138.91,187.35,140.67,30.6,140.56,58.73,35.33,26.81,23.05,0,0,0,0,0,0
6.19,27.64,96.76,44.6,12.07,88.31,45.63,132.19,178.3,136.26,27.6,129.26,53.67,34.28,25.67,21.16,0,0,0,0,0,0
5.79,26.83,96.14,44.21,11.69,89.75,45.7,135.52,181.42,139.04,26.89,127.07,52.88,34.99,25.66,20.34,0,0,0,0,0,0
5.93,28.07,99.94,47.25,12.19,96.52,51.19,147.28,194.4,152.72,28.73,136.22,58.16,38.03,27.59,21.09,0,0,0,0,0,0
4.87,24.17,87.48,41.82,10.43,85.13,46.89,131.83,171.28,136.69,25.49,120.16,52.32,33.81,24.05,17.98,0,0,0,0,0,0
4.16,19.71,67.37,32.89,8.29,62.52,38.46,96.06,125.41,100.79,20.67,96.45,43.1,24.18,17.72,14.31,0,0,0,0,0,0
4.46,20.07,71.4,31.59,8.64,55.3,37.36,85.14,110.87,84.5,20.05,90.07,40.89,20.2,14.93,13.19,0,0,0,0,0,0
9.05,40.89,171.81,62.95,20.02,99.97,73.1,157.39,207.57,136.51,39.27,164.16,75.72,33.49,22.02,22.17,0,0,0,0,0,0
13.49,63.8,279.6,103.36,32.19,156.62,115.95,249.37,326.21,213.23,60.58,260.88,122.23,52.69,32.59,34.03,0,0,0,0,0,0
17.74,81.4,344.08,135.85,40.13,197.91,147.82,314.5,409.7,278.76,80.09,344.59,166.92,68.83,43.05,47.97,0,0,0,0,0,0
21.97,94.36,374.04,157.84,44.69,223.55,168.69,351.95,459.51,325.51,97.74,408.34,204.07,80.09,52.11,62.03,0,0,0,0,0,0
23.91,99.67,382.99,164.51,46.35,234.96,175.72,367,481.84,344.74,104.74,431.94,216.43,84.91,56.75,67.86,0,0,0,0,0,0
21.65,93.73,368.21,154.34,43.95,229.9,165.96,359.92,472.36,335.07,96.84,406.02,198.65,83.35,55.2,62.12,0,0,0,0,0,0
17.56,86.07,364.33,143.6,41.79,229.9,155.85,364.45,475.03,329.82,84.13,373.44,173.24,83.83,52.97,51.97,0,0,0,0,0,0
17.08,84.37,351.12,136.66,39.9,231.26,150.16,364.67,477.84,331.87,83.6,365.04,166.55,86,55.04,52.37,0,0,0,0,0,0
16.45,81.06,332.61,125.83,37.38,225.56,141.4,354.69,467.78,322.74,82.63,346.32,155.66,85.35,54.99,51.45,0,0,0,0,0,0
16.2,79.99,328.49,123.91,37.07,222.52,139.88,350.3,461.49,319.95,82.48,342.03,154.05,84.8,54.39,50.93,0,0,0,0,0,0
16.15,79.68,329.48,124.2,37.39,221.81,141.32,349.65,460.4,319.68,82.85,341.72,154.93,84.22,53.67,50.25,0,0,0,0,0,0
16.4,80.69,337.02,124.84,38.1,220.64,141.74,347.78,460.02,314.09,83.36,341.53,154.75,82.9,52.34,50.05,0,0,0,0,0,0
14.25,70.01,297.53,109.91,33.46,195.92,125.05,308.68,408.52,274.94,72.16,296.38,133.89,71.8,45.47,42.77,0,0,0,0,0,0
12.06,58.61,242.16,92.27,27.57,167.21,103.91,262.33,346.16,239.96,60.54,252.55,113.21,62.69,40.74,37.33,0,0,0,0,0,0
12.91,59.55,237.16,92.02,27.86,165.57,102.49,256.49,342.25,239.19,60.2,255.07,113.59,61.96,41.7,38.51,0,0,0,0,0,0
15.18,64.26,239.05,96.64,29.83,171.07,105.09,257.94,349.81,248.26,62.63,272.95,119.73,63.03,45.82,42.74,0,0,0,0,0,0
13.55,56.79,208.28,86.1,26.33,151.6,91.85,227.44,309.62,221.92,55.24,243.47,105.01,55.78,41.6,38.62,0,0,0,0,0,0
7.07,30.87,108.16,49.03,13.63,92.98,50.31,139.44,187.19,142.69,30.84,141.77,59.18,35.99,27.24,23.3,0,0,0,0,0,0
6.39,28.47,100.67,46.1,12.54,91.74,46.93,137.58,182.53,140.89,28.47,132.32,55.08,35.69,26.76,21.66,0,0,0,0,0,0
5.96,27.6,99.74,45.6,12.11,93.33,46.89,140.94,187.26,144.35,27.74,130.26,54.4,36.5,26.71,20.88,0,0,0,0,0,0
5.96,28.51,102.57,48.06,12.31,98.74,52.03,150.71,198.78,154.85,29.12,138.43,59.05,38.66,27.91,21.29,0,0,0,0,0,0
4.77,23.83,86.18,41.27,10.21,83.78,46.47,129.78,169.24,134.13,25.08,118.88,51.65,33.07,23.53,17.71,0,0,0,0,0,0
4.29,20.44,70.13,34.21,8.66,65.89,39.61,101.53,132.34,107.4,21.48,100.31,44.7,26.03,18.89,14.97,0,0,0,0,0,0
4.46,20.15,72.07,31.78,8.66,56.13,37.56,86.21,112.95,85.34,20.15,90.55,41.14,20.38,15,13.25,0,0,0,0,0,0
9.09,41.01,172.19,63.24,20.11,100.89,73.34,158.78,209.67,138.44,39.44,164.89,76.03,33.97,22.36,22.34,0,0,0,0,0,0
13.5,63.79,279.44,103.41,32.21,156.81,115.99,249.69,326.69,213.79,60.59,260.93,122.22,52.81,32.71,34.07,0,0,0,0,0,0
17.71,81.21,343.21,135.48,40.05,196.9,147.48,312.91,407.49,277.14,79.89,343.54,166.49,68.39,42.79,47.81,0,0,0,0,0,0
21.96,94.19,373.39,157.55,44.64,222.82,168.42,350.69,457.61,323.99,97.57,407.22,203.64,79.65,51.9,61.88,0,0,0,0,0,0
23.87,99.41,381.83,163.92,46.23,233.23,175.14,364.26,477.89,341.83,104.46,430.31,215.82,84.16,56.27,67.59,0,0,0,0,0,0
21.6,93.51,367.09,153.85,43.83,228.57,165.49,357.87,470.09,333.23,96.6,404.99,198.24,82.86,54.82,61.95,0,0,0,0,0,0
17.48,85.73,363.37,143.06,41.58,229.07,155.43,362.76,474.36,327.46,83.77,371.97,172.65,83.08,52.4,51.69,0,0,0,0,0,0
17.04,84.32,351.09,136.46,39.81,230.87,150.01,363.95,477.54,330.85,83.52,364.84,166.5,85.74,54.74,52.26,0,0,0,0,0,0
16.42,80.94,331.63,125.39,37.32,224.04,140.92,352.49,464.69,321.27,82.51,345.62,155.43,85.04,54.71,51.34,0,0,0,0,0,0
16.29,80.75,332.16,125.52,37.37,227.05,141.47,357.49,471.35,326.79,83.26,346.49,155.74,86.63,55.53,51.57,0,0,0,0,0,0
16.22,80.36,333.19,125.78,37.64,226.59,142.96,357.04,471.04,326.05,83.52,345.85,156.45,85.84,54.69,50.81,0,0,0,0,0,0
16.26,79.82,333.96,123.35,37.68,216.85,140.47,341.57,451.64,306.01,82.39,336.73,152.75,80.62,50.99,49.24,0,0,0,0,0,0
14.22,69.96,295.87,109.43,33.43,193.57,124.45,305.82,403.89,274.24,72.09,296.38,133.81,71.82,45.37,42.78,0,0,0,0,0,0
12.13,59,243.85,92.94,27.76,168.77,104.49,264.86,348.77,242.56,60.95,254.31,113.99,63.46,41.24,37.6,0,0,0,0,0,0
12.95,59.68,237.89,92.15,27.94,165.58,102.57,256.51,340.99,238.66,60.31,255.09,113.7,61.91,41.72,38.49,0,0,0,0,0,0
15.39,65.55,244.45,99.18,30.45,177.65,107.43,268.6,363.17,259.7,64,279.93,122.47,66.18,47.87,43.86,0,0,0,0,0,0
13.49,56.55,206.81,85.57,26.2,150.24,91.33,225.39,307.93,220.76,55,242.65,104.65,55.45,41.28,38.5,0,0,0,0,0,0
7.11,31.02,108.25,49.22,13.73,93.79,50.36,140.55,190.01,145.62,31.11,142.81,59.75,36.75,27.61,23.57,0,0,0,0,0,0
6.28,28.03,97.76,45.21,12.29,90.1,46.06,134.93,182.79,140.96,28.11,131.42,54.69,35.56,26.4,21.62,0,0,0,0,0,0
6.09,28.36,101.38,46.92,12.52,96.26,47.97,146.35,194.3,153.07,28.61,135.04,56.19,38.96,28.24,21.77,0,0,0,0,0,0
5.97,28.53,100.7,47.48,12.36,96.04,51.18,147.19,193.44,154.78,29.2,138.46,59.21,38.91,27.89,21.4,0,0,0,0,0,0
4.84,24.05,86.24,41.13,10.36,82.49,46.07,127.99,165.34,133.92,25.36,119.07,52.05,33.27,23.56,17.79,0,0,0,0,0,0
4.15,19.49,66.52,32.49,8.22,61.39,38.09,94.2,122.3,98.49,20.44,94.91,42.51,23.55,17.42,14.09,0,0,0,0,0,0
4.41,19.73,69.65,30.89,8.5,53.72,36.66,82.45,108.34,82.62,19.75,88.39,40.3,19.63,14.52,13,0,0,0,0,0,0
9.03,40.72,170.54,62.54,19.96,98.87,72.64,155.72,206.02,136.03,39.14,163.52,75.5,33.36,21.87,22.13,0,0,0,0,0,0
13.51,63.98,279.98,103.66,32.27,157.35,116.2,250.69,328.2,215.38,60.78,262.1,122.68,53.29,32.93,34.24,0,0,0,0,0,0
17.74,81.4,343.99,135.86,40.14,197.95,147.83,314.58,409.8,279.03,80.1,344.64,166.93,68.89,43.11,47.99,0,0,0,0,0,0
22.01,94.53,374.84,158.23,44.8,224.6,169.05,353.56,461.13,326.98,97.93,409.04,204.35,80.47,52.45,62.17,0,0,0,0,0,0
23.91,99.63,382.32,164.25,46.34,233.88,175.39,365.53,479.55,344.08,104.71,431.67,216.36,84.82,56.64,67.83,0,0,0,0,0,0
21.63,93.69,367.96,154.15,43.91,229.09,165.78,358.8,470.33,333.71,96.75,405.62,198.48,83.06,54.99,62.01,0,0,0,0,0,0
17.51,85.85,363.85,143.17,41.65,228.76,155.5,362.53,472.23,326.76,83.85,372.01,172.68,83.01,52.45,51.67,0,0,0,0,0,0
17.09,84.52,351.08,136.64,39.96,230.45,150.04,363.86,475.7,331.91,83.73,365.61,166.8,86.19,55.09,52.43,0,0,0,0,0,0
16.4,80.81,330.18,125.09,37.28,222.94,140.58,351.18,463.22,321.51,82.4,345.5,155.27,85.13,54.74,51.38,0,0,0,0,0,0
16.09,79.64,327.58,123.55,36.83,222.06,139.77,349.53,461.6,317.86,82.05,340.97,153.36,84.09,53.94,50.67,0,0,0,0,0,0
16.07,79.67,330.26,124.74,37.29,223.66,142.17,352.83,465.28,320.89,82.71,342.91,154.89,84.38,53.86,50.29,0,0,0,0,0,0
16.34,80.53,336.52,124.76,38,220.01,141.82,347.28,458.07,312.35,83.09,341.04,154.21,82.44,52.19,49.88,0,0,0,0,0,0
14.43,71,301.37,111.67,33.95,200.09,126.58,315.59,416.29,282.87,73.22,301.37,135.94,74.09,46.95,43.58,0,0,0,0,0,0
12.07,58.81,242.93,92.62,27.62,167.99,104.26,263.79,348.12,241.55,60.72,253.89,113.67,63.16,40.98,37.49,0,0,0,0,0,0
12.98,59.69,237.26,92.23,28.01,165.69,102.57,256.88,341.48,240.33,60.38,255.4,113.76,62.33,42.06,38.66,0,0,0,0,0,0
15.22,64.6,240.18,97.34,30,172.48,105.75,260.63,352.4,251.27,62.95,274.99,120.38,63.9,46.44,43.05,0,0,0,0,0,0
13.53,56.81,208.32,86.01,26.31,151.24,91.75,226.92,309.03,221.46,55.24,243.54,105.07,55.71,41.46,38.59,0,0,0,0,0,0
6.97,30.37,106.5,48.23,13.35,91.83,49.65,137.05,186.51,139.96,30.36,139.63,58.36,35.06,26.53,22.96,0,0,0,0,0,0
6.16,27.43,95.58,44.01,11.96,86.53,45.02,129.44,174.64,133.87,27.37,127.98,53.22,33.7,25.22,20.95,0,0,0,0,0,0
5.94,27.92,100.64,46.07,12.16,94.27,47.37,142.98,190.63,147.24,28.02,132.83,55.25,37.38,27.06,21.18,0,0,0,0,0,0
6.04,29.23,105.41,49.28,12.6,101.78,53.13,155.74,205.54,160.66,29.86,142.44,60.67,40.33,28.84,21.88,0,0,0,0,0,0
4.82,24.37,89.28,42.16,10.38,85.95,47.36,133.17,172.89,136.02,25.57,121.26,52.68,33.7,23.84,17.91,0,0,0,0,0,0
4.23,20.11,69.77,33.61,8.46,64.42,39.15,98.82,128.1,102.3,21.06,97.84,43.79,24.64,18.05,14.46,0,0,0,0,0,0
4.45,20.19,71.78,31.76,8.66,55.72,37.54,85.96,112.41,85.68,20.17,91.08,41.24,20.55,15.05,13.31,0,0,0,0,0,0
9.07,40.97,171.79,63.04,20.08,100.08,73.12,157.67,207.93,137.58,39.38,164.63,75.94,33.81,22.21,22.28,0,0,0,0,0,0
13.49,63.79,279.32,103.3,32.2,156.35,115.87,249.04,325.65,213.23,60.57,260.83,122.2,52.71,32.61,34.04,0,0,0,0,0,0
17.72,81.27,343.44,135.58,40.07,197.1,147.56,313.26,407.87,277.53,79.95,343.83,166.61,68.5,42.86,47.85,0,0,0,0,0,0
21.94,94.2,373.28,157.56,44.62,222.78,168.44,350.77,457.92,324.31,97.57,407.54,203.71,79.75,51.92,61.91,0,0,0,0,0,0
23.89,99.58,382.28,164.19,46.3,233.8,175.38,365.35,479.34,343.5,104.64,431.41,216.23,84.65,56.54,67.76,0,0,0,0,0,0
21.59,93.52,367.33,153.89,43.81,228.47,165.58,357.85,469.39,332.47,96.55,404.98,198.15,82.69,54.74,61.88,0,0,0,0,0,0
17.42,85.46,361.98,142.28,41.43,226.34,154.65,358.74,467.91,323.26,83.43,370.11,171.94,82.09,51.73,51.34,0,0,0,0,0,0
17.03,84.58,352.48,136.94,39.85,231.98,150.55,365.95,480.05,332.16,83.71,366.49,167.04,86.15,54.92,52.39,0,0,0,0,0,0
16.38,80.89,332.42,125.43,37.22,224.88,141.1,353.32,467.14,320.53,82.42,345.48,155.4,84.73,54.43,51.21,0,0,0,0,0,0
16.14,79.84,328.44,123.76,36.93,222.47,139.87,350.07,461.9,318.59,82.28,341.55,153.77,84.36,54.08,50.76,0,0,0,0,0,0
16.14,79.92,332.03,124.96,37.39,224.66,142.27,353.65,466.8,321.19,83.03,343.26,155.47,84.5,53.8,50.33,0,0,0,0,0,0
16.34,80.55,337.04,124.86,37.99,220.94,141.94,348.28,460.86,313.14,83.14,341.25,154.4,82.55,52.18,49.91,0,0,0,0,0,0
14.31,70.25,297.14,110,33.63,195.3,124.9,308.26,406.98,277.1,72.47,297.51,134.43,72.57,45.91,43.06,0,0,0,0,0,0
12.15,59.05,242.95,92.84,27.81,168.41,104.23,264.48,349.35,244.74,61.1,255.04,114.35,64.08,41.5,37.83,0,0,0,0,0,0
12.99,59.8,238.03,92.42,28.03,166.04,102.8,257.49,341.6,240.12,60.44,255.77,113.88,62.32,42.07,38.65,0,0,0,0,0,0
15.2,64.19,238.84,96.68,29.86,171.16,105.15,258.07,349.25,248.04,62.56,272.42,119.46,62.92,45.92,42.71,0,0,0,0,0,0
13.56,56.76,208.65,86.05,26.34,151.6,91.81,227.13,308.76,220.67,55.2,242.72,104.83,55.43,41.44,38.49,0,0,0,0,0,0
7.1,30.88,107.41,48.74,13.67,92.1,49.84,137.99,185.86,143.19,30.95,141.62,59.36,36.19,27.24,23.38,0,0,0,0,0,0
6.36,28.79,101.99,46.92,12.58,94.93,47.83,142.53,192.75,146.97,28.83,135.74,56.26,37.15,27.43,22.16,0,0,0,0,0,0
5.97,27.81,100.21,46.07,12.18,94.61,47.37,143.29,191.16,147.65,27.96,132.2,55,37.37,27.2,21.19,0,0,0,0,0,0
6.06,29.04,104.18,48.77,12.59,100.28,52.51,153.24,201.86,159.03,29.73,140.89,60.25,39.91,28.61,21.74,0,0,0,0,0,0
4.75,23.68,85.87,40.81,10.12,82.55,46.01,127.58,166.15,131.25,24.91,117.49,51.27,32.34,23.01,17.44,0,0,0,0,0,0
4.21,19.78,67.82,33.07,8.37,63.28,38.6,96.95,126.66,101.7,20.8,96.51,43.24,24.38,17.91,14.38,0,0,0,0,0,0
4.48,20.29,71.55,31.88,8.75,55.87,37.55,86.35,112.92,87.39,20.32,91.67,41.5,21.03,15.37,13.49,0,0,0,0,0,0
9.15,41.4,173.72,63.99,20.29,102.82,74.03,161.97,213.87,142.09,39.86,167.14,76.91,34.98,22.98,22.7,0,0,0,0,0,0
13.52,64.03,280.74,103.86,32.29,158.05,116.44,251.59,329.18,215.26,60.81,262.13,122.71,53.22,32.94,34.21,0,0,0,0,0,0
17.73,81.38,343.8,135.74,40.12,197.53,147.7,313.97,408.93,278.52,80.07,344.45,166.87,68.79,43.01,47.95,0,0,0,0,0,0
21.94,94.19,373.28,157.51,44.61,222.69,168.39,350.58,457.78,324.07,97.56,407.44,203.7,79.69,51.86,61.89,0,0,0,0,0,0
23.77,98.73,378.42,162.49,45.93,229.28,173.76,358.11,470.05,336.31,103.76,426.76,214.42,82.68,55.28,67.07,0,0,0,0,0,0
21.3,91.51,357.96,149.71,42.92,217.38,161.54,339.99,446.92,315.39,94.5,393.86,193.94,78.03,51.69,60.25,0,0,0,0,0,0
16.99,82.53,348.82,136.43,40.11,210.91,149.13,333.94,436.4,298.29,80.37,354.13,165.7,75.22,47.33,48.92,0,0,0,0,0,0
16.84,82.8,344.3,133.52,39.17,223.11,147.22,351.45,461.32,318.25,81.96,356.48,163.23,82.25,52.59,51.04,0,0,0,0,0,0
16.49,81.5,333.72,126.58,37.57,227.42,142.05,358.01,472.93,327.87,83.12,349.37,156.81,86.78,55.77,51.95,0,0,0,0,0,0
16.48,82.36,339.8,128.81,38.01,236.42,144.68,372.24,492.21,341.32,84.92,355.9,159.39,90.52,57.85,52.92,0,0,0,0,0,0
16.68,83.2,346.27,131.55,38.96,242.43,148.4,381.96,503.57,351.05,86.55,361.17,162.57,92.61,59.05,53.2,0,0,0,0,0,0
17.14,84.8,355.84,133.45,40.15,244.32,149.81,384.94,507.46,351.5,87.81,363.3,163.45,92.93,59.1,53.6,0,0,0,0,0,0
14.78,72.92,309.99,115.71,34.93,211.46,130.34,333.31,439.74,301.4,75.35,311.73,140.12,79.01,50.23,45.33,0,0,0,0,0,0
12.5,61.54,256.21,98.37,28.86,184.55,109.77,289.35,382.97,266.39,63.65,268.82,119.67,69.73,45.19,39.8,0,0,0,0,0,0
13.49,63.16,253.31,99.12,29.54,184.12,109.14,286.25,379,269.03,63.97,274.09,121.13,70.22,47.07,41.42,0,0,0,0,0,0
15.73,67.82,255.32,103.97,31.49,190.53,112.08,289.13,388.72,278.81,66.32,292.19,127.15,71.36,51.35,45.68,0,0,0,0,0,0
13.91,59.11,219.97,91.06,27.37,165.76,96.69,249.34,338.59,242,57.66,255.92,109.93,61.1,45.09,40.48,0,0,0,0,0,0
7.18,31.78,112.93,51.04,13.98,99.29,52.32,148.99,201.63,151.72,31.82,147.21,61.33,38.29,28.61,24.1,0,0,0,0,0,0
6.31,28.4,100.17,45.97,12.4,91.87,46.9,137.85,185.31,141.89,28.38,133.08,55.25,35.88,26.65,21.72,0,0,0,0,0,0
5.95,27.53,99.09,45.61,12.1,93.46,46.93,141.31,188.18,145.33,27.68,130.38,54.3,36.7,26.89,20.96,0,0,0,0,0,0
6,28.5,103.82,48.29,12.34,100.25,52.31,152.16,201.12,154.43,29.15,137.65,58.95,38.38,27.85,21.19,0,0,0,0,0,0
4.7,23.33,85.34,40.68,9.96,83.48,46.09,128.38,169.33,130.78,24.58,116.29,50.67,31.9,22.82,17.28,0,0,0,0,0,0
4.16,19.8,68.7,33.44,8.3,64.68,39.17,99.15,130.13,102.28,20.74,97.25,43.27,24.42,17.97,14.38,0,0,0,0,0,0
4.38,19.72,69.85,30.99,8.45,53.75,36.86,82.84,108.22,82.02,19.65,88.61,40.17,19.5,14.47,12.93,0,0,0,0,0,0
9.09,41.17,172.49,63.42,20.15,101.06,73.47,159.39,210.41,139.74,39.59,166.02,76.44,34.41,22.54,22.49,0,0,0,0,0,0
13.5,63.94,279.92,103.59,32.25,157.11,116.13,250.32,327.54,214.78,60.73,261.84,122.58,53.14,32.84,34.18,0,0,0,0,0,0
17.71,81.21,343.14,135.46,40.05,196.8,147.45,312.79,407.29,277.11,79.89,343.53,166.48,68.39,42.79,47.81,0,0,0,0,0,0
21.95,94.2,373.45,157.63,44.64,223.04,168.51,351.12,458.16,324.37,97.57,407.43,203.67,79.75,51.97,61.91,0,0,0,0,0,0
23.79,98.81,379.04,162.75,45.97,230.09,174.04,359.33,471.53,337.11,103.84,427.18,214.56,82.87,55.45,67.13,0,0,0,0,0,0
21.28,91.35,357.42,149.46,42.86,216.65,161.31,338.85,445,313.88,94.33,392.92,193.54,77.62,51.48,60.09,0,0,0,0,0,0
16.92,82.22,347.76,136.04,39.95,210.15,148.85,332.76,435.39,296.63,80.02,352.94,165.07,74.68,47,48.7,0,0,0,0,0,0
16.81,83.05,346.37,134.37,39.2,225.64,148.26,355.64,466.88,320.49,82.09,358.5,163.69,82.78,52.96,51.17,0,0,0,0,0,0
16.43,81.36,335.05,126.84,37.45,228.77,142.57,359.82,474.95,326,82.85,348.69,156.29,86.13,55.5,51.65,0,0,0,0,0,0
16.58,82.51,340.54,129.39,38.23,237.93,145.16,374.66,493.8,343.76,85.12,356.31,159.51,91.12,58.52,53.1,0,0,0,0,0,0
16.52,82.28,342.33,129.89,38.55,237.51,146.9,374.66,492.52,342.81,85.49,356.34,160.39,90.41,57.77,52.37,0,0,0,0,0,0
16.77,83.45,350.79,130.97,39.3,238.04,147.78,375.27,496.75,339.71,86.18,357.45,160.7,89.67,56.74,52.36,0,0,0,0,0,0
14.9,74.34,315.93,118.19,35.44,217.63,132.64,343.76,453.78,312.82,76.75,320.09,143.34,82.31,52,46.44,0,0,0,0,0,0
12.47,61.23,253.01,97.19,28.79,180.29,108.31,283.32,374,263.68,63.38,266.88,119.06,69.25,44.75,39.61,0,0,0,0,0,0
13.42,62.67,252.58,98.75,29.31,184.72,108.97,286.23,381.46,267.32,63.5,271.95,120.25,69.4,46.63,41.11,0,0,0,0,0,0
15.7,67.44,252.85,102.98,31.36,187.85,110.95,284.81,383.94,276.52,66.03,290.1,126.54,70.77,50.85,45.47,0,0,0,0,0,0
13.83,58.6,216.98,90.01,27.17,162.61,95.61,244.7,332.64,238.68,57.16,253.57,108.93,60.22,44.51,40.18,0,0,0,0,0,0
7.03,30.72,108.24,49.03,13.51,94.22,50.42,140.76,191.77,143.66,30.75,141.7,59.17,36.02,27.15,23.29,0,0,0,0,0,0
6.1,27.16,94.89,43.63,11.82,85.74,44.75,128.08,172.92,131.47,27.05,126.59,52.59,33,24.81,20.69,0,0,0,0,0,0
5.84,26.96,97.37,44.64,11.8,90.99,46.14,137.29,182.61,139.49,27.01,127.26,52.97,35.09,25.9,20.37,0,0,0,0,0,0
5.93,28.11,100.32,47.21,12.19,96.29,51.13,146.91,193.41,151.91,28.74,136.11,58.19,37.89,27.47,21.02,0,0,0,0,0,0
4.73,23.54,85.77,40.78,10.07,82.54,46.09,127.59,165.47,130.03,24.72,116.76,50.84,31.96,22.91,17.3,0,0,0,0,0,0
4.18,20.03,69.24,33.5,8.38,64.07,39.09,98.57,128.18,102.31,20.95,98.06,43.71,24.65,18,14.45,0,0,0,0,0,0
4.4,19.71,69.81,30.93,8.48,53.73,36.75,82.59,108.05,82.1,19.69,88.35,40.19,19.51,14.47,12.94,0,0,0,0,0,0
9.02,40.72,170.91,62.65,19.95,99.34,72.8,156.37,206.84,135.95,39.11,163.49,75.45,33.3,21.87,22.1,0,0,0,0,0,0
13.48,63.67,278.67,103.08,32.16,155.76,115.63,248.13,324.6,212.68,60.47,260.29,121.99,52.55,32.5,33.98,0,0,0,0,0,0
17.71,81.15,342.79,135.32,40.03,196.42,147.29,312.17,406.52,276.68,79.84,343.18,166.37,68.27,42.71,47.77,0,0,0,0,0,0
21.99,94.44,374.22,157.99,44.75,223.82,168.8,352.48,459.83,326.31,97.83,408.72,204.21,80.32,52.3,62.11,0,0,0,0,0,0
23.86,99.32,380.97,163.69,46.2,232.42,174.88,363.22,476.48,341.64,104.38,430.03,215.67,84.14,56.24,67.58,0,0,0,0,0,0
21.54,93.22,365.99,153.46,43.68,227.64,165.21,356.49,468.45,331.34,96.26,403.81,197.6,82.29,54.5,61.73,0,0,0,0,0,0
17.38,84.98,359.51,141.53,41.28,224.47,153.93,355.89,464.32,321.16,82.97,367.91,170.95,81.43,51.42,51.09,0,0,0,0,0,0
16.94,83.81,348.33,135.43,39.58,227.74,149,359.48,471.49,327.17,82.96,362.56,165.45,84.79,54.1,51.89,0,0,0,0,0,0
16.41,80.55,329.41,124.5,37.25,221.45,139.88,348.42,458.62,318.44,82.17,343.05,154.57,84.33,54.3,51.05,0,0,0,0,0,0
16.06,79.41,327.24,122.9,36.72,220.13,139.08,346.27,456.16,313.38,81.75,338.74,152.68,82.99,53.2,50.22,0,0,0,0,0,0
16.15,79.82,331.51,124.86,37.42,224.46,142.09,353.34,466.11,321.37,82.95,342.66,155.24,84.52,53.88,50.29,0,0,0,0,0,0
16.41,80.89,338.87,125.45,38.16,222.73,142.39,350.86,464.3,315.77,83.52,342.64,155.14,83.29,52.59,50.12,0,0,0,0,0,0
14.3,70.39,298.4,110.21,33.64,195.76,125.13,309.02,407.44,276.73,72.55,298.06,134.66,72.55,45.82,43,0,0,0,0,0,0
11.95,57.88,238.25,90.47,27.25,162.19,102,254.43,336.27,233.71,59.83,248.43,111.79,61.09,39.54,36.73,0,0,0,0,0,0
12.96,59.56,237.13,92.07,27.94,165.94,102.43,256.84,342.87,240.2,60.28,254.87,113.64,62.19,41.89,38.58,0,0,0,0,0,0
15.24,64.29,239.38,96.87,29.95,171.88,105.24,258.93,350.65,249.2,62.73,272.7,119.72,63.21,46.1,42.81,0,0,0,0,0,0
13.44,56.18,206.3,85.21,26.03,149.49,91.16,224,305.2,216.87,54.54,240.41,103.61,54.3,40.75,38.08,0,0,0,0,0,0
6.96,30.28,105.96,47.99,13.32,90.58,49.41,135.47,182.91,138.07,30.21,138.92,57.99,34.66,26.35,22.81,0,0,0,0,0,0
6.19,27.7,97.1,44.51,12.06,87.92,45.5,131.55,177.19,135.41,27.63,129.18,53.75,34.15,25.49,21.1,0,0,0,0,0,0
5.82,27.19,97.62,44.71,11.82,90.74,46.12,137.32,183.3,141.01,27.23,128.9,53.65,35.66,25.99,20.56,0,0,0,0,0,0
6.05,28.87,104.24,48.82,12.54,100.58,52.7,153.66,201.38,157.58,29.5,139.92,59.67,39.43,28.54,21.57,0,0,0,0,0,0
4.76,23.59,85.13,40.59,10.13,81.83,45.72,126.52,164.33,130.84,24.85,116.85,51.06,32.25,23,17.41,0,0,0,0,0,0
4.27,20.44,70.41,34.22,8.62,65.71,39.69,101.43,131.39,106.33,21.4,100.21,44.56,25.79,18.76,14.87,0,0,0,0,0,0
4.47,20.17,71.68,31.67,8.68,55.66,37.37,85.61,112.13,85.61,20.18,90.63,41.21,20.51,15.03,13.29,0,0,0,0,0,0
9.06,40.97,172.1,63.13,20.06,100.72,73.25,158.49,209.69,138.05,39.38,164.77,75.99,33.87,22.23,22.3,0,0,0,0,0,0
13.52,63.94,279.97,103.65,32.29,157.31,116.18,250.57,327.59,214.91,60.74,261.67,122.52,53.15,32.92,34.19,0,0,0,0,0,0
17.72,81.24,343.24,135.5,40.06,196.89,147.47,312.92,407.49,277.32,79.92,343.66,166.55,68.45,42.82,47.83,0,0,0,0,0,0
21.97,94.34,374.11,157.84,44.69,223.55,168.7,351.93,459.17,325.08,97.7,408.11,203.96,79.97,52.08,61.98,0,0,0,0,0,0
23.87,99.35,381.25,163.78,46.22,232.81,174.98,363.71,477.25,341.96,104.42,430.12,215.73,84.2,56.29,67.6,0,0,0,0,0,0
21.56,93.31,366.32,153.46,43.73,227.27,165.14,355.96,466.81,330.8,96.35,403.79,197.7,82.25,54.47,61.72,0,0,0,0,0,0
17.33,85.01,360.77,141.77,41.2,225.54,154.34,357.3,466.67,320.44,82.92,368.17,170.98,81.17,51.21,50.98,0,0,0,0,0,0
16.9,83.44,346.77,134.92,39.45,226.67,148.56,357.64,469.41,325.17,82.59,360.71,164.65,84.14,53.79,51.67,0,0,0,0,0,0
16.39,80.53,330.29,124.94,37.2,223.56,140.5,351.36,464.06,319.96,82.14,343.65,154.62,84.51,54.47,51.1,0,0,0,0,0,0
16.22,80.23,330.34,124.75,37.16,225.71,140.77,355,469.26,324.07,82.75,343.96,154.73,85.73,54.97,51.2,0,0,0,0,0,0
16.09,79.54,330.11,124.24,37.27,222.82,141.51,350.77,463.12,319.04,82.65,341.24,154.68,83.89,53.43,50.07,0,0,0,0,0,0
16.15,78.98,330.96,122.09,37.35,214.18,139.35,336.95,446.1,300.38,81.52,332.31,150.92,78.91,50.04,48.58,0,0,0,0,0,0
14.19,69.49,294.55,108.55,33.28,191.3,123.57,301.83,397.46,268.91,71.6,292.89,132.59,70.38,44.57,42.24,0,0,0,0,0,0
11.99,58.32,241.23,91.69,27.4,166.13,103.34,260.34,344.86,237.97,60.25,251.16,112.75,62.1,40.22,37.08,0,0,0,0,0,0
13.1,60.62,242.35,94.25,28.39,171.59,104.58,265.96,353.68,248.11,61.32,260.47,115.75,64.39,43.36,39.35,0,0,0,0,0,0
15.24,64.52,240.42,97.38,30,173,105.82,261.08,353.15,250.94,62.9,274.35,120.17,63.72,46.41,42.98,0,0,0,0,0,0
13.54,56.82,208.67,86,26.32,151.07,91.72,226.6,307.98,220.51,55.23,243.22,104.99,55.49,41.35,38.5,0,0,0,0,0,0
6.99,30.3,105.49,47.85,13.37,90.19,49.14,134.75,182.23,138.68,30.3,138.76,58.11,34.85,26.43,22.89,0,0,0,0,0,0
6.15,27.4,96.07,44.25,11.96,87.33,45.37,130.68,175.69,133.71,27.29,127.86,53.01,33.58,25.31,20.9,0,0,0,0,0,0
5.81,26.96,96.73,44.35,11.76,89.54,45.82,135.53,179.69,138.51,26.97,127.36,52.97,34.99,25.71,20.33,0,0,0,0,0,0
5.9,28.07,99.96,47.01,12.14,95.28,50.94,145.65,191.03,150.52,28.64,135.85,58.02,37.61,27.25,20.92,0,0,0,0,0,0
4.67,23.25,84.57,40.32,9.91,81.59,45.7,126,164.24,128.37,24.42,115.57,50.3,31.44,22.55,17.11,0,0,0,0,0,0
4.18,19.73,66.97,32.87,8.33,62.56,38.36,96.14,126.06,102.13,20.75,96.74,43.27,24.54,17.91,14.43,0,0,0,0,0,0
4.42,19.96,70.15,31.2,8.58,54.22,36.9,83.63,109.92,84.68,19.98,89.96,40.86,20.28,14.83,13.22,0,0,0,0,0,0
9.08,41.05,172.37,63.32,20.11,101.11,73.43,159.22,210.38,138.91,39.47,165.29,76.15,34.12,22.41,22.38,0,0,0,0,0,0
13.5,63.8,279.32,103.35,32.22,156.54,115.88,249.28,326.05,213.73,60.61,260.88,122.25,52.83,32.7,34.08,0,0,0,0,0,0
17.71,81.17,342.98,135.39,40.03,196.68,147.38,312.55,407.12,276.93,79.86,343.34,166.42,68.32,42.74,47.79,0,0,0,0,0,0
21.94,94.18,373.18,157.52,44.62,222.6,168.39,350.54,457.45,324.09,97.55,407.42,203.66,79.71,51.9,61.89,0,0,0,0,0,0
23.95,99.84,383.29,164.77,46.46,235.41,175.89,367.93,482.63,346.54,104.95,432.86,216.8,85.45,57.1,68.05,0,0,0,0,0,0
21.59,93.44,367.06,153.89,43.8,228.93,165.57,358.34,470.97,333.32,96.52,404.81,198.09,82.81,54.84,61.92,0,0,0,0,0,0
17.29,84.54,358.94,140.83,41.02,223.34,153.42,353.38,461.81,316.24,82.46,365.17,169.95,79.98,50.48,50.56,0,0,0,0,0,0
16.96,83.69,349.05,135.52,39.56,229,149.17,360.53,473.68,326.51,82.89,361.45,165.17,84.41,53.98,51.76,0,0,0,0,0,0
16.32,80.01,328.03,123.83,36.97,220.67,139.43,346.58,457.97,315.05,81.59,340.55,153.49,83.17,53.6,50.63,0,0,0,0,0,0
16.12,79.59,328.76,123.7,36.85,223.01,139.94,350.4,462.08,316.58,81.99,339.9,153.07,83.66,53.81,50.46,0,0,0,0,0,0
16.1,79.5,330.13,124.38,37.27,223.57,141.68,351.8,465.16,320.01,82.65,341.38,154.67,84.04,53.57,50.12,0,0,0,0,0,0
16.3,80.07,335.67,124.29,37.84,219.65,141.46,346.09,457.06,309.55,82.62,338.44,153.18,81.47,51.72,49.49,0,0,0,0,0,0
14.24,69.93,297.1,109.77,33.45,195.31,124.88,307.95,406.8,274.36,72.07,295.94,133.65,71.69,45.43,42.69,0,0,0,0,0,0
12.08,58.56,242.03,92.19,27.59,167.56,103.72,262.48,347.57,240.94,60.58,252.27,113.29,62.88,40.79,37.36,0,0,0,0,0,0
13.01,59.82,238.45,92.57,28.07,167.02,102.9,258.62,344.08,241.38,60.53,255.88,114.04,62.56,42.21,38.71,0,0,0,0,0,0
15.06,63.46,234.67,95.02,29.51,166.12,103.5,250.63,339.44,241.94,61.78,268.85,117.96,61.37,44.82,42.16,0,0,0,0,0,0
13.54,56.39,206.11,85.3,26.24,149.41,90.96,223.88,304.8,219.3,54.9,241.04,104.15,55.05,41.21,38.37,0,0,0,0,0,0
6.97,30.35,105.42,47.95,13.37,90.24,49.24,135.14,182.85,139.53,30.34,139.5,58.28,35.11,26.54,22.98,0,0,0,0,0,0
6.2,27.6,95.82,44.18,12.07,86.62,45.08,129.82,174.46,135.12,27.56,128.69,53.55,34.13,25.49,21.1,0,0,0,0,0,0
5.78,26.82,96.53,44.13,11.66,89.53,45.64,135.07,180.43,137.7,26.84,126.67,52.78,34.67,25.44,20.21,0,0,0,0,0,0
5.87,28.04,100.56,47.26,12.07,97.23,51.3,148.06,197.17,152.53,28.66,136.48,58.26,37.9,27.34,21.02,0,0,0,0,0,0
4.61,22.78,82.48,39.34,9.71,79.27,44.75,122.05,159.88,124.73,23.97,112.96,49.39,30.4,21.84,16.75,0,0,0,0,0,0
4.16,19.66,67.13,32.75,8.28,62.04,38.31,95.35,123.98,100.02,20.61,95.98,42.94,24.01,17.64,14.24,0,0,0,0,0,0
4.44,20,70.61,31.32,8.61,54.5,37.03,84.02,109.79,84.45,20.01,89.89,40.85,20.22,14.86,13.2,0,0,0,0,0,0
9.09,41.02,171.79,63.11,20.13,100.23,73.13,157.95,208.13,138.32,39.46,164.83,76.04,34.02,22.36,22.36,0,0,0,0,0,0
13.49,63.81,279.42,103.37,32.21,156.53,115.93,249.36,326.11,213.64,60.6,261.04,122.27,52.82,32.67,34.07,0,0,0,0,0,0
17.72,81.32,343.66,135.69,40.09,197.47,147.68,313.85,408.83,278.18,80.01,344.2,166.74,68.67,42.95,47.91,0,0,0,0,0,0
21.93,94.13,373.24,157.48,44.59,222.7,168.39,350.55,457.61,323.62,97.49,407.1,203.54,79.54,51.81,61.83,0,0,0,0,0,0
23.9,99.56,382.41,164.27,46.31,234.19,175.48,365.87,480.07,343.72,104.62,431.32,216.17,84.66,56.59,67.76,0,0,0,0,0,0
21.59,93.29,366.08,153.5,43.78,227.46,165.14,356.2,467.04,331.47,96.37,403.64,197.66,82.39,54.64,61.78,0,0,0,0,0,0
17.39,85.09,360.91,142.05,41.32,226.64,154.54,358.8,469.09,322.71,83.08,368.56,171.2,81.68,51.64,51.18,0,0,0,0,0,0
16.94,83.31,346.69,134.7,39.47,226.3,148.29,356.54,467.32,323.4,82.52,359.14,164.25,83.62,53.59,51.49,0,0,0,0,0,0
16.19,79.1,323.86,121.85,36.56,215.24,137.48,337.84,446.47,306.45,80.66,335.22,151.54,80.88,52.09,49.83,0,0,0,0,0,0
16.07,79.47,327.5,123.21,36.77,221.31,139.4,348.05,459.23,315.45,81.85,339.47,152.9,83.45,53.53,50.38,0,0,0,0,0,0
16.32,80.64,335.59,126.53,37.86,228.65,143.65,359.95,472.7,326.94,83.8,346.22,156.71,86.09,55.09,50.85,0,0,0,0,0,0
16.24,79.8,334.12,123.38,37.67,217.06,140.5,341.94,452.16,306.19,82.35,336.74,152.71,80.67,51,49.2,0,0,0,0,0,0
14.21,69.75,294.49,108.7,33.37,191.7,123.53,302.64,400.44,272.74,71.97,294.92,133.55,71.48,44.98,42.63,0,0,0,0,0,0
12.03,58.5,241.79,91.91,27.5,166.23,103.49,260.74,344.15,238.48,60.42,251.75,113.01,62.34,40.41,37.16,0,0,0,0,0,0
13,59.95,239.9,93.04,28.06,169.16,103.47,261.49,349.71,243.22,60.66,257,114.49,62.91,42.34,38.82,0,0,0,0,0,0
15.18,64.31,238.64,96.79,29.88,171.19,105.21,258.59,350.64,250.06,62.69,273.84,119.91,63.53,46.15,42.92,0,0,0,0,0,0
13.56,56.89,208.66,86.27,26.38,151.93,91.97,228.03,310.31,222.73,55.35,244.01,105.23,56.02,41.74,38.7,0,0,0,0,0,0
7.1,31.17,110.4,49.68,13.72,95.11,51,142.45,191.3,144.24,31.12,143.09,59.77,36.38,27.47,23.42,0,0,0,0,0,0
6.27,28.19,98.53,45.46,12.32,89.98,46.35,135.36,181.53,140.46,28.15,132.24,54.81,35.58,26.44,21.61,0,0,0,0,0,0
5.85,27.31,98.73,45.23,11.88,92.61,46.72,140.04,187.23,142.81,27.36,129.74,53.9,36.02,26.31,20.69,0,0,0,0,0,0
5.79,27.25,96.91,45.51,11.78,91.83,49.57,139.63,183.87,143.6,27.81,131.17,56.27,35.61,26.02,20.22,0,0,0,0,0,0
4.75,23.77,86.88,41.09,10.13,83.46,46.35,128.91,167.67,131.38,24.96,117.87,51.38,32.36,23.05,17.43,0,0,0,0,0,0
4.16,19.77,68.68,33.06,8.26,63.53,38.7,97.14,127.28,100.22,20.71,96.41,43.2,23.98,17.56,14.21,0,0,0,0,0,0
4.35,19.51,68.6,30.43,8.36,52.33,36.25,80.5,105.89,80.64,19.48,87.55,39.87,19.13,14.13,12.81,0,0,0,0,0,0
9.04,40.95,171.6,62.99,20.03,100.04,73.09,157.71,208.63,137.89,39.35,164.92,75.99,33.89,22.17,22.3,0,0,0,0,0,0
13.49,63.89,279.76,103.52,32.23,157.03,116.08,250.14,327.5,214.55,60.69,261.62,122.49,53.06,32.79,34.15,0,0,0,0,0,0
17.73,81.28,343.56,135.6,40.09,197.22,147.58,313.38,408,277.6,79.98,343.82,166.64,68.52,42.88,47.86,0,0,0,0,0,0
21.98,94.33,373.95,157.77,44.71,223.29,168.59,351.5,458.35,324.91,97.71,407.85,203.92,79.94,52.08,61.98,0,0,0,0,0,0
23.89,99.45,381.73,163.99,46.27,233.5,175.17,364.71,478.81,343.07,104.54,430.68,215.98,84.48,56.46,67.7,0,0,0,0,0,0
21.56,93.12,365.28,152.98,43.68,226.08,164.6,353.89,464.39,329.34,96.2,402.51,197.34,81.85,54.19,61.58,0,0,0,0,0,0
17.37,84.98,360.46,141.75,41.25,225.67,154.26,357.32,466.79,321.01,82.95,367.81,170.92,81.27,51.36,51.03,0,0,0,0,0,0
16.89,83.44,348.02,135.2,39.41,228.23,148.98,359.49,472.73,325.09,82.58,360.67,164.65,83.96,53.71,51.59,0,0,0,0,0,0
16.21,79.86,327.96,123.52,36.76,219.93,139.3,345.49,457.18,312.62,81.33,340.18,153.21,82.53,53.03,50.38,0,0,0,0,0,0
16.07,79.38,326.98,123.02,36.74,220.65,139.21,347.1,457.58,314.61,81.76,338.92,152.67,83.24,53.43,50.31,0,0,0,0,0,0
16,79.15,328.99,123.85,37.06,221.7,141.36,349.29,460.52,315.73,82.14,339.66,153.69,82.92,52.96,49.72,0,0,0,0,0,0
16.28,80.07,335.31,124.13,37.8,219.11,141.28,345.38,456.57,309.49,82.61,338.63,153.26,81.51,51.62,49.49,0,0,0,0,0,0
14.29,70.08,297.25,109.79,33.55,195.36,124.73,307.87,407.19,275.72,72.3,296.45,134.11,72.11,45.59,42.85,0,0,0,0,0,0
12,58.28,239.66,91.4,27.42,164.84,102.9,258.84,343.05,239.1,60.27,251.42,112.83,62.49,40.39,37.23,0,0,0,0,0,0
12.89,59.44,236.38,91.76,27.81,164.79,102.2,255.42,340.94,238.72,60.08,254.63,113.38,61.85,41.59,38.45,0,0,0,0,0,0
15.12,63.91,237.83,96.04,29.68,169.26,104.58,255.17,345.26,244.49,62.21,270.89,118.82,62.02,45.27,42.38,0,0,0,0,0,0
13.49,56.46,207.46,85.61,26.18,150.33,91.46,225.33,306.42,218.44,54.85,241.56,104.18,54.8,41.05,38.26,0,0,0,0,0,0
6.96,30.07,103.9,47.19,13.29,87.95,48.41,131.44,177.34,136.24,30.07,137.35,57.6,34.28,26.03,22.7,0,0,0,0,0,0
6.21,27.57,95.84,44.31,12.08,87.37,45.22,130.78,176.33,136.07,27.57,128.69,53.54,34.28,25.65,21.16,0,0,0,0,0,0
5.93,27.16,98.16,45.01,11.96,92.31,46.38,138.99,185.23,141.98,27.32,127.96,53.47,35.71,26.33,20.6,0,0,0,0,0,0
5.94,28.17,100.86,47.24,12.19,96.55,51.14,147.08,194.01,151.77,28.81,136.18,58.34,37.85,27.37,21.01,0,0,0,0,0,0
4.74,23.48,85.14,40.61,10.07,82.14,45.86,126.93,164.98,130.23,24.7,116.46,50.78,32,22.92,17.32,0,0,0,0,0,0
4.17,19.82,67.98,33.07,8.33,62.82,38.65,96.66,125.41,100.89,20.75,96.83,43.23,24.27,17.81,14.33,0,0,0,0,0,0
4.4,19.87,69.88,31.05,8.53,53.63,36.8,82.82,108.2,83.29,19.84,89.38,40.56,19.93,14.65,13.09,0,0,0,0,0,0
9.04,40.8,170.91,62.68,20,99.17,72.76,156.24,206.34,136.51,39.22,163.83,75.63,33.52,21.99,22.18,0,0,0,0,0,0
13.5,63.88,279.57,103.48,32.23,156.86,116.02,249.89,327.08,214.49,60.67,261.5,122.45,53.05,32.79,34.15,0,0,0,0,0,0
17.72,81.26,343.43,135.59,40.06,197.27,147.58,313.47,408.53,277.84,79.96,343.93,166.65,68.56,42.88,47.87,0,0,0,0,0,0
21.92,94,372.47,157.16,44.54,221.75,168.04,349.05,455.55,322.44,97.36,406.27,203.25,79.24,51.61,61.73,0,0,0,0,0,0
23.77,98.73,378.41,162.5,45.94,229.24,173.75,358.09,469.86,336.38,103.77,426.75,214.41,82.71,55.31,67.07,0,0,0,0,0,0
21.32,91.6,358.42,149.95,42.98,217.92,161.76,340.95,447.75,316.28,94.6,394.39,194.1,78.28,51.89,60.33,0,0,0,0,0,0
17.01,82.69,349.5,136.9,40.2,212.43,149.56,336.36,440.27,301.27,80.58,355.46,166.16,75.96,47.79,49.16,0,0,0,0,0,0
16.82,82.86,343.99,133.36,39.18,222.33,146.94,350.53,460.18,318.6,82.02,356.88,163.45,82.47,52.56,51.08,0,0,0,0,0,0
16.6,81.94,336.51,127.26,37.8,229.49,142.54,360.67,475.77,329.69,83.61,350.47,157.63,87.34,56.09,52.09,0,0,0,0,0,0
16.56,82.47,340.84,128.9,38.15,236.91,144.58,372.4,491.78,341.26,85.11,355.28,159.54,90.53,57.88,52.88,0,0,0,0,0,0
16.36,81.28,337.25,127.59,38.08,231.36,144.59,364.78,480.81,334.34,84.49,350.88,158.44,88.15,56.12,51.57,0,0,0,0,0,0
16.77,83.33,350.37,130.63,39.27,236.65,147.42,373.15,492.33,336.91,86.02,356.08,160.22,89.01,56.41,52.13,0,0,0,0,0,0
14.83,73.52,312.69,116.65,35.13,213.6,131.18,337.02,444.19,305.16,75.92,314.96,141.42,80.19,50.8,45.69,0,0,0,0,0,0
12.4,60.79,252.06,96.65,28.58,178.99,107.99,281.13,370.17,259.08,62.83,264.32,117.87,67.92,44.1,39.13,0,0,0,0,0,0
13.53,63.35,254.14,99.55,29.65,185.37,109.5,288.21,381.6,271.29,64.19,275.12,121.55,70.81,47.47,41.61,0,0,0,0,0,0
15.77,67.73,254.16,103.28,31.5,188.61,111.12,285.77,384.96,277.68,66.36,290.95,127.14,71.17,51.02,45.61,0,0,0,0,0,0
13.75,58.05,214.89,88.49,26.88,158.71,94.05,237.9,324.26,231.59,56.61,249.58,107.79,58.38,43.13,39.52,0,0,0,0,0,0
7.09,31.07,109.64,49.5,13.68,95.01,50.78,142.14,192.36,145.04,31.09,142.97,59.77,36.52,27.48,23.47,0,0,0,0,0,0
6.18,27.62,96.94,44.56,12.03,88.45,45.6,132.24,178.83,135.96,27.57,129.12,53.65,34.18,25.55,21.11,0,0,0,0,0,0
5.84,27.11,97.91,44.84,11.82,91.69,46.32,138.38,185.05,141.1,27.17,128.38,53.44,35.53,26.04,20.52,0,0,0,0,0,0
5.81,27.48,97.74,46.12,11.87,93.24,50.21,142.29,187.06,146.38,28.02,133.01,56.75,36.36,26.55,20.48,0,0,0,0,0,0
4.72,23.34,83.7,40.08,10.02,80.18,45.23,124.18,160.99,128.88,24.58,115.71,50.53,31.76,22.68,17.24,0,0,0,0,0,0
4.24,20.24,70,33.89,8.52,64.9,39.43,100,129.25,103.91,21.17,98.95,44.07,25.12,18.37,14.63,0,0,0,0,0,0
4.45,20.22,71.58,31.76,8.67,55.66,37.49,85.98,112.58,86.35,20.21,91.35,41.35,20.75,15.15,13.38,0,0,0,0,0,0
9.09,41.16,172.58,63.45,20.15,101.21,73.51,159.58,210.63,139.69,39.58,165.93,76.4,34.38,22.55,22.48,0,0,0,0,0,0
13.47,63.68,278.87,103.12,32.14,155.87,115.71,248.31,324.74,212.46,60.45,260.35,121.98,52.49,32.47,33.95,0,0,0,0,0,0
17.71,81.2,343.11,135.44,40.04,196.76,147.43,312.72,407.25,277.05,79.88,343.52,166.48,68.37,42.77,47.81,0,0,0,0,0,0
21.93,94.09,372.96,157.36,44.58,222.23,168.26,349.88,456.48,323.05,97.44,406.82,203.43,79.41,51.73,61.79,0,0,0,0,0,0
23.78,98.76,378.79,162.65,45.95,229.8,173.94,358.89,470.89,336.65,103.78,426.89,214.43,82.74,55.38,67.09,0,0,0,0,0,0
21.33,91.75,359.4,150.41,43.03,219.38,162.26,343.18,451,318.01,94.74,395.43,194.44,78.69,52.18,60.47,0,0,0,0,0,0
17.03,82.84,349.9,137.15,40.27,212.68,149.79,337.08,440.26,302.03,80.7,356.2,166.37,76.24,48.02,49.26,0,0,0,0,0,0
16.77,82.72,343.87,133.28,39.07,222.16,147.01,350.33,459.66,317.09,81.8,356.34,163.05,82.01,52.34,50.91,0,0,0,0,0,0
16.44,81.18,333.9,126.49,37.42,228.06,142.17,358.52,473.84,325.7,82.73,347.72,156,85.99,55.43,51.61,0,0,0,0,0,0
16.52,82.27,338.87,128.68,38.09,235.65,144.43,371.35,489.46,341.39,84.86,355.13,159.05,90.58,58.06,52.91,0,0,0,0,0,0
16.35,81.19,337.78,127.82,38.04,232.85,144.96,366.62,484.25,334.85,84.41,350.65,158.28,88.08,56.19,51.54,0,0,0,0,0,0
16.69,82.77,347.33,129.41,39.03,233.14,146.21,367.79,485.41,332.48,85.46,353.22,159.08,87.84,55.62,51.72,0,0,0,0,0,0
14.55,71.87,305.43,113.45,34.36,204.86,128.24,323.28,426.02,290.61,74.13,306.17,137.8,76.22,48.31,44.29,0,0,0,0,0,0
12.41,60.72,252.08,96.57,28.56,179.17,107.91,281.06,370.66,258.76,62.8,263.81,117.77,67.76,44,39.08,0,0,0,0,0,0
13.47,63.06,252.79,99.13,29.51,184.38,109.17,286.74,380.27,269.91,63.88,274.12,121,70.37,47.2,41.46,0,0,0,0,0,0
15.75,67.66,253.75,103.64,31.5,189.78,111.61,287.94,388.16,279.91,66.28,291.67,127.03,71.61,51.48,45.78,0,0,0,0,0,0
13.79,58.34,215.24,89.08,27.04,159.29,94.61,239.81,324.87,234.34,56.85,251.58,108.25,59.25,43.81,39.83,0,0,0,0,0,0
7.03,30.78,108.01,48.99,13.53,93.74,50.33,140.29,190.81,143.89,30.79,142.07,59.29,36.17,27.2,23.35,0,0,0,0,0,0
6.24,27.77,97.31,44.91,12.17,89.27,45.88,133.63,180.09,137.94,27.77,129.87,53.94,34.72,26,21.31,0,0,0,0,0,0
5.88,27.33,98.03,45.1,11.95,91.9,46.45,139.1,185.52,143.33,27.43,129.65,53.95,36.23,26.46,20.78,0,0,0,0,0,0
6,28.61,102.42,48.08,12.41,98.43,51.9,150.39,197.63,155.6,29.26,138.63,59.23,38.95,28.11,21.4,0,0,0,0,0,0
4.78,23.48,83.64,40.05,10.14,80.05,44.99,123.8,160.77,130.27,24.83,115.99,50.94,32.19,22.88,17.41,0,0,0,0,0,0
4.1,19.41,66.31,32.39,8.13,61.16,38.07,94,122.4,97.92,20.31,94.92,42.38,23.4,17.26,14.02,0,0,0,0,0,0
4.39,19.82,70.22,31.1,8.49,54.1,36.93,83.34,109.24,82.88,19.77,89.18,40.46,19.75,14.56,13.02,0,0,0,0,0,0
9.07,40.93,171.78,63.01,20.06,100.09,73.11,157.64,207.76,137.2,39.33,164.34,75.81,33.69,22.16,22.23,0,0,0,0,0,0
13.48,63.72,278.98,103.16,32.17,155.99,115.71,248.46,325,212.84,60.51,260.49,122.08,52.6,32.53,34,0,0,0,0,0,0
17.71,81.22,343.22,135.47,40.05,196.87,147.45,312.83,407.44,277.12,79.9,343.52,166.51,68.38,42.78,47.81,0,0,0,0,0,0
21.95,94.22,373.55,157.6,44.63,222.93,168.47,350.92,457.92,324.12,97.58,407.44,203.71,79.7,51.91,61.89,0,0,0,0,0,0
23.94,99.77,383.21,164.61,46.41,234.93,175.76,367.13,481.31,345.18,104.85,432.31,216.59,85.1,56.88,67.92,0,0,0,0,0,0
21.66,93.66,367.2,154,43.96,228.67,165.48,358.13,469.75,334.63,96.81,405.45,198.53,83.31,55.14,62.11,0,0,0,0,0,0
17.39,85.19,360.82,141.91,41.34,225.64,154.32,357.58,466.77,322.24,83.17,368.9,171.4,81.73,51.55,51.19,0,0,0,0,0,0
16.96,83.83,347.82,135.32,39.62,227.19,148.79,358.76,470.45,327.63,83.02,362.63,165.54,84.97,54.18,51.97,0,0,0,0,0,0
16.35,80.19,328.19,123.88,37.07,219.94,139.36,345.91,455.45,315.06,81.76,341.08,153.74,83.36,53.71,50.7,0,0,0,0,0,0
16.07,79.4,326.65,122.92,36.75,220.44,139.03,346.75,457.98,315.37,81.83,339.21,152.88,83.46,53.45,50.39,0,0,0,0,0,0
16.09,79.52,330.86,124.55,37.26,224.12,141.95,352.55,465.58,319.27,82.61,341.25,154.56,83.82,53.52,50.04,0,0,0,0,0,0
16.19,79.35,332.7,122.94,37.5,216.67,140.2,340.91,451.84,304.35,81.91,334.7,151.78,79.93,50.68,48.94,0,0,0,0,0,0
14.21,69.8,295.8,109.23,33.38,193.5,124.25,305.31,403.55,273.11,71.95,295.31,133.49,71.45,45.14,42.61,0,0,0,0,0,0
12.07,58.8,242.54,92.52,27.64,167.94,104.04,263.66,348.86,242.8,60.78,254.05,113.84,63.49,41.08,37.57,0,0,0,0,0,0
13,59.79,237.37,92.22,28.06,165.56,102.45,256.71,341.43,241.14,60.51,255.83,114.06,62.62,42.13,38.74,0,0,0,0,0,0
15.15,64.12,238.46,96.28,29.77,169.74,104.72,255.99,346.4,246.01,62.45,271.94,119.33,62.5,45.48,42.54,0,0,0,0,0,0
13.39,56.08,205.09,84.67,25.95,147.81,90.54,221.53,302.86,216.03,54.46,240.11,103.6,54.17,40.44,38.04,0,0,0,0,0,0
6.96,30.32,106.09,48.08,13.33,90.94,49.5,136,184.08,138.78,30.26,139.27,58.12,34.82,26.42,22.87,0,0,0,0,0,0
6.28,28.13,98.67,45.42,12.32,90.19,46.31,135.34,181.6,139.88,28.12,131.59,54.65,35.36,26.36,21.54,0,0,0,0,0,0
6.02,28.05,102.39,46.76,12.3,96.62,48.13,146.2,193.66,148.18,28.14,132.83,55.22,37.49,27.46,21.21,0,0,0,0,0,0
5.91,27.91,100.63,46.99,12.07,96.53,51.02,146.52,193.79,149.66,28.53,134.63,57.73,37.13,27,20.75,0,0,0,0,0,0
4.84,23.7,86.4,41.26,10.27,84.65,46.42,130.25,170.15,133.87,25.06,117.4,51.33,32.82,23.56,17.62,0,0,0,0,0,0
4.18,19.55,66.83,32.76,8.28,62.5,38.33,95.78,124.98,100.4,20.55,95.43,42.73,23.99,17.74,14.24,0,0,0,0,0,0
4.42,19.85,70.09,31.07,8.53,54.05,36.82,83.14,109.13,83.41,19.86,89.14,40.56,19.9,14.64,13.08,0,0,0,0,0,0
9.05,41,172.01,63.13,20.06,100.36,73.24,158.21,208.88,137.97,39.39,165.06,76.04,33.92,22.23,22.31,0,0,0,0,0,0
13.48,63.81,279.48,103.41,32.2,156.78,115.99,249.71,326.97,213.95,60.6,261.2,122.31,52.87,32.69,34.09,0,0,0,0,0,0
17.71,81.2,343.29,135.5,40.04,197.08,147.51,313.11,407.94,277.13,79.88,343.49,166.47,68.36,42.77,47.8,0,0,0,0,0,0
21.95,94.22,373.65,157.62,44.63,223.03,168.51,351.07,458.16,324.09,97.58,407.47,203.71,79.69,51.89,61.88,0,0,0,0,0,0
23.91,99.58,382.51,164.31,46.33,234.28,175.5,365.98,479.93,343.78,104.65,431.27,216.17,84.68,56.64,67.77,0,0,0,0,0,0
21.59,93.47,367.2,153.89,43.82,228.6,165.58,358,469.53,332.57,96.52,404.7,198.02,82.68,54.8,61.87,0,0,0,0,0,0
17.41,85.32,361.27,142.08,41.4,225.7,154.46,357.9,466.28,322.45,83.27,369.4,171.57,81.87,51.66,51.24,0,0,0,0,0,0
17.02,84.19,350.17,136.14,39.78,229.65,149.63,362.33,474.72,329.86,83.38,364.13,166.19,85.54,54.62,52.16,0,0,0,0,0,0
16.27,80.13,328.96,123.97,36.92,220.85,139.66,347.05,458.44,314.5,81.63,341.34,153.73,83.1,53.43,50.59,0,0,0,0,0,0
16.01,79.27,326.76,122.87,36.62,220.73,139.14,347.03,459.07,314.33,81.63,338.84,152.61,83.09,53.21,50.25,0,0,0,0,0,0
15.95,79,328.05,123.57,36.96,221.2,141.12,348.54,460.85,315.76,82,339.5,153.56,82.88,52.83,49.7,0,0,0,0,0,0
16.33,80.33,335.55,124.33,37.95,219.18,141.29,345.74,456.82,311.7,82.94,339.88,153.9,82.23,51.99,49.76,0,0,0,0,0,0
14.32,70.25,298.08,110.04,33.63,195.38,124.96,308.19,405.68,275.23,72.41,296.8,134.21,72.1,45.68,42.84,0,0,0,0,0,0
11.94,57.74,238.01,90.43,27.2,162.05,102.06,254.27,335.3,232.48,59.64,247.68,111.35,60.71,39.45,36.6,0,0,0,0,0,0
12.87,58.91,234.58,90.86,27.65,162.61,101.34,251.51,335.12,233.75,59.55,251.03,112.08,60.43,40.87,37.96,0,0,0,0,0,0
15.1,63.78,236.37,95.6,29.64,167.62,104.06,252.96,342.2,243.8,62.1,270.38,118.61,61.92,45.14,42.35,0,0,0,0,0,0
13.59,56.91,208.72,86.16,26.42,151.48,91.8,227.23,308.52,221.88,55.38,243.5,105.17,55.85,41.65,38.64,0,0,0,0,0,0
7.08,30.81,108,49.16,13.63,94.29,50.43,141.05,191.6,145.12,30.89,142.09,59.35,36.44,27.49,23.46,0,0,0,0,0,0
6.17,27.54,96.46,44.3,12.01,87.51,45.32,130.83,176.43,134.63,27.48,128.45,53.42,33.88,25.36,21.01,0,0,0,0,0,0
5.73,26.55,95.5,43.7,11.54,88.41,45.28,133.3,178,135.48,26.54,125.31,52.17,34.04,25.08,19.99,0,0,0,0,0,0
5.95,28.46,101.85,47.9,12.31,97.63,51.84,149.51,195.73,153.99,29.02,138.16,58.81,38.54,27.9,21.25,0,0,0,0,0,0
4.83,24.11,87.01,41.48,10.35,84.24,46.5,130.41,170.21,135.92,25.43,119.94,52.34,33.66,23.77,17.91,0,0,0,0,0,0
4.17,19.59,67.37,32.64,8.25,62.26,38.19,95.15,124.46,99.27,20.58,95.26,42.83,23.73,17.44,14.14,0,0,0,0,0,0
4.38,19.63,69.22,30.67,8.43,52.91,36.46,81.37,106.57,81.3,19.61,87.93,40.05,19.32,14.3,12.88,0,0,0,0,0,0
9.09,41.1,172.32,63.31,20.14,100.89,73.36,158.96,209.81,139.05,39.52,165.43,76.25,34.2,22.45,22.42,0,0,0,0,0,0
13.5,63.92,279.94,103.55,32.25,157.09,116.1,250.2,327.41,214.5,60.71,261.64,122.53,53.06,32.79,34.15,0,0,0,0,0,0
17.75,81.41,344.32,135.9,40.14,198,147.88,314.59,409.3,278.38,80.09,344.4,166.85,68.73,43.04,47.93,0,0,0,0,0,0
21.97,94.36,374.14,157.9,44.7,223.69,168.77,352.22,459.52,325.44,97.72,408.3,204,80.06,52.15,62.02,0,0,0,0,0,0
23.93,99.81,383.37,164.68,46.41,235.22,175.83,367.55,482.37,345.78,104.89,432.68,216.74,85.25,56.92,67.97,0,0,0,0,0,0
21.68,93.75,369.08,154.52,43.98,231.11,166.14,361.17,474.76,335.4,96.89,405.74,198.7,83.32,55.22,62.1,0,0,0,0,0,0
17.48,85.56,362.79,142.73,41.54,228.12,155.08,361.2,471.56,325.55,83.59,370.62,172.17,82.58,52.15,51.49,0,0,0,0,0,0
17,84.07,350.26,135.99,39.7,229.4,149.56,361.74,473.76,327.97,83.21,363.26,165.84,85,54.31,51.96,0,0,0,0,0,0
16.17,79.63,326.88,123.14,36.66,218.69,138.97,343.73,454.34,310.61,81.06,339.01,152.64,81.99,52.75,50.19,0,0,0,0,0,0
15.97,78.81,324.89,122.05,36.46,218.58,138.36,343.47,454,310.43,81.18,336.09,151.55,81.99,52.61,49.87,0,0,0,0,0,0
15.94,78.63,326.75,122.86,36.84,219.53,140.4,345.45,456.53,312.13,81.65,336.8,152.67,81.84,52.26,49.34,0,0,0,0,0,0
16.23,79.62,331.95,122.74,37.64,214.77,139.7,338.77,447.84,305.51,82.22,335.91,152.43,80.59,50.88,49.19,0,0,0,0,0,0
14.31,69.75,294.86,109.05,33.52,193.04,123.84,304.29,401.79,273.88,72.06,294.3,133.37,71.63,45.4,42.71,0,0,0,0,0,0
11.99,57.87,238.83,90.82,27.3,163.4,102.44,256.15,337.79,234.08,59.81,248.2,111.59,61.07,39.77,36.73,0,0,0,0,0,0
12.96,59.5,237.54,92.04,27.91,165.72,102.47,256.39,340.94,238.05,60.16,253.97,113.27,61.62,41.66,38.38,0,0,0,0,0,0
15.14,63.93,237.75,96.07,29.71,169.34,104.56,255.28,345.47,245.05,62.26,270.99,118.9,62.17,45.37,42.43,0,0,0,0,0,0
13.44,56.21,206.62,85.06,26.02,149.17,90.96,223.24,304.58,216.05,54.59,240.2,103.73,54.12,40.52,38.02,0,0,0,0,0,0
7,30.58,107.02,48.44,13.44,91.69,49.78,137.3,185.52,140.57,30.54,140.55,58.71,35.38,26.72,23.07,0,0,0,0,0,0
6.31,28.26,99.33,45.55,12.38,90.54,46.38,135.71,181.97,140.2,28.26,131.84,54.9,35.48,26.4,21.58,0,0,0,0,0,0
5.79,26.9,96.41,44.28,11.71,89.66,45.77,135.61,180.77,138.91,26.92,127.34,52.94,35.03,25.7,20.34,0,0,0,0,0,0
5.79,27.47,99,46.23,11.8,94.24,50.46,143.22,188.93,145.08,27.96,132.6,56.68,35.91,26.24,20.31,0,0,0,0,0,0
4.72,23.61,85.59,40.66,10.06,82.46,45.86,127.31,166.83,131.33,24.86,117.39,51.27,32.33,22.9,17.43,0,0,0,0,0,0
4.22,20,68.64,33.41,8.44,63.56,38.92,97.9,126.57,102.37,20.95,97.66,43.57,24.69,18.12,14.48,0,0,0,0,0,0
4.43,20.02,71.17,31.45,8.59,54.99,37.23,84.68,110.66,84.13,19.99,89.97,40.84,20.11,14.8,13.15,0,0,0,0,0,0
9.06,41.04,172.7,63.32,20.07,101.23,73.47,159.28,210.59,138.24,39.43,165.16,76.11,33.93,22.27,22.31,0,0,0,0,0,0
13.49,63.82,279.57,103.36,32.2,156.61,115.93,249.39,326.34,213.53,60.61,261.03,122.3,52.79,32.63,34.06,0,0,0,0,0,0
17.74,81.35,344.05,135.82,40.12,197.94,147.81,314.44,409.53,278.36,80.04,344.22,166.77,68.69,43.01,47.92,0,0,0,0,0,0
21.95,94.26,373.65,157.7,44.65,223.27,168.58,351.49,458.94,324.88,97.63,407.84,203.83,79.89,52.01,61.95,0,0,0,0,0,0
23.95,99.86,383.8,164.83,46.45,235.61,175.99,368.12,482.64,345.89,104.94,432.74,216.77,85.28,57,67.98,0,0,0,0,0,0
21.61,93.44,366.96,153.64,43.82,227.97,165.24,356.76,468.14,331.86,96.53,404.13,198.01,82.52,54.62,61.82,0,0,0,0,0,0
17.41,85.27,361.02,142.09,41.39,226.22,154.46,358.46,468.25,323.61,83.28,369.44,171.63,82.08,51.77,51.32,0,0,0,0,0,0
16.93,83.77,348.63,135.56,39.56,228.18,149.22,360.13,471.87,326.67,82.88,362.31,165.24,84.6,54.09,51.82,0,0,0,0,0,0
16.3,80.19,328.72,124.05,36.98,220.87,139.67,347.27,458.49,315.58,81.71,341.72,153.86,83.41,53.66,50.71,0,0,0,0,0,0
16.07,79.34,326.94,122.96,36.72,221.03,139.13,347.31,459.26,315.13,81.77,338.83,152.75,83.3,53.39,50.33,0,0,0,0,0,0
16.13,79.6,329.76,124.57,37.37,223.59,141.8,352.3,464.98,321.65,82.76,342.06,154.83,84.53,53.98,50.31,0,0,0,0,0,0
16.31,80.23,336.78,124.77,37.89,221.37,141.99,348.62,461.22,311.59,82.78,339.61,153.59,81.94,52,49.64,0,0,0,0,0,0
14.25,70.19,298.32,110.15,33.51,196.25,125.24,309.49,409.04,275.76,72.3,297.37,134.24,72.13,45.59,42.84,0,0,0,0,0,0
12,58.32,241.14,91.84,27.42,166.33,103.54,260.95,344.91,238.37,60.22,251.39,112.65,62.2,40.4,37.11,0,0,0,0,0,0
13.01,59.84,238.37,92.27,28.08,165.32,102.54,256.27,338.85,238.66,60.48,255.14,113.84,62.05,41.88,38.53,0,0,0,0,0,0
15.21,64.35,238.74,96.7,29.93,170.82,105.01,257.81,349.06,249.46,62.76,273.35,119.92,63.42,46.09,42.88,0,0,0,0,0,0
13.5,56.63,207.62,85.72,26.22,150.46,91.5,225.74,307.46,220.04,55.04,242.69,104.66,55.3,41.23,38.44,0,0,0,0,0,0
6.99,30.51,107.21,48.16,13.4,90.89,49.5,135.76,182.8,137.95,30.44,139.39,58.41,34.73,26.3,22.83,0,0,0,0,0,0
6.26,28.12,99.69,45.71,12.27,91.45,46.78,137.04,183.94,139.47,28.04,131.57,54.52,35.14,26.31,21.44,0,0,0,0,0,0
6,27.84,100.71,46.33,12.25,95.11,47.65,144.16,190.6,147.39,27.96,131.95,54.8,37.31,27.39,21.16,0,0,0,0,0,0
5.9,28.17,100.94,47.29,12.14,96.44,51.28,147.21,193.81,151.32,28.73,136.48,58.28,37.76,27.31,20.97,0,0,0,0,0,0
4.73,23.65,85.67,40.54,10.08,81.63,45.71,126.2,164.17,130,24.86,117.14,51.22,32.1,22.75,17.34,0,0,0,0,0,0
4.2,20.17,69.82,33.8,8.43,65.02,39.39,100.05,130.6,103.95,21.09,98.98,44.05,25.07,18.24,14.6,0,0,0,0,0,0
4.38,19.86,70.57,31.16,8.49,54.2,37.02,83.51,109.16,82.59,19.79,89.27,40.49,19.69,14.52,13,0,0,0,0,0,0
9.03,40.8,171.29,62.84,19.98,99.61,73.01,157.02,207.05,136.26,39.16,163.97,75.54,33.42,21.99,22.14,0,0,0,0,0,0
13.49,63.88,279.86,103.55,32.22,157.24,116.13,250.38,327.92,214.51,60.67,261.54,122.45,53.02,32.78,34.14,0,0,0,0,0,0
17.71,81.22,343.39,135.51,40.05,197.13,147.51,313.15,408.11,277.28,79.91,343.58,166.54,68.4,42.78,47.82,0,0,0,0,0,0
21.95,94.26,373.72,157.72,44.65,223.24,168.61,351.49,458.71,324.7,97.62,407.82,203.81,79.85,52,61.94,0,0,0,0,0,0
23.89,99.51,382.26,164.19,46.28,233.98,175.42,365.55,479.64,343.24,104.57,431.08,216.06,84.53,56.51,67.71,0,0,0,0,0,0
21.55,93.1,365.49,153.06,43.65,226.71,164.74,354.66,466.19,329.78,96.18,402.6,197.36,81.88,54.2,61.59,0,0,0,0,0,0
17.36,84.97,360.76,141.74,41.23,225.85,154.27,357.39,467.17,320.55,82.93,367.64,170.9,81.12,51.24,50.97,0,0,0,0,0,0
17.04,84.32,350.69,136.53,39.84,231.11,150.02,364.54,478.83,332.54,83.55,365.34,166.62,86.17,54.99,52.38,0,0,0,0,0,0
16.3,80.38,329.49,124.52,37.04,222.37,140.16,349.7,462.66,318.39,81.92,343.34,154.4,84.12,54.05,50.95,0,0,0,0,0,0
15.99,78.96,324.14,121.74,36.53,217.16,137.8,341.53,451.77,311.31,81.4,336.71,152.05,82.43,52.63,50.03,0,0,0,0,0,0
16.01,79.17,328.26,123.47,37.08,220.51,140.79,347.35,458.63,315.76,82.24,339.51,153.91,83.03,52.84,49.76,0,0,0,0,0,0
16.36,80.58,337.48,125.01,38.03,221.44,142.05,349.03,461.44,313.55,83.16,341.23,154.4,82.65,52.29,49.9,0,0,0,0,0,0
14.24,69.87,295.54,109,33.44,192.52,123.86,303.79,401.16,272.74,72.06,295.11,133.65,71.48,45.07,42.63,0,0,0,0,0,0
11.99,58.25,239.73,91.11,27.39,163.53,102.62,256.87,338.83,236.15,60.17,250.45,112.52,61.84,39.99,36.99,0,0,0,0,0,0
12.97,59.97,238.36,92.68,28.06,166.91,103.01,259.04,345.19,243,60.64,257.46,114.51,63.1,42.36,38.89,0,0,0,0,0,0
15.16,64.07,239.03,96.59,29.77,171.04,105.16,257.79,348.75,246.31,62.38,271.78,119.12,62.42,45.62,42.52,0,0,0,0,0,0
13.41,55.93,204.91,84.49,25.93,147.5,90.37,220.72,301.19,214.33,54.32,238.76,103.14,53.66,40.25,37.86,0,0,0,0,0,0
6.94,29.81,103.19,46.85,13.19,87.47,48.15,130.35,176.3,134.44,29.81,135.88,57.03,33.69,25.73,22.49,0,0,0,0,0,0
6.09,26.93,93.97,43.25,11.75,84.9,44.38,126.57,171.02,129.9,26.85,125.23,52.1,32.52,24.57,20.53,0,0,0,0,0,0
5.75,26.65,95.6,43.78,11.59,88.47,45.3,133.51,178.32,136.42,26.67,125.86,52.44,34.34,25.22,20.1,0,0,0,0,0,0
5.83,27.59,97.72,46.11,11.93,93.1,50.1,142.1,187.1,147.29,28.16,133.48,57.07,36.66,26.64,20.59,0,0,0,0,0,0
4.74,23.29,83.21,39.98,10.06,79.67,45.08,123.46,159.17,128.48,24.55,115.14,50.32,31.67,22.74,17.22,0,0,0,0,0,0
4.13,19.65,67.74,32.91,8.22,62.74,38.61,96.38,125.67,99.74,20.55,96.22,42.9,23.87,17.55,14.18,0,0,0,0,0,0
4.39,19.76,69.48,30.9,8.48,53.47,36.67,82.42,108.29,83.02,19.76,88.97,40.42,19.8,14.55,13.05,0,0,0,0,0,0
9.12,41.16,172.36,63.4,20.2,101.08,73.41,159.3,210.11,139.91,39.62,165.7,76.39,34.44,22.62,22.51,0,0,0,0,0,0
13.51,64,280.1,103.7,32.29,157.35,116.22,250.75,328.04,215.38,60.8,262.2,122.72,53.31,32.95,34.24,0,0,0,0,0,0
17.74,81.36,343.74,135.76,40.13,197.6,147.71,314.05,408.95,278.58,80.06,344.32,166.82,68.78,43.04,47.95,0,0,0,0,0,0
21.95,94.14,373.14,157.48,44.61,222.69,168.35,350.51,457.62,323.96,97.52,407.11,203.58,79.63,51.87,61.87,0,0,0,0,0,0
23.8,98.89,379.12,162.83,46.01,230.29,174.07,359.67,472.27,338.1,103.95,427.67,214.79,83.15,55.58,67.23,0,0,0,0,0,0
21.33,91.7,358.46,150.04,43.02,217.96,161.79,341.18,448.12,317.27,94.71,395.05,194.37,78.6,52.04,60.44,0,0,0,0,0,0
17.11,83.24,351.49,137.85,40.49,214.51,150.37,339.92,443.83,305.47,81.16,358.11,167.24,77.2,48.63,49.6,0,0,0,0,0,0
16.85,83.05,344.46,133.89,39.28,223.78,147.46,353.05,463.91,321.91,82.24,358.53,163.95,83.31,53.13,51.38,0,0,0,0,0,0
16.57,81.94,336.73,127.65,37.78,230.98,143.08,363.13,480,331.81,83.6,351.46,157.74,87.76,56.42,52.24,0,0,0,0,0,0
16.52,82.48,341.33,129.2,38.09,237.94,145.06,374.19,494.58,342.01,85.05,356.07,159.57,90.65,57.98,52.91,0,0,0,0,0,0
16.34,81.15,337.43,127.65,38.01,232.03,144.79,365.55,482.13,333.71,84.33,350.3,158.1,87.84,56.04,51.46,0,0,0,0,0,0
16.95,83.96,352.4,131.77,39.68,240.14,148.26,378.28,500.22,344.63,86.88,359.31,161.82,91.04,57.68,52.87,0,0,0,0,0,0
14.72,73.03,309.99,115.52,34.86,210.58,130.08,332.35,439.32,301.55,75.41,312.78,140.55,79.22,50.01,45.35,0,0,0,0,0,0
12.54,61.31,254.25,97.3,28.88,180.52,108.38,283.2,371.99,261.77,63.46,265.88,118.92,68.78,44.61,39.44,0,0,0,0,0,0
13.52,63.3,254.23,99.55,29.62,185.95,109.52,288.73,383.58,271.74,64.17,275.03,121.58,70.83,47.44,41.62,0,0,0,0,0,0
15.56,66.47,248.12,101.27,30.95,183.53,109.37,278.04,376.19,270.58,65.05,285.62,124.61,69.03,49.77,44.87,0,0,0,0,0,0
13.86,58.97,219.03,90.61,27.28,163.71,96.23,246.69,333.72,239.34,57.44,255.11,109.5,60.54,44.71,40.27,0,0,0,0,0,0
7.24,31.69,111.98,50.59,14.05,97.38,51.67,146.08,195.8,149.66,31.78,145.68,60.96,37.89,28.46,23.97,0,0,0,0,0,0
6.35,28.58,100.26,46.27,12.53,92.16,47.08,138.78,185.67,144.01,28.59,134.2,55.62,36.54,27.11,21.95,0,0,0,0,0,0
5.83,27.02,96.85,44.49,11.8,90.06,45.92,136.27,181.1,139.78,27.07,127.78,53.17,35.3,25.91,20.44,0,0,0,0,0,0
5.93,28.2,101.53,47.51,12.2,97,51.52,148,193.77,151.06,28.75,136.24,58.16,37.67,27.42,20.94,0,0,0,0,0,0
4.68,23.35,83.92,40.23,9.97,81.02,45.48,125.46,164.07,130.07,24.58,116.45,50.7,31.99,22.75,17.31,0,0,0,0,0,0
4.11,19.44,66.21,32.18,8.14,60.47,37.77,92.82,120.84,97.31,20.36,94.68,42.48,23.31,17.11,13.99,0,0,0,0,0,0
4.38,19.82,70.05,30.99,8.47,53.81,36.79,82.86,109,82.9,19.79,89.21,40.53,19.77,14.5,13.03,0,0,0,0,0,0
9.07,41.06,172.28,63.22,20.09,100.64,73.31,158.59,209.35,138.39,39.46,165.27,76.16,34.03,22.31,22.35,0,0,0,0,0,0
13.48,63.79,279.37,103.35,32.19,156.51,115.92,249.32,326.09,213.47,60.57,260.95,122.21,52.76,32.64,34.05,0,0,0,0,0,0
17.72,81.24,343.5,135.6,40.06,197.24,147.61,313.44,408.09,277.37,79.92,343.72,166.53,68.43,42.84,47.83,0,0,0,0,0,0
21.93,94.06,372.93,157.33,44.57,222.19,168.23,349.75,456.21,322.74,97.41,406.58,203.34,79.32,51.69,61.75,0,0,0,0,0,0
23.8,98.77,378.51,162.55,45.99,229.34,173.76,358.19,469.64,336.61,103.83,426.7,214.45,82.78,55.4,67.1,0,0,0,0,0,0
21.35,91.69,358.37,150,43.05,217.83,161.72,340.9,447.34,317.01,94.71,394.65,194.28,78.53,52.05,60.42,0,0,0,0,0,0
17.03,82.74,349.86,137.01,40.23,212.52,149.68,336.57,439.68,300.96,80.61,355.47,166.15,75.91,47.83,49.14,0,0,0,0,0,0
16.76,82.48,342.74,132.94,39,221.2,146.71,348.9,457.32,315.55,81.55,355.08,162.46,81.56,52.17,50.76,0,0,0,0,0,0
16.43,81.16,333.54,126.23,37.39,227.57,141.82,357.54,473.81,325.81,82.78,347.64,156.17,86.04,55.27,51.63,0,0,0,0,0,0
16.49,82.33,340.67,128.85,38.02,237.02,144.71,372.64,492.58,340.38,84.89,355.08,159.23,90.21,57.69,52.76,0,0,0,0,0,0
16.55,82.41,343.82,130.27,38.6,239.05,147.32,376.56,495.28,343.29,85.62,356.63,160.62,90.46,57.83,52.38,0,0,0,0,0,0
16.86,83.38,349.78,130.45,39.41,236.13,146.99,372.07,490.97,337.96,86.22,355.7,160.42,89.33,56.6,52.27,0,0,0,0,0,0
14.73,73.32,311.42,116.27,34.97,212.22,130.9,335.4,442.29,303.81,75.63,314.72,141.05,79.86,50.51,45.57,0,0,0,0,0,0
12.38,60.81,251.74,96.59,28.55,178.77,107.91,280.98,370.76,259.8,62.86,264.89,118.06,68.14,44.11,39.21,0,0,0,0,0,0
13.51,63.25,255.07,99.68,29.57,186.44,109.81,289.32,383.46,269.96,64.04,274.43,121.24,70.3,47.24,41.42,0,0,0,0,0,0
15.52,66.45,250.06,101.57,30.85,184.83,109.94,279.6,377.52,267.96,64.89,285.04,124.28,68.23,49.39,44.56,0,0,0,0,0,0
13.81,58.31,216.04,89.26,27.05,160.65,94.84,241.21,327.65,234.6,56.86,251.15,108.21,59.15,43.82,39.8,0,0,0,0,0,0
7.14,31.4,110.4,49.99,13.84,95.99,51.15,144.01,194.78,148.33,31.47,144.98,60.58,37.49,28.02,23.82,0,0,0,0,0,0
6.18,27.89,97.11,44.89,12.13,88.56,45.86,133.21,179.68,138.48,27.82,131.19,54.3,35.02,25.98,21.41,0,0,0,0,0,0
5.99,28.1,101.65,46.41,12.27,94.94,47.67,144.08,190.71,147.64,28.18,133.22,55.43,37.55,27.27,21.23,0,0,0,0,0,0
5.82,27.79,98.58,46.4,11.95,93.89,50.39,143.43,189.62,148.83,28.35,134.92,57.63,37.12,26.77,20.74,0,0,0,0,0,0
4.72,23.63,84.52,40.47,10.09,81.24,45.56,126.01,164.61,131.85,24.89,117.78,51.36,32.6,23.01,17.53,0,0,0,0,0,0
4.19,19.88,68.09,33.16,8.37,62.91,38.71,96.9,125.46,101.35,20.81,97.12,43.33,24.41,17.91,14.38,0,0,0,0,0,0
4.41,19.91,70.58,31.2,8.54,54.16,37,83.49,108.8,82.98,19.86,89.38,40.58,19.83,14.62,13.05,0,0,0,0,0,0
9.1,41.22,173.04,63.55,20.17,101.43,73.63,159.88,210.63,139.47,39.62,166.02,76.45,34.34,22.54,22.46,0,0,0,0,0,0
13.49,63.77,279.11,103.27,32.2,156.22,115.82,248.9,325.45,213.34,60.55,260.78,122.17,52.74,32.63,34.04,0,0,0,0,0,0
17.7,81.13,342.77,135.29,40.01,196.37,147.28,312.09,406.5,276.49,79.81,343.12,166.34,68.22,42.66,47.75,0,0,0,0,0,0
21.93,94.17,373.09,157.47,44.6,222.53,168.34,350.4,457.55,324.08,97.53,407.42,203.67,79.7,51.86,61.89,0,0,0,0,0,0
23.9,99.5,381.56,164.01,46.3,233.27,175.14,364.56,478.29,343.49,104.59,430.97,216.08,84.64,56.56,67.76,0,0,0,0,0,0
21.6,93.46,367.3,153.8,43.81,228.54,165.45,357.63,469.47,332.28,96.54,404.43,198.06,82.59,54.69,61.84,0,0,0,0,0,0
17.34,85.01,360.53,141.67,41.21,225.13,154.2,356.72,465.76,320.27,82.93,368.07,170.98,81.16,51.19,50.98,0,0,0,0,0,0
16.93,83.84,349.27,135.62,39.55,228.94,149.27,360.85,474.48,327.47,82.99,362.73,165.59,84.76,54.03,51.87,0,0,0,0,0,0
16.28,79.8,327.23,123.44,36.87,219.37,139.1,344.67,454.51,312.44,81.33,339.22,152.9,82.49,53.25,50.39,0,0,0,0,0,0
16.05,79.5,327.17,123.26,36.76,221.25,139.46,348.32,459.88,316.48,81.87,340.22,153.06,83.75,53.67,50.49,0,0,0,0,0,0
16.03,79.5,329.99,124.26,37.18,222.86,141.64,351.1,464.12,319.06,82.55,341.73,154.66,83.87,53.35,50.05,0,0,0,0,0,0
16.42,80.92,337.92,125.44,38.23,222.2,142.3,350.57,463.43,317.26,83.58,343.19,155.24,83.75,52.92,50.3,0,0,0,0,0,0
14.29,70.15,296.67,109.77,33.59,194.55,124.64,307.24,405.41,276.28,72.36,297.04,134.22,72.39,45.76,42.95,0,0,0,0,0,0
11.98,58.12,241.02,91.45,27.32,165.58,103.19,259.28,342.72,235.47,60.01,249.73,112.17,61.39,39.89,36.82,0,0,0,0,0,0
12.95,59.36,235.77,91.66,27.91,164.06,102.01,254.37,337.53,237.8,60.04,253.49,112.97,61.64,41.72,38.4,0,0,0,0,0,0
15.19,64.14,238.26,96.64,29.86,170.57,105.11,257.61,347.57,247.78,62.48,272.32,119.24,62.9,46,42.7,0,0,0,0,0,0
13.49,56.24,205.64,84.92,26.13,148.27,90.63,222.1,302.26,216.98,54.7,240.11,103.79,54.46,40.79,38.16,0,0,0,0,0,0
7.08,30.69,107.19,48.56,13.59,92.11,49.74,137.67,185.86,141.94,30.76,140.57,58.95,35.75,27.02,23.21,0,0,0,0,0,0
6.19,27.53,96.93,44.43,12.03,87.72,45.5,131.15,175.58,133.65,27.43,128,53.19,33.61,25.35,20.91,0,0,0,0,0,0
5.9,27.18,98.03,44.86,11.93,91.26,46.23,137.75,182.52,140.57,27.27,127.95,53.4,35.48,26.13,20.51,0,0,0,0,0,0
5.85,27.85,100.2,47.04,11.99,96.77,51.17,147.2,195.62,150.63,28.44,135.31,57.75,37.34,27.08,20.82,0,0,0,0,0,0
4.81,23.8,85.62,41.05,10.26,83.22,46.11,128.76,167.96,134.29,25.13,118.36,51.65,33.14,23.56,17.74,0,0,0,0,0,0
4.19,19.91,68.35,33.29,8.37,63.53,38.86,97.75,127.15,102.2,20.86,97.47,43.47,24.59,18.01,14.44,0,0,0,0,0,0
4.48,20.18,71.55,31.68,8.71,55.42,37.36,85.4,111.15,85.53,20.19,90.6,41.17,20.53,15.1,13.3,0,0,0,0,0,0
9.1,41.16,173.02,63.55,20.16,101.8,73.65,160.21,211.61,139.6,39.58,165.73,76.36,34.29,22.54,22.45,0,0,0,0,0,0
13.52,63.96,279.94,103.66,32.29,157.35,116.19,250.67,327.94,215.27,60.77,261.89,122.61,53.25,32.96,34.23,0,0,0,0,0,0
17.73,81.39,343.92,135.8,40.12,197.74,147.76,314.28,409.43,278.74,80.08,344.57,166.91,68.83,43.04,47.97,0,0,0,0,0,0
21.93,94.13,373.04,157.43,44.59,222.47,168.32,350.26,457.14,323.61,97.49,407.08,203.53,79.56,51.81,61.84,0,0,0,0,0,0
23.89,99.47,381.84,164.05,46.28,233.46,175.23,364.78,478.4,342.92,104.54,430.76,215.97,84.47,56.48,67.7,0,0,0,0,0,0
21.56,93.31,366.35,153.51,43.73,227.68,165.2,356.49,468.24,331.53,96.37,404.01,197.79,82.39,54.53,61.77,0,0,0,0,0,0
17.44,85.42,361.67,142.36,41.46,226.56,154.71,359.23,468.22,324.03,83.4,370.06,171.82,82.26,51.94,51.38,0,0,0,0,0,0
16.91,83.63,347.73,135.05,39.49,226.69,148.65,357.72,468.88,324.87,82.75,361.31,164.99,84.18,53.72,51.68,0,0,0,0,0,0
16.34,80.44,329.63,124.43,37.11,221.6,139.96,348.54,459.62,317.24,81.99,342.86,154.37,83.94,53.98,50.9,0,0,0,0,0,0
16.09,79.24,326,122.67,36.75,220,138.74,345.74,456.52,314.44,81.72,337.92,152.49,83.15,53.36,50.29,0,0,0,0,0,0
16.05,79.09,328.15,123.43,37.12,220.43,140.74,347.04,457.21,314.91,82.18,338.53,153.57,82.77,52.86,49.68,0,0,0,0,0,0
16.25,79.49,332.82,122.95,37.63,216.08,140.05,340.13,449.38,304.34,82.09,334.74,151.97,80.08,50.8,49,0,0,0,0,0,0
14.18,69.47,294.02,108.47,33.26,191.53,123.44,302.05,399.68,270.61,71.65,293.34,132.84,70.77,44.67,42.38,0,0,0,0,0,0
12.01,58.12,239.4,91.23,27.4,164.49,102.78,258.05,341.09,237.27,60.1,250.01,112.29,61.94,40.23,37.04,0,0,0,0,0,0
12.95,59.63,237.72,92.38,27.94,166.78,102.85,258.34,344.62,240.85,60.29,255.56,113.72,62.33,42.04,38.62,0,0,0,0,0,0
15.19,64.19,238.59,96.31,29.85,169.5,104.67,255.65,344.88,245.83,62.53,271.75,119.35,62.51,45.57,42.56,0,0,0,0,0,0
13.62,57.23,210.94,86.97,26.52,154.09,92.68,231.08,314.03,224.42,55.68,245.3,105.84,56.46,42.05,38.85,0,0,0,0,0,0
7.01,30.67,107.8,48.72,13.48,92.73,50.08,138.72,187.67,141.44,30.64,140.99,58.89,35.56,26.86,23.13,0,0,0,0,0,0
6.15,27.36,95.94,44,11.93,86.87,45.05,129.64,175.02,133,27.3,127.37,53.03,33.4,25.08,20.84,0,0,0,0,0,0
5.84,27.16,98,45.07,11.84,92.18,46.6,139.44,186.16,142.15,27.2,129.03,53.52,35.8,26.27,20.61,0,0,0,0,0,0
5.82,27.69,98.23,46.27,11.92,93.72,50.27,143.03,189.18,148.29,28.26,134.3,57.39,36.92,26.7,20.68,0,0,0,0,0,0
4.69,23.05,83.43,39.66,9.88,79.88,44.9,122.92,160.26,126.19,24.3,113.73,49.91,30.88,22.15,16.93,0,0,0,0,0,0
4.16,19.66,67.91,32.97,8.26,63.03,38.63,96.63,125.87,99.9,20.59,95.97,42.88,23.88,17.62,14.19,0,0,0,0,0,0
4.4,19.82,70.39,31.06,8.49,54.05,36.88,83.11,108.79,82.36,19.78,88.87,40.41,19.61,14.48,12.97,0,0,0,0,0,0
9.06,41,172.3,63.23,20.07,100.9,73.37,158.86,209.87,138.14,39.39,164.96,76.01,33.9,22.28,22.31,0,0,0,0,0,0
13.47,63.68,278.97,103.13,32.15,155.95,115.71,248.35,324.73,212.34,60.46,260.23,121.96,52.45,32.46,33.94,0,0,0,0,0,0
17.74,81.4,344.18,135.78,40.13,197.71,147.73,314.09,408.97,278.16,80.09,344.31,166.88,68.69,42.95,47.91,0,0,0,0,0,0
21.98,94.45,374.77,158.1,44.73,224.45,168.97,353.23,461.24,326.25,97.83,408.77,204.24,80.25,52.24,62.08,0,0,0,0,0,0
23.95,99.83,383.26,164.75,46.45,235.42,175.87,367.91,482.9,346.59,104.94,432.9,216.82,85.46,57.07,68.05,0,0,0,0,0,0
21.62,93.51,366.66,153.76,43.87,227.98,165.32,357.15,468.43,333.23,96.61,404.83,198.19,82.93,54.89,61.97,0,0,0,0,0,0
17.42,85.33,361.25,142.03,41.42,225.74,154.34,357.75,466.64,322.81,83.33,369.34,171.68,81.95,51.66,51.27,0,0,0,0,0,0
16.96,83.79,348.97,135.72,39.6,229.1,149.38,361.23,474.05,327.77,82.95,362.44,165.36,84.8,54.25,51.9,0,0,0,0,0,0
16.32,80.32,327.84,123.97,37.07,220.33,139.38,346.76,458.76,318.23,81.95,342.84,154.42,84.22,53.99,51.01,0,0,0,0,0,0
16.04,79.41,325.99,122.91,36.72,220.23,139.03,346.86,458.78,316.75,81.84,340.07,153.05,83.86,53.61,50.53,0,0,0,0,0,0
16.2,79.73,330.26,124.74,37.51,223.77,141.87,352.55,463.97,321.94,82.92,342.06,154.95,84.67,54.18,50.37,0,0,0,0,0,0
16.29,79.93,334.42,123.66,37.79,217.86,140.69,343.15,453.79,308.15,82.54,337.41,153.03,81.18,51.37,49.39,0,0,0,0,0,0
14.25,69.6,295.25,109.06,33.39,193.32,124.08,304.67,402.1,271.92,71.8,293.73,132.93,71.03,45.09,42.48,0,0,0,0,0,0
11.99,58.2,240.35,91.54,27.39,165.21,103.22,259.35,342.16,237.01,60.09,250.57,112.33,61.88,40.23,37,0,0,0,0,0,0
12.96,59.55,236.96,92.17,27.95,165.63,102.59,256.86,341.2,239.67,60.2,254.87,113.4,62.1,42,38.55,0,0,0,0,0,0
15.23,64.75,240.95,97.62,30.06,173.06,106.03,261.69,353.34,252.02,63.08,275.75,120.64,64.15,46.6,43.13,0,0,0,0,0,0
13.42,56.18,206.33,84.88,25.99,148.4,90.77,222.19,302.82,215.09,54.53,239.96,103.63,53.93,40.36,37.95,0,0,0,0,0,0
6.9,30.01,104.58,47.34,13.16,89.24,48.76,133.1,181.51,136.54,29.97,137.74,57.64,34.2,25.88,22.65,0,0,0,0,0,0
6.28,28.13,99.73,45.41,12.27,90.52,46.36,135.31,181.61,138.03,28.08,130.96,54.57,34.85,26,21.34,0,0,0,0,0,0
5.86,27.04,96.87,44.58,11.84,90.88,45.95,137.17,183.66,141.44,27.17,128,53.38,35.64,26.09,20.57,0,0,0,0,0,0
5.87,27.8,98.77,46.33,12.02,93.7,50.22,142.79,187.95,147.98,28.4,134.05,57.51,36.91,26.73,20.68,0,0,0,0,0,0
4.75,23.77,86.65,40.91,10.12,83.36,46.07,128.41,168.58,132.06,25.04,117.91,51.63,32.52,22.97,17.49,0,0,0,0,0,0
4.15,19.49,66.8,32.51,8.21,61.76,38.11,94.56,123.27,98.57,20.44,94.86,42.55,23.54,17.38,14.07,0,0,0,0,0,0
4.44,20.02,70.9,31.43,8.61,54.88,37.17,84.57,110.63,84.65,20.02,90.09,40.89,20.25,14.89,13.2,0,0,0,0,0,0
9.08,41.05,172.48,63.27,20.1,100.76,73.38,158.74,209.11,137.98,39.44,165.05,76.06,33.91,22.3,22.31,0,0,0,0,0,0
13.52,63.98,280.27,103.66,32.28,157.31,116.2,250.54,327.5,214.66,60.77,261.79,122.61,53.12,32.86,34.17,0,0,0,0,0,0
17.73,81.28,343.57,135.64,40.09,197.43,147.62,313.67,408.59,277.96,79.99,343.89,166.66,68.59,42.93,47.88,0,0,0,0,0,0
21.97,94.33,374.01,157.8,44.69,223.53,168.65,351.83,459.32,325.23,97.71,408.07,203.98,80,52.07,61.99,0,0,0,0,0,0
23.91,99.59,382.3,164.2,46.34,233.85,175.34,365.38,479.26,343.75,104.68,431.32,216.25,84.72,56.6,67.78,0,0,0,0,0,0
21.66,93.71,368.64,154.44,43.96,230.42,166.09,360.5,472.92,334.71,96.8,405.66,198.52,83.2,55.19,62.06,0,0,0,0,0,0
17.45,85.16,362.68,142.35,41.39,227.55,154.9,359.68,468.19,320.57,83.11,367.56,170.95,81.09,51.51,50.96,0,0,0,0,0,0
17.01,83.94,349.51,135.74,39.7,228.71,149.28,360.6,471.98,327.23,83.12,362.4,165.55,84.79,54.24,51.9,0,0,0,0,0,0
16.36,80.53,331.21,124.83,37.13,223.13,140.49,350.54,462.02,317,82.03,343.01,154.42,83.79,53.98,50.83,0,0,0,0,0,0
16.13,79.87,329.67,123.87,36.91,223.22,140,350.82,463.08,317.79,82.27,341.3,153.79,84.12,53.86,50.61,0,0,0,0,0,0
15.99,78.89,327.71,123.18,36.98,219.73,140.64,346.05,455.72,312.68,81.89,337.7,153.07,82.15,52.48,49.45,0,0,0,0,0,0
16.31,79.87,333.69,123.52,37.8,217.46,140.49,342.57,453.2,308.57,82.53,337.15,152.95,81.28,51.45,49.43,0,0,0,0,0,0
14.22,69.94,295.77,109.33,33.44,193.65,124.25,305.71,404.69,274.9,72.13,296.29,133.92,71.98,45.36,42.8,0,0,0,0,0,0
11.93,58.03,238.85,90.95,27.27,163.28,102.59,256.64,339.04,235.66,59.92,250.01,112.11,61.61,39.89,36.91,0,0,0,0,0,0
12.99,59.53,237.38,92.25,27.98,166.21,102.67,257.35,341.76,239.38,60.21,254.31,113.28,61.94,42,38.5,0,0,0,0,0,0
15.12,63.85,237.29,95.76,29.66,168.59,104.2,253.93,344.26,244.17,62.21,270.41,118.81,61.95,45.13,42.35,0,0,0,0,0,0
13.48,56.31,205.04,84.85,26.14,147.77,90.47,221.68,302.31,218.31,54.79,240.97,104.11,54.9,40.91,38.31,0,0,0,0,0,0
7,30.19,105.17,47.7,13.36,89.98,48.97,134.18,181.58,138.03,30.23,137.97,57.87,34.62,26.34,22.82,0,0,0,0,0,0
6.12,27.03,93.79,43.18,11.81,84.21,44.18,125.71,169.26,130.09,26.96,125.47,52.3,32.7,24.63,20.6,0,0,0,0,0,0
5.78,26.71,95.73,44.09,11.66,89.32,45.63,134.99,180.01,138.04,26.74,126.47,52.54,34.73,25.59,20.24,0,0,0,0,0,0
5.87,28.03,99.41,46.86,12.08,95.07,50.79,145.37,191.98,151.26,28.63,136.21,58.15,37.79,27.22,20.98,0,0,0,0,0,0
4.66,23.14,83.92,39.91,9.87,80.48,45.24,124.11,161.9,126.93,24.33,114.63,50.09,31.08,22.26,16.99,0,0,0,0,0,0
4.09,19.16,64.76,31.74,8.06,59.01,37.35,90.73,117.17,95.23,20.06,93.15,41.76,22.75,16.89,13.8,0,0,0,0,0,0
4.39,19.82,70.05,31.02,8.49,53.72,36.83,82.82,108.28,82.62,19.78,89.08,40.44,19.72,14.53,13.01,0,0,0,0,0,0
9.06,40.99,171.82,63.07,20.07,100.23,73.14,157.95,208.66,138.09,39.41,164.94,76.04,33.95,22.25,22.33,0,0,0,0,0,0
13.48,63.75,279.13,103.25,32.18,156.28,115.82,248.94,325.71,213.23,60.53,260.73,122.14,52.69,32.59,34.03,0,0,0,0,0,0
17.74,81.34,343.65,135.73,40.12,197.56,147.68,313.96,408.91,278.58,80.05,344.25,166.8,68.78,43.04,47.95,0,0,0,0,0,0
21.98,94.37,373.98,157.87,44.72,223.57,168.69,352.01,459.22,325.68,97.76,408.25,204.04,80.14,52.19,62.05,0,0,0,0,0,0
23.91,99.49,381.71,163.99,46.31,233.35,175.11,364.51,478.27,343.28,104.61,430.74,216.07,84.58,56.52,67.74,0,0,0,0,0,0
21.57,93.17,365.11,153.07,43.72,226.18,164.64,354.2,464.75,330.42,96.28,402.94,197.49,82.15,54.39,61.7,0,0,0,0,0,0
17.33,84.71,357.76,140.75,41.15,222.19,153.09,352.35,460.09,318.66,82.7,366.39,170.46,80.82,50.9,50.88,0,0,0,0,0,0
16.93,83.66,347.56,135.1,39.53,226.83,148.65,357.99,469.45,325.9,82.82,361.6,165.12,84.45,53.89,51.78,0,0,0,0,0,0
16.29,79.95,327.83,123.66,36.91,219.97,139.3,345.65,456.25,313.72,81.49,340.23,153.31,82.87,53.39,50.52,0,0,0,0,0,0
16.03,79.14,325.43,122.36,36.63,218.95,138.48,344.32,454.88,313.07,81.56,337.69,152.32,82.84,53.05,50.18,0,0,0,0,0,0
15.94,78.89,327.44,123.21,36.91,219.87,140.74,346.56,457.46,313.71,81.86,338.54,153.23,82.4,52.53,49.53,0,0,0,0,0,0
16.21,79.8,334.75,123.67,37.63,218.31,140.92,343.79,455.39,306.98,82.32,337.27,152.76,80.76,51.08,49.22,0,0,0,0,0,0
14.26,69.97,296.72,109.69,33.5,194.7,124.7,307.21,405.29,274.55,72.13,296.01,133.73,71.82,45.51,42.75,0,0,0,0,0,0
12.04,58.24,240.29,91.63,27.47,165.9,103.2,260.06,344.09,238.84,60.24,250.73,112.57,62.29,40.49,37.16,0,0,0,0,0,0
13.07,60.08,240.08,93.15,28.21,168.65,103.47,261,346.54,242.82,60.79,256.8,114.46,62.94,42.54,38.84,0,0,0,0,0,0
15.29,64.46,239.68,97.13,30.07,171.92,105.43,259.41,349.64,250.02,62.89,273.34,119.91,63.54,46.42,42.93,0,0,0,0,0,0
13.59,56.72,208.33,86.08,26.39,151.16,91.82,226.78,306.56,220.15,55.15,242.3,104.54,55.33,41.56,38.46,0,0,0,0,0,0
6.96,30.17,105.16,47.7,13.3,89.83,49.06,134.18,181.44,137.49,30.14,138.17,57.79,34.5,26.24,22.76,0,0,0,0,0,0
6.13,27.26,94.84,43.75,11.9,85.74,44.8,128.32,172.69,132.47,27.17,127.07,52.78,33.32,25.05,20.81,0,0,0,0,0,0
5.9,27.52,99.12,45.22,11.99,91.96,46.53,139.14,184.96,142.78,27.59,130.08,54.27,36.2,26.35,20.76,0,0,0,0,0,0
6.1,28.89,102.24,48.33,12.64,98.53,51.88,150.9,197.82,158.97,29.66,140,59.92,39.98,28.74,21.79,0,0,0,0,0,0
4.77,23.62,85.01,40.54,10.15,81.76,45.61,126.34,164.6,131.42,24.92,117.03,51.22,32.42,23.03,17.47,0,0,0,0,0,0
4.18,19.84,67.44,32.87,8.34,62.03,38.33,95.54,124.23,101.13,20.81,96.94,43.38,24.41,17.78,14.38,0,0,0,0,0,0
4.41,19.96,70.76,31.3,8.55,54.44,37.1,83.96,109.55,83.52,19.91,89.74,40.7,19.97,14.7,13.1,0,0,0,0,0,0
9.06,41.06,172.66,63.35,20.08,101.14,73.51,159.29,210.22,138.26,39.43,165.27,76.1,33.95,22.31,22.32,0,0,0,0,0,0
13.49,63.8,279.66,103.4,32.19,156.8,115.99,249.64,326.65,213.4,60.57,260.91,122.22,52.72,32.62,34.03,0,0,0,0,0,0
17.71,81.24,343.42,135.56,40.06,197.14,147.57,313.28,407.93,277.33,79.92,343.69,166.54,68.43,42.83,47.83,0,0,0,0,0,0
21.93,94.16,373.2,157.51,44.6,222.72,168.4,350.65,457.91,324.06,97.52,407.37,203.63,79.67,51.86,61.88,0,0,0,0,0,0
23.8,98.86,379.15,162.86,46.01,230.38,174.13,359.81,472.09,337.75,103.9,427.43,214.64,83.03,55.58,67.19,0,0,0,0,0,0
21.37,91.92,359.74,150.61,43.14,219.62,162.38,343.72,451.07,319.13,94.93,396.08,194.74,79.06,52.43,60.6,0,0,0,0,0,0
16.99,82.63,349.56,136.81,40.15,212.26,149.53,336.02,439.7,300.16,80.48,355.03,165.97,75.65,47.61,49.05,0,0,0,0,0,0
16.66,81.95,340.74,131.97,38.72,219.12,145.85,345.26,454.01,311.64,81.01,352.53,161.48,80.4,51.34,50.34,0,0,0,0,0,0
16.32,80.52,330.96,125.08,37.09,224.76,140.8,352.92,468.35,320.68,82.1,344.35,154.83,84.57,54.34,51.1,0,0,0,0,0,0
16.4,81.44,336.02,127.26,37.7,232.53,143.19,365.85,483.2,334.54,84,350.61,157.29,88.57,56.82,52.2,0,0,0,0,0,0
16.55,82.27,342.32,130.14,38.61,238.56,147.17,376.17,494.86,344.46,85.53,356.51,160.39,90.73,58.11,52.49,0,0,0,0,0,0
16.79,83.02,348.64,130.21,39.23,236.16,146.94,371.97,492.06,337.09,85.84,354.58,159.72,88.88,56.42,52.1,0,0,0,0,0,0
14.61,72.14,306.94,113.92,34.48,206.65,128.63,325.6,430.15,293.03,74.47,307.37,138.5,76.82,48.6,44.5,0,0,0,0,0,0
12.41,61.04,252.8,96.99,28.66,179.8,108.26,282.58,372.72,261.43,63.11,266.01,118.56,68.61,44.39,39.37,0,0,0,0,0,0
13.53,63.2,253.3,99.34,29.62,185.19,109.26,287.7,381.98,271.6,64.1,274.56,121.38,70.8,47.46,41.62,0,0,0,0,0,0
15.72,67.44,253.08,102.95,31.38,187.75,110.9,284.5,382.99,275.78,66.03,289.67,126.45,70.59,50.77,45.41,0,0,0,0,0,0
13.98,59.17,219.08,90.79,27.5,164.17,96.13,247.17,334.32,242.02,57.81,255.57,110.02,61.29,45.21,40.56,0,0,0,0,0,0
7.1,31.08,109.41,49.47,13.71,94.63,50.72,141.74,191.18,144.94,31.1,142.96,59.74,36.55,27.52,23.48,0,0,0,0,0,0
6.16,27.37,95.33,43.77,11.94,85.95,44.72,128.35,173.32,132.98,27.34,127.34,53.12,33.49,25.04,20.87,0,0,0,0,0,0
5.82,26.86,96.05,44.19,11.75,89.69,45.6,135.38,181.02,139.49,26.96,126.98,52.95,35.14,25.78,20.39,0,0,0,0,0,0
5.98,28.4,101.58,47.68,12.32,97.33,51.54,148.63,195.03,153.52,29.03,137.35,58.72,38.38,27.79,21.2,0,0,0,0,0,0
4.87,24.18,87.91,41.81,10.42,85.24,46.86,131.78,171.06,136.02,25.49,119.84,52.29,33.64,23.93,17.9,0,0,0,0,0,0
4.23,20.22,70.31,33.98,8.49,65.61,39.57,100.84,131.31,104.34,21.16,99.03,44.11,25.15,18.36,14.63,0,0,0,0,0,0
4.42,20.01,70.63,31.32,8.58,54.45,37.06,84.04,110.06,84.41,19.99,90.15,40.9,20.22,14.81,13.19,0,0,0,0,0,0
9.1,41.19,172.73,63.45,20.17,101.22,73.49,159.5,210.44,139.6,39.62,165.86,76.44,34.37,22.54,22.47,0,0,0,0,0,0
13.47,63.69,278.83,103.12,32.15,155.92,115.7,248.38,325.1,212.77,60.47,260.48,122.04,52.57,32.49,33.98,0,0,0,0,0,0
17.73,81.2,342.93,135.4,40.07,196.62,147.34,312.46,406.79,277.18,79.91,343.34,166.47,68.41,42.81,47.82,0,0,0,0,0,0
21.96,94.26,373.51,157.65,44.66,223,168.49,351.12,458.28,324.78,97.64,407.76,203.83,79.89,52.01,61.96,0,0,0,0,0,0
23.8,98.89,379.27,162.9,46.02,230.5,174.16,359.99,472.45,338.06,103.94,427.64,214.74,83.12,55.61,67.22,0,0,0,0,0,0
21.34,91.65,358.66,150.05,43.02,218.12,161.84,341.24,447.77,316.46,94.65,394.45,194.15,78.34,51.97,60.35,0,0,0,0,0,0
17.05,82.94,351.08,137.47,40.31,213.85,150.17,338.62,442.23,302.35,80.79,356.52,166.53,76.27,48.08,49.27,0,0,0,0,0,0
16.81,82.95,345.84,133.92,39.15,224.49,147.71,353.53,464.54,318.93,82.04,357.5,163.56,82.41,52.6,51.04,0,0,0,0,0,0
16.53,81.52,333.98,126.68,37.65,227.88,142.04,358.54,473.27,328.56,83.19,349.09,156.81,86.95,55.94,51.97,0,0,0,0,0,0
16.52,82.12,338.69,128.26,38.04,234.84,143.96,369.49,487.28,339.07,84.75,353.58,158.73,89.94,57.62,52.68,0,0,0,0,0,0
16.49,82.04,341.17,129.19,38.42,236.17,146.12,371.99,490.93,341.12,85.32,354.87,160.13,89.91,57.24,52.19,0,0,0,0,0,0
16.8,83.09,348.93,130.2,39.25,236.17,146.89,371.89,492.26,337.31,85.93,354.84,159.95,88.97,56.39,52.14,0,0,0,0,0,0
14.73,72.77,307.96,114.99,34.86,208.27,129.48,329.29,433,299.36,75.14,311.08,139.77,78.73,49.92,45.2,0,0,0,0,0,0
12.43,60.88,251.9,96.3,28.61,178.07,107.42,279.35,368.93,259.12,63.03,264.3,118.3,68.05,43.9,39.18,0,0,0,0,0,0
13.43,62.65,251.35,98.38,29.33,183.21,108.44,284.18,378.68,267.43,63.53,271.83,120.31,69.56,46.62,41.17,0,0,0,0,0,0
15.68,67.44,252.1,102.61,31.33,185.96,110.51,282.42,379.62,274.94,65.97,289.96,126.47,70.55,50.61,45.4,0,0,0,0,0,0
13.87,58.89,216.58,89.68,27.3,160.12,94.96,241.56,326.4,238.08,57.45,254.21,109.46,60.48,44.45,40.28,0,0,0,0,0,0
7.16,31.46,111.35,50.24,13.89,96.52,51.47,144.79,194.29,147.36,31.47,144.73,60.43,37.24,28.03,23.73,0,0,0,0,0,0
6.19,27.74,97.61,44.89,12.08,89.36,45.97,133.76,180.76,137.2,27.68,129.97,53.9,34.51,25.79,21.22,0,0,0,0,0,0
5.8,26.95,96.98,44.67,11.74,91.63,46.2,138.25,186.32,141.7,27.04,128.23,53.29,35.58,26.03,20.54,0,0,0,0,0,0
5.96,28.54,104.11,48.6,12.31,100.9,52.76,153.71,202.64,155.17,29.09,138.57,58.95,38.57,28.05,21.24,0,0,0,0,0,0
4.79,23.98,87.09,41.6,10.27,84.56,46.82,131.13,170.41,134.88,25.21,119.64,51.9,33.31,23.71,17.78,0,0,0,0,0,0
4.21,20.09,69.46,33.84,8.45,65.29,39.45,100.45,131.16,104.48,21.04,98.75,43.89,25.13,18.39,14.63,0,0,0,0,0,0
4.45,20.19,71.47,31.76,8.67,55.58,37.5,85.91,112.14,86.13,20.17,91.19,41.24,20.69,15.16,13.36,0,0,0,0,0,0
9.13,41.35,173.05,63.65,20.26,101.56,73.61,160.18,211.14,141.07,39.81,166.72,76.81,34.82,22.8,22.64,0,0,0,0,0,0
13.5,63.86,279.49,103.42,32.24,156.66,115.95,249.58,326.48,214.2,60.66,261.33,122.41,52.98,32.76,34.13,0,0,0,0,0,0
17.72,81.16,343,135.38,40.04,196.59,147.36,312.39,406.54,276.56,79.85,343.1,166.35,68.23,42.72,47.76,0,0,0,0,0,0
21.95,94.22,373.57,157.61,44.63,222.97,168.49,350.98,458.04,324.16,97.58,407.47,203.71,79.71,51.91,61.89,0,0,0,0,0,0
23.91,99.57,382.35,164.27,46.33,234.19,175.45,365.86,479.99,343.94,104.65,431.3,216.19,84.72,56.65,67.79,0,0,0,0,0,0
21.52,92.97,364.57,152.75,43.58,225.58,164.43,353.15,464,328.69,96.03,402.09,197.09,81.63,54.02,61.5,0,0,0,0,0,0
17.3,84.59,358.45,140.84,41.07,222.99,153.36,353.2,461.27,317.26,82.53,365.67,170.1,80.31,50.69,50.69,0,0,0,0,0,0
16.94,83.62,347.73,135.2,39.53,227.66,148.78,358.92,471.58,326.58,82.82,361.49,165.11,84.51,53.96,51.8,0,0,0,0,0,0
16.38,80.51,330.31,124.67,37.17,222.74,140.2,349.93,462.02,318.36,82.1,343.08,154.56,84.15,54.15,50.97,0,0,0,0,0,0
16.26,80.44,331.07,124.99,37.28,225.83,140.92,355.37,468.43,324.49,82.95,344.57,155.03,85.97,55.15,51.29,0,0,0,0,0,0
16,79.12,327.77,123.44,37.07,220.1,140.8,347.07,457.53,315.58,82.16,339.46,153.73,83.01,52.9,49.76,0,0,0,0,0,0
16.38,80.37,336.19,124.61,38.03,220.27,141.58,347.13,458.34,312.37,83.01,339.76,153.89,82.32,52.2,49.8,0,0,0,0,0,0
14.25,69.98,296.06,109.5,33.5,193.99,124.43,306.29,404.53,275.04,72.16,296.27,133.88,72.01,45.51,42.82,0,0,0,0,0,0
12.03,58.64,243.62,92.6,27.52,168.95,104.36,264.58,350.24,240.35,60.53,252.87,113.32,62.66,40.68,37.26,0,0,0,0,0,0
12.96,59.68,238.96,92.7,27.95,167.8,103.27,259.7,345.55,240.07,60.29,255.44,113.63,62.08,42.01,38.53,0,0,0,0,0,0
15.21,64.37,239.35,96.96,29.93,171.44,105.39,258.92,349.71,249.21,62.72,273.56,119.81,63.33,46.15,42.85,0,0,0,0,0,0
13.46,56.26,206.44,85.22,26.09,149.28,91.09,223.7,304.35,216.96,54.64,240.51,103.75,54.39,40.8,38.12,0,0,0,0,0,0
6.95,30.09,105.61,47.93,13.26,90.96,49.44,135.75,183.81,137.64,30.04,138.04,57.58,34.39,26.3,22.72,0,0,0,0,0,0
6.18,27.34,95.2,44.05,11.98,87.11,45.04,130.1,176.12,134.89,27.34,127.62,53.09,33.85,25.42,21.01,0,0,0,0,0,0
5.79,26.72,94.36,43.63,11.69,87.69,44.93,132.63,177.61,138.72,26.85,126.51,52.8,35.04,25.58,20.36,0,0,0,0,0,0
5.87,28.01,99.95,46.83,12.06,95.29,50.79,145.33,192.08,150.23,28.6,135.71,58.07,37.48,27.02,20.87,0,0,0,0,0,0
4.69,23.31,83.93,40.16,9.96,81.04,45.39,125.22,163.95,129.64,24.55,115.96,50.61,31.84,22.66,17.26,0,0,0,0,0,0
4.22,19.88,68.32,33.51,8.42,64.56,39.1,99.16,129.42,103.64,20.88,97.46,43.41,24.84,18.31,14.54,0,0,0,0,0,0
4.44,19.93,70.51,31.36,8.58,55.05,37.11,84.65,111.48,84.94,19.96,89.74,40.76,20.24,14.9,13.2,0,0,0,0,0,0
9.06,40.86,171.94,63,20.02,100.55,73.15,158.02,209.12,137.05,39.27,164.05,75.73,33.56,22.07,22.18,0,0,0,0,0,0
13.5,63.79,279.6,103.44,32.21,157.04,116.02,249.94,327.27,213.91,60.6,260.95,122.25,52.82,32.71,34.07,0,0,0,0,0,0
17.72,81.25,343.48,135.61,40.07,197.23,147.61,313.44,407.93,277.44,79.93,343.71,166.53,68.46,42.88,47.84,0,0,0,0,0,0
21.95,94.29,373.82,157.75,44.66,223.3,168.62,351.58,458.85,324.86,97.65,407.95,203.88,79.91,52.02,61.96,0,0,0,0,0,0
23.94,99.78,383.27,164.71,46.43,235.18,175.89,367.59,481.7,345.49,104.85,432.42,216.57,85.17,56.98,67.94,0,0,0,0,0,0
21.6,93.53,367.41,154.01,43.84,228.81,165.7,358.43,469.92,333.08,96.57,405.11,198.15,82.83,54.9,61.92,0,0,0,0,0,0
17.25,84.45,357.63,140.43,40.95,221.77,152.96,351.41,459.46,315.81,82.36,365.17,169.89,79.96,50.33,50.56,0,0,0,0,0,0
16.8,82.8,344.45,133.58,39.12,223.56,147.3,352.19,463.41,319.15,81.94,357.03,163.38,82.45,52.6,51.07,0,0,0,0,0,0
16.27,80.2,328.69,124.15,36.95,221.47,139.81,348.2,461.08,316.97,81.73,342.41,154.06,83.72,53.76,50.81,0,0,0,0,0,0
16.19,79.97,328.84,124.04,37.06,223.4,140.02,351.46,463.79,320.88,82.47,342.13,154.08,84.96,54.48,50.93,0,0,0,0,0,0
16.05,79.28,328.47,123.85,37.18,221.56,141.15,349.14,460.96,318.14,82.39,340.41,154.17,83.62,53.31,49.98,0,0,0,0,0,0
16.33,80.39,336.52,124.68,37.96,220.75,141.73,347.86,460.53,312.86,83,340.44,154.09,82.42,52.12,49.82,0,0,0,0,0,0
14.24,69.73,294.88,108.84,33.4,192.41,123.7,303.43,401.29,272.69,71.96,294.49,133.41,71.38,45.04,42.6,0,0,0,0,0,0
11.96,57.98,239.2,90.98,27.28,163.8,102.63,257,339.67,235.23,59.89,249.36,111.96,61.41,39.84,36.84,0,0,0,0,0,0
13.07,60.23,240.06,93.24,28.26,168.52,103.49,261.17,346.85,244.23,60.94,257.9,114.88,63.42,42.73,39.01,0,0,0,0,0,0
15.17,63.92,236.86,95.9,29.78,168.67,104.25,254.34,344.19,245.87,62.33,270.85,118.95,62.42,45.53,42.54,0,0,0,0,0,0
13.41,56.02,205.91,84.83,25.95,148.21,90.83,222.01,301.61,213.93,54.33,239.13,103.12,53.57,40.32,37.82,0,0,0,0,0,0
6.87,29.8,103.82,46.91,13.07,88.01,48.36,131.1,178.49,134.09,29.74,136.37,57.12,33.55,25.49,22.42,0,0,0,0,0,0
6.21,27.77,97.41,44.9,12.12,89.26,45.92,133.69,180.6,137.75,27.73,130.13,53.98,34.67,25.89,21.29,0,0,0,0,0,0
5.75,26.35,93.71,43.14,11.53,86.55,44.6,130.55,173.87,134.4,26.4,124.02,51.76,33.8,24.97,19.92,0,0,0,0,0,0
5.83,27.84,99.03,46.52,11.97,94.17,50.53,143.86,189.67,148.69,28.38,135,57.65,37.09,26.8,20.73,0,0,0,0,0,0
4.82,24.14,88.04,41.91,10.34,85.83,47.09,132.76,173.41,136.54,25.42,120.38,52.33,33.7,23.91,17.92,0,0,0,0,0,0
4.2,20.07,69.36,33.62,8.42,64.69,39.2,99.38,129.88,103.47,21.02,98.34,43.85,24.91,18.16,14.55,0,0,0,0,0,0
4.44,20,70.66,31.37,8.62,54.59,37.1,84.19,109.74,84.39,19.99,89.87,40.8,20.2,14.89,13.19,0,0,0,0,0,0
9.08,41.13,172.21,63.28,20.13,100.69,73.32,158.78,209.68,139.3,39.55,165.71,76.35,34.3,22.46,22.45,0,0,0,0,0,0
13.49,63.86,279.52,103.43,32.23,156.73,115.97,249.66,326.74,214.19,60.65,261.33,122.4,52.97,32.74,34.12,0,0,0,0,0,0
17.73,81.32,343.56,135.66,40.1,197.3,147.61,313.6,408.38,278.15,80.02,344.15,166.75,68.68,42.96,47.92,0,0,0,0,0,0
21.99,94.49,374.93,158.18,44.75,224.53,169.05,353.45,461.17,326.35,97.86,408.93,204.27,80.3,52.3,62.1,0,0,0,0,0,0
23.89,99.57,382.51,164.31,46.29,234.54,175.53,366.3,481.34,344.25,104.64,431.53,216.27,84.76,56.62,67.8,0,0,0,0,0,0
21.62,93.47,366.4,153.7,43.86,227.94,165.26,357.04,468.57,333.37,96.59,404.71,198.15,82.94,54.9,61.97,0,0,0,0,0,0
17.35,84.92,359.37,141.28,41.21,224.09,153.66,355.01,464.36,320.47,82.93,367.59,170.97,81.24,51.13,51.02,0,0,0,0,0,0
16.86,83.32,346.25,134.48,39.35,225.64,148.11,355.83,467.92,323.68,82.49,360.03,164.53,83.76,53.38,51.53,0,0,0,0,0,0
16.34,80.32,329.24,124.3,37.07,221.37,139.87,348.1,458.98,316.44,81.86,342.18,154.07,83.67,53.88,50.8,0,0,0,0,0,0
16.1,79.56,327.53,123.23,36.83,221.2,139.33,347.91,458.89,316.14,81.99,339.78,153.13,83.69,53.65,50.48,0,0,0,0,0,0
16.09,79.54,329.29,124.09,37.29,221.74,141.3,349.63,460.72,319,82.64,341.39,154.64,83.99,53.49,50.11,0,0,0,0,0,0
16.27,79.8,333.9,123.64,37.74,217.66,140.77,343.13,453.09,307.57,82.36,337.05,152.64,80.98,51.38,49.32,0,0,0,0,0,0
14.33,70.24,298.15,110.13,33.66,195.89,125.05,308.83,406.86,275.93,72.44,296.81,134.23,72.23,45.8,42.89,0,0,0,0,0,0
12.17,58.77,242.19,92.45,27.78,167.6,103.81,262.87,346.33,242.46,60.84,252.85,113.58,63.4,41.26,37.56,0,0,0,0,0,0
13.01,59.78,238.18,92.32,28.05,165.98,102.62,257.07,341.15,239.7,60.46,255.2,113.84,62.2,41.97,38.58,0,0,0,0,0,0
15.22,64.36,240.43,96.84,29.9,171.56,105.27,258.35,348.97,246.9,62.71,272.47,119.7,62.7,45.71,42.61,0,0,0,0,0,0
13.45,56.24,206.74,84.97,26.04,148.84,90.81,222.6,303.5,215.55,54.64,239.97,103.78,54.04,40.43,37.99,0,0,0,0,0,0
6.96,30.07,105.77,47.8,13.26,91.15,49.24,135.48,184.64,137.58,30.08,137.61,57.68,34.31,26.16,22.69,0,0,0,0,0,0
6.27,28.07,97.95,45.33,12.3,89.87,46.22,135.05,181.45,140.39,28.07,131.63,54.58,35.49,26.44,21.59,0,0,0,0,0,0
5.81,26.77,95.23,43.99,11.72,88.67,45.39,134.16,178.55,138.6,26.84,126.59,52.68,34.96,25.71,20.33,0,0,0,0,0,0
5.89,27.91,98.89,46.48,12.08,93.47,50.35,142.91,186.82,148.3,28.48,134.65,57.64,37.1,26.9,20.75,0,0,0,0,0,0
4.71,23.25,83.59,39.99,9.99,80.06,45.17,123.84,160.38,127.97,24.48,115.05,50.27,31.47,22.57,17.14,0,0,0,0,0,0
4.09,19.29,66.18,32.07,8.06,60.65,37.75,92.76,121.32,96.27,20.2,93.9,42.16,22.93,16.9,13.85,0,0,0,0,0,0
4.35,19.54,69.12,30.59,8.36,52.95,36.47,81.36,107.1,80.81,19.5,87.71,39.91,19.14,14.16,12.8,0,0,0,0,0,0
9.07,41.05,172.19,63.21,20.1,100.63,73.3,158.57,209.34,138.45,39.46,165.21,76.14,34.04,22.33,22.36,0,0,0,0,0,0
13.51,63.88,279.77,103.47,32.24,156.81,116.01,249.75,326.51,213.96,60.67,261.26,122.4,52.92,32.74,34.1,0,0,0,0,0,0
17.72,81.24,343.33,135.48,40.06,196.87,147.45,312.83,407.39,277.14,79.93,343.61,166.56,68.41,42.77,47.82,0,0,0,0,0,0
21.95,94.29,373.66,157.67,44.66,223.03,168.52,351.19,458.36,324.76,97.66,407.91,203.89,79.9,51.99,61.96,0,0,0,0,0,0
23.9,99.53,381.58,164.01,46.31,233.22,175.12,364.52,478.33,343.69,104.63,431.13,216.17,84.72,56.57,67.79,0,0,0,0,0,0
21.61,93.52,366.6,153.8,43.86,228.15,165.37,357.46,469.19,333.75,96.62,405.12,198.26,83.05,54.95,62.01,0,0,0,0,0,0
17.42,85.36,362.01,142.56,41.41,227.98,155.04,361.06,472.29,325.21,83.36,370.3,171.83,82.38,52.03,51.42,0,0,0,0,0,0
16.95,83.8,348.31,135.54,39.61,228.21,149.12,360.15,472.52,327.9,82.98,362.61,165.44,84.93,54.25,51.95,0,0,0,0,0,0
16.29,79.74,326.47,122.99,36.86,217.72,138.52,342.12,450.59,310.78,81.29,338.36,152.75,82.18,52.96,50.28,0,0,0,0,0,0
16.12,79.27,325.9,122.77,36.8,219.67,138.84,345.62,454.62,314.12,81.71,337.88,152.34,83.13,53.51,50.3,0,0,0,0,0,0
16.03,79.07,329.46,123.66,37.06,221.48,141.16,348.3,458.6,313.34,82.07,338.11,153.34,82.25,52.62,49.48,0,0,0,0,0,0
16.32,79.85,333.74,123.51,37.83,217.17,140.48,342.16,451.44,307.54,82.48,336.61,152.73,81.03,51.41,49.35,0,0,0,0,0,0
14.21,69.72,294.73,108.96,33.38,192,123.94,303.52,399.61,271.95,71.83,294.76,133.16,71.26,45.1,42.55,0,0,0,0,0,0
11.98,58.22,239.69,91.25,27.38,163.97,102.82,257.66,339.85,236.64,60.12,250.62,112.44,61.91,40.11,37.02,0,0,0,0,0,0
12.95,59.78,238.51,92.47,27.96,166.81,102.9,258.38,344.43,240.58,60.41,256.06,114.01,62.35,41.95,38.62,0,0,0,0,0,0
15.21,64.66,240.98,97.56,30,173.32,106.03,261.83,354.33,251.69,62.99,275.45,120.52,63.98,46.47,43.06,0,0,0,0,0,0
13.59,57.36,212,87.48,26.52,155.73,93.33,233.76,318.23,226.2,55.76,246.73,106.18,56.87,42.29,38.98,0,0,0,0,0,0
6.96,30.26,105.72,48.03,13.33,90.95,49.44,135.94,184.27,139.07,30.23,139.03,58.04,34.86,26.48,22.89,0,0,0,0,0,0
6.29,28.05,98.11,45.27,12.31,89.98,46.12,134.86,181.57,140.06,28.08,131.21,54.57,35.37,26.35,21.54,0,0,0,0,0,0
5.89,27.49,99.01,45.5,12,92.8,46.92,140.71,186.89,144.04,27.54,130.53,54.17,36.44,26.66,20.84,0,0,0,0,0,0
5.84,27.7,99.12,46.43,11.95,94.21,50.49,143.53,188.69,147.01,28.24,133.7,57.19,36.56,26.62,20.55,0,0,0,0,0,0
4.77,23.56,85.51,40.89,10.13,83.43,46.11,128.66,168.47,132.5,24.86,117.14,51.1,32.5,23.23,17.5,0,0,0,0,0,0
4.18,19.81,68.12,33.14,8.33,63.48,38.71,97.37,127.38,101.73,20.78,96.89,43.32,24.4,17.87,14.38,0,0,0,0,0,0
4.44,19.96,70.97,31.34,8.58,54.76,37.12,84.2,109.94,83.6,19.94,89.48,40.69,19.95,14.73,13.1,0,0,0,0,0,0
9.08,40.97,172.08,63.14,20.08,100.72,73.23,158.45,209.48,138.07,39.4,164.67,75.97,33.88,22.26,22.3,0,0,0,0,0,0
13.5,63.91,279.99,103.62,32.25,157.37,116.2,250.61,327.94,214.66,60.7,261.62,122.47,53.06,32.84,34.16,0,0,0,0,0,0
17.72,81.29,343.65,135.61,40.08,197.26,147.59,313.43,408.12,277.52,79.97,343.85,166.65,68.5,42.85,47.85,0,0,0,0,0,0
21.97,94.33,374.09,157.85,44.69,223.58,168.73,352,459.17,325.08,97.69,408.06,203.92,79.96,52.09,61.98,0,0,0,0,0,0
23.9,99.51,382,164.06,46.31,233.47,175.22,364.75,478.26,342.93,104.59,430.8,216.04,84.49,56.48,67.71,0,0,0,0,0,0
21.63,93.53,366.87,153.78,43.88,228.18,165.32,357.3,468.93,333.38,96.65,404.87,198.28,82.95,54.88,61.98,0,0,0,0,0,0
17.39,85.05,360.31,141.79,41.31,225.44,154.22,357.19,466.2,321.68,83.04,368.18,171.08,81.52,51.5,51.12,0,0,0,0,0,0
17.01,84.02,348.9,135.89,39.75,228.84,149.36,361.28,473.26,329.68,83.23,363.54,165.86,85.47,54.64,52.15,0,0,0,0,0,0
16.22,79.78,326.54,123.32,36.78,219.13,138.99,344.58,456.23,313.77,81.31,340.19,153.17,82.85,53.24,50.51,0,0,0,0,0,0
15.97,78.88,324.57,122.08,36.48,218.64,138.33,343.75,455.23,312.1,81.29,336.92,151.88,82.46,52.8,50.04,0,0,0,0,0,0
15.93,78.61,326.11,122.56,36.83,218.29,140.03,343.72,453.91,311.27,81.63,336.56,152.64,81.73,52.1,49.3,0,0,0,0,0,0
16.34,80.21,336.17,124.42,37.9,220.49,141.48,346.97,459.75,311.41,82.85,339.11,153.69,81.94,51.87,49.65,0,0,0,0,0,0
14.31,70.35,297.76,110.09,33.64,195.85,124.93,308.95,408.93,278.11,72.59,298.15,134.8,72.85,45.92,43.11,0,0,0,0,0,0
12.04,58.58,241.94,92.12,27.55,166.65,103.7,261.62,345.09,239.61,60.5,252.42,113.17,62.65,40.64,37.27,0,0,0,0,0,0
12.97,59.75,237.11,92.11,28.02,164.85,102.37,255.92,339.54,240.03,60.42,255.64,113.88,62.39,42.01,38.65,0,0,0,0,0,0
15.17,64.44,239.36,96.88,29.89,171.29,105.29,258.75,350.7,249.8,62.78,274.28,120.15,63.53,46.06,42.91,0,0,0,0,0,0
13.53,56.65,207.96,85.79,26.26,150.92,91.54,226.15,308.24,220.28,55.1,242.51,104.72,55.33,41.26,38.45,0,0,0,0,0,0
6.98,30.28,106.08,48.01,13.35,90.97,49.38,135.74,183.81,138.51,30.26,138.7,58.04,34.72,26.39,22.84,0,0,0,0,0,0
6.2,27.49,96.35,44.33,12.04,87.53,45.37,130.87,175.64,134.26,27.43,127.95,53.18,33.76,25.44,20.97,0,0,0,0,0,0
5.97,27.74,99.59,45.74,12.18,93.26,46.95,141.33,187.45,145.98,27.88,131.32,54.73,37.04,27.01,21.07,0,0,0,0,0,0
5.91,28.02,100.17,47.07,12.12,96.3,51.03,146.69,194.08,151.47,28.65,135.76,58.08,37.7,27.29,20.95,0,0,0,0,0,0
4.76,23.49,84.63,40.37,10.1,81.29,45.48,125.57,163.26,130.12,24.77,116.22,50.87,32.05,22.86,17.34,0,0,0,0,0,0
4.24,20.21,69.61,33.84,8.53,64.62,39.36,99.68,128.55,103.92,21.14,98.79,43.97,25.13,18.42,14.63,0,0,0,0,0,0
4.41,19.89,70.08,31.11,8.55,53.94,36.85,83.18,108.92,83.69,19.89,89.47,40.65,20.01,14.7,13.12,0,0,0,0,0,0
9.05,40.84,171.23,62.76,20.01,99.45,72.85,156.62,206.87,136.57,39.24,163.97,75.69,33.53,21.99,22.18,0,0,0,0,0,0
13.48,63.75,279.02,103.21,32.18,156.15,115.77,248.75,325.58,213.3,60.54,260.78,122.18,52.73,32.58,34.04,0,0,0,0,0,0
17.71,81.25,343.31,135.54,40.06,197.07,147.52,313.2,408.07,277.63,79.94,343.83,166.61,68.52,42.85,47.86,0,0,0,0,0,0
21.92,94.03,372.74,157.26,44.54,222.13,168.17,349.63,456.57,322.83,97.39,406.58,203.35,79.32,51.65,61.76,0,0,0,0,0,0
23.77,98.74,378.48,162.51,45.93,229.34,173.77,358.2,470.17,336.4,103.77,426.79,214.43,82.7,55.29,67.07,0,0,0,0,0,0
21.26,91.28,356.79,149.28,42.82,216.13,161.11,338.13,444.51,313.85,94.27,392.81,193.48,77.62,51.42,60.09,0,0,0,0,0,0
17.03,82.91,350.42,137.31,40.28,213.32,149.96,337.95,441.9,302.71,80.77,356.64,166.57,76.39,48.08,49.31,0,0,0,0,0,0
16.81,82.7,343.67,133.33,39.14,222.16,147.02,350.35,458.86,317.23,81.81,355.99,162.91,82.04,52.5,50.93,0,0,0,0,0,0
16.44,81.12,332.67,126.01,37.42,226.38,141.52,356.05,470.79,325.23,82.73,347.29,156.01,85.98,55.28,51.62,0,0,0,0,0,0
16.41,81.75,337.15,127.71,37.8,233.16,143.62,367.3,484.3,336.05,84.26,352.37,157.9,89.11,57.1,52.38,0,0,0,0,0,0
16.44,81.97,340.78,129.27,38.36,236.07,146.34,372.38,490.89,341.04,85.16,355.22,159.9,89.89,57.3,52.18,0,0,0,0,0,0
16.79,83.22,349.72,130.51,39.28,236.52,147.27,372.81,492.11,337.16,85.98,355.52,160.03,89.01,56.48,52.14,0,0,0,0,0,0
14.69,72.76,308.59,115.22,34.79,209.4,129.86,330.93,436.24,299.93,75.1,311.63,139.83,78.77,49.91,45.2,0,0,0,0,0,0
12.36,60.48,250.9,96.03,28.44,177.73,107.38,278.76,368.06,256.73,62.55,262.58,117.32,67.22,43.59,38.89,0,0,0,0,0,0
13.38,62.42,251.39,98.09,29.18,182.98,108.3,283.36,378.12,264.68,63.24,270.43,119.76,68.72,46.09,40.86,0,0,0,0,0,0
15.66,67.35,253.64,102.99,31.25,188.94,111.09,285.76,387.19,275.97,65.94,289.75,126.5,70.45,50.54,45.34,0,0,0,0,0,0
13.74,58.09,214.79,88.81,26.9,159.23,94.46,239.32,325.39,232.94,56.59,250.48,107.79,58.73,43.48,39.64,0,0,0,0,0,0
7.2,31.88,113.02,51.15,14.04,99.63,52.34,149.53,202.87,153.24,31.96,147.86,61.66,38.72,28.82,24.24,0,0,0,0,0,0
6.37,28.51,100.48,46.01,12.53,91.57,46.78,137.37,183.21,141.69,28.53,132.81,55.33,35.94,26.76,21.74,0,0,0,0,0,0
5.98,27.71,99.73,45.73,12.17,93.54,46.96,141.51,188.11,145.87,27.86,131.06,54.69,36.96,26.96,21.04,0,0,0,0,0,0
5.93,28.25,100.58,47.21,12.22,95.89,51.06,146.5,192.54,152,28.86,136.68,58.48,38.03,27.45,21.07,0,0,0,0,0,0
4.64,23.13,83.3,39.74,9.85,79.34,45.06,122.88,159.36,126.25,24.27,114.77,50.02,31.03,22.19,16.97,0,0,0,0,0,0
4.16,19.74,66.86,32.76,8.3,61.76,38.27,95.24,123.96,101.01,20.7,96.72,43.19,24.34,17.77,14.36,0,0,0,0,0,0
4.41,19.88,69.98,31.1,8.54,53.89,36.85,83.15,108.92,83.72,19.87,89.51,40.64,20.02,14.7,13.12,0,0,0,0,0,0
9.07,41.06,172.11,63.23,20.1,100.75,73.3,158.76,210,138.99,39.48,165.43,76.22,34.17,22.38,22.4,0,0,0,0,0,0
13.47,63.73,278.91,103.15,32.16,155.93,115.71,248.44,325.1,212.99,60.51,260.66,122.12,52.65,32.53,34.01,0,0,0,0,0,0
17.72,81.22,343.14,135.44,40.06,196.74,147.41,312.66,407.1,277.08,79.91,343.47,166.5,68.39,42.78,47.81,0,0,0,0,0,0
21.94,94.13,372.99,157.38,44.6,222.28,168.24,349.92,456.61,323.4,97.49,406.94,203.52,79.52,51.78,61.83,0,0,0,0,0,0
23.76,98.67,378.31,162.41,45.9,229.12,173.69,357.8,469.55,335.74,103.69,426.36,214.26,82.51,55.2,67,0,0,0,0,0,0
21.36,91.96,359.75,150.58,43.12,219.43,162.34,343.54,451.12,319.3,94.96,396.46,194.89,79.15,52.39,60.63,0,0,0,0,0,0
17.11,83.28,352.22,137.85,40.48,214.5,150.38,339.7,443.13,304.2,81.17,357.85,167.25,76.9,48.41,49.49,0,0,0,0,0,0
16.74,82.43,343.35,132.75,38.94,220.97,146.55,348.03,456.36,313.35,81.48,354.19,162.31,80.97,51.72,50.54,0,0,0,0,0,0
16.29,80.07,327.67,123.93,36.97,220.32,139.55,346.75,457.55,315.84,81.6,341.48,153.61,83.47,53.78,50.74,0,0,0,0,0,0
16.43,81.83,338.36,127.93,37.82,234.54,143.84,368.73,487.39,336.59,84.39,352.45,158.16,89.15,57.07,52.39,0,0,0,0,0,0
16.53,82.33,342.44,129.76,38.55,237.59,146.66,374.34,493.75,343.51,85.62,356.5,160.74,90.59,57.67,52.43,0,0,0,0,0,0
16.9,83.54,350.04,130.88,39.52,237.27,147.38,374.06,493.75,340.82,86.42,356.95,160.81,90.06,57.13,52.53,0,0,0,0,0,0
14.68,72.56,308.58,114.86,34.7,208.86,129.55,329.46,434.32,297,74.89,309.83,139.31,77.92,49.41,44.9,0,0,0,0,0,0
12.5,61.17,253.54,97.1,28.79,180.31,108.22,282.83,372.79,261.86,63.33,265.71,118.79,68.73,44.5,39.43,0,0,0,0,0,0
13.53,63.63,256.16,100.37,29.71,188.16,110.44,292.39,388.23,274.27,64.44,277.17,122.23,71.5,47.88,41.84,0,0,0,0,0,0
15.65,67.26,252.25,102.82,31.25,187.19,110.93,284.13,382.35,274.89,65.76,289.52,126.03,70.32,50.65,45.31,0,0,0,0,0,0
13.82,58.41,215.74,89.36,27.1,160.35,94.89,241.28,327.13,235.74,56.96,252,108.43,59.56,44.06,39.95,0,0,0,0,0,0
7.16,31.72,112.36,50.78,13.95,98.13,52.03,147.49,198.92,150.49,31.72,146.85,61.15,38.07,28.44,24.01,0,0,0,0,0,0
6.32,28.5,99.78,46.04,12.46,91.7,46.85,137.98,185.5,143.62,28.51,133.96,55.56,36.42,26.93,21.91,0,0,0,0,0,0
5.87,27.22,97.54,44.81,11.91,90.8,46.17,137.48,182.37,141.32,27.29,128.68,53.57,35.75,26.21,20.61,0,0,0,0,0,0
5.89,27.88,98.93,46.4,12.06,93.73,50.25,142.94,187.96,148.52,28.5,134.48,57.7,37.1,26.82,20.75,0,0,0,0,0,0
4.6,22.76,81.23,38.91,9.71,77.05,44.19,119.23,154.69,123.42,23.92,112.62,49.26,30.27,21.7,16.71,0,0,0,0,0,0
4.22,20.1,69.09,33.64,8.46,64.62,39.16,99.39,129.92,104.31,21.08,98.6,43.97,25.15,18.31,14.64,0,0,0,0,0,0
4.39,19.7,69.34,30.76,8.47,52.95,36.53,81.58,106.43,81.7,19.67,88.25,40.16,19.47,14.41,12.93,0,0,0,0,0,0
9.08,41.01,171.84,63.12,20.1,100.41,73.17,158.2,209.05,138.55,39.44,165.05,76.11,34.06,22.33,22.37,0,0,0,0,0,0
13.47,63.7,278.84,103.11,32.15,155.87,115.69,248.31,324.92,212.69,60.48,260.46,122.04,52.56,32.49,33.98,0,0,0,0,0,0
17.7,81.12,342.76,135.28,40,196.34,147.28,312.04,406.36,276.32,79.8,343.04,166.3,68.17,42.64,47.73,0,0,0,0,0,0
21.94,94.18,373.19,157.52,44.61,222.61,168.39,350.56,457.5,324.07,97.54,407.42,203.65,79.7,51.89,61.89,0,0,0,0,0,0
23.88,99.46,381.75,164.01,46.26,233.33,175.2,364.63,478.34,342.78,104.52,430.79,215.96,84.44,56.43,67.68,0,0,0,0,0,0
21.6,93.37,366.62,153.69,43.8,228.25,165.34,357.27,469.11,332.44,96.47,404.17,197.9,82.61,54.74,61.85,0,0,0,0,0,0
17.47,85.55,362.54,142.67,41.53,228.04,155,361.09,471.98,326.04,83.6,370.79,172.25,82.7,52.17,51.54,0,0,0,0,0,0
16.97,83.65,348.44,135.49,39.57,228.54,149.14,360.18,472.4,326.53,82.82,361.36,164.99,84.44,54.09,51.77,0,0,0,0,0,0
16.26,79.62,326.66,123.03,36.79,218.3,138.7,342.8,451.94,310.15,81.14,337.93,152.48,81.89,52.85,50.18,0,0,0,0,0,0
16.14,79.7,327.25,123.39,36.94,221.24,139.37,348.35,459.27,318.21,82.17,340.75,153.49,84.31,54.04,50.71,0,0,0,0,0,0
16.1,79.48,330.12,124.46,37.28,223.32,141.83,351.77,463.46,319.08,82.55,341.13,154.38,83.83,53.61,50.05,0,0,0,0,0,0
16.35,80.2,335.98,124.47,37.94,220.15,141.54,346.78,457.98,310.98,82.81,338.91,153.49,81.87,51.98,49.63,0,0,0,0,0,0
14.28,70.25,297.7,110.1,33.59,195.92,125.03,309.11,408.85,277.37,72.45,297.79,134.51,72.6,45.84,43.02,0,0,0,0,0,0
12.03,58.19,239.37,91.18,27.45,164.13,102.64,257.53,340.17,237.42,60.19,250.14,112.46,62.06,40.25,37.08,0,0,0,0,0,0
12.95,59.5,237.39,92.2,27.91,166.02,102.69,257.18,341.77,238.83,60.13,254.45,113.25,61.81,41.85,38.44,0,0,0,0,0,0
15.26,64.62,240.61,97.45,30.06,172.9,105.82,261.02,352.43,251.21,63,274.6,120.33,63.86,46.51,43.03,0,0,0,0,0,0
13.59,56.83,208.66,86.11,26.4,151.4,91.78,227.01,307.88,221.08,55.29,242.95,104.94,55.61,41.57,38.56,0,0,0,0,0,0
7,30.32,105.91,47.99,13.38,90.72,49.3,135.46,183.26,138.88,30.33,138.89,58.15,34.87,26.46,22.89,0,0,0,0,0,0
6.1,27.24,94.57,43.62,11.84,85.42,44.67,127.9,172.9,132.53,27.15,127.32,52.86,33.35,24.94,20.82,0,0,0,0,0,0
5.9,27.47,98.65,45.47,12.02,92.47,46.88,140.4,185.89,144.01,27.51,130.43,54.06,36.46,26.73,20.86,0,0,0,0,0,0
6.02,28.56,101.57,47.9,12.43,97.53,51.66,149.28,195.45,155.4,29.22,138.33,59.08,38.96,28.16,21.41,0,0,0,0,0,0
4.74,23.55,85.26,40.71,10.09,82.49,45.93,127.47,166.22,131.32,24.8,117.02,51.02,32.29,23.05,17.42,0,0,0,0,0,0
4.18,19.87,67.93,33.02,8.35,62.79,38.52,96.5,126.03,101.65,20.85,97.14,43.48,24.49,17.83,14.41,0,0,0,0,0,0
4.44,19.82,70.34,31.14,8.56,54.38,36.91,83.46,109.06,83,19.83,88.65,40.4,19.74,14.66,13.03,0,0,0,0,0,0
9.09,41.02,172.43,63.25,20.1,100.93,73.35,158.81,209.56,138.12,39.44,164.84,76.03,33.91,22.3,22.31,0,0,0,0,0,0
13.52,63.9,279.93,103.58,32.27,157.22,116.11,250.3,327.29,214.49,60.71,261.35,122.44,53.03,32.85,34.15,0,0,0,0,0,0
17.72,81.22,343.29,135.53,40.06,197.08,147.52,313.16,407.88,277.39,79.91,343.61,166.52,68.44,42.83,47.83,0,0,0,0,0,0
21.97,94.3,373.95,157.85,44.69,223.65,168.72,352.06,459.33,325.18,97.67,407.92,203.86,79.96,52.12,61.98,0,0,0,0,0,0
23.91,99.53,382.04,164.15,46.32,233.69,175.32,365.16,478.76,343.36,104.6,431.01,216.07,84.6,56.57,67.74,0,0,0,0,0,0
21.51,93.04,365.06,152.93,43.59,226.08,164.65,353.98,465.08,329.13,96.08,402.58,197.23,81.75,54.09,61.54,0,0,0,0,0,0
17.39,85.11,360.17,141.47,41.31,224.28,153.77,355.31,463.8,320.7,83.12,368.02,171.27,81.4,51.24,51.08,0,0,0,0,0,0
16.97,83.54,346.27,134.48,39.56,224.77,147.82,354.64,464.32,324.13,82.79,360.08,164.85,84.09,53.64,51.67,0,0,0,0,0,0
16.25,79.32,324.84,122.2,36.7,216.01,137.76,339.04,447.25,307.64,80.9,335.96,151.92,81.25,52.37,49.96,0,0,0,0,0,0
16.1,79.58,326.9,123.24,36.84,221.36,139.28,348.29,460.67,318.17,82.06,340.49,153.39,84.2,53.89,50.66,0,0,0,0,0,0
16.11,79.74,331.22,124.82,37.35,224.26,142.16,353.3,465.93,320.89,82.82,342.66,155.04,84.38,53.82,50.24,0,0,0,0,0,0
16.35,80.35,336.38,124.73,37.98,220.95,141.79,348.13,460.56,312.97,82.97,340.13,153.93,82.4,52.23,49.82,0,0,0,0,0,0
14.23,69.92,295.96,109.45,33.45,193.92,124.43,306.2,404.57,274.64,72.09,296.13,133.76,71.89,45.43,42.77,0,0,0,0,0,0
11.89,57.68,237.63,90.4,27.13,162.04,102.11,254.47,336.35,232.85,59.55,248.07,111.33,60.78,39.42,36.62,0,0,0,0,0,0
12.82,59.1,234.58,91.07,27.64,162.53,101.56,252.22,336.32,235.67,59.69,253.08,112.64,61.08,41.09,38.18,0,0,0,0,0,0
15.08,63.66,236.55,95.62,29.57,168.28,104.18,253.62,343.88,243.43,61.98,269.89,118.39,61.68,45.04,42.26,0,0,0,0,0,0
13.46,56.15,206.37,85.1,26.05,149.45,91,223.56,304.95,216.45,54.56,239.85,103.58,54.16,40.65,38.04,0,0,0,0,0,0
6.95,30.06,105.15,47.58,13.25,89.77,49,133.85,181.04,136.34,30.02,137.4,57.51,34.13,26.05,22.63,0,0,0,0,0,0
6.17,27.32,95.28,43.74,11.96,85.48,44.71,127.76,170.86,131.54,27.25,126.6,52.77,33.14,24.99,20.75,0,0,0,0,0,0
5.8,26.81,96.15,44.17,11.71,89.52,45.65,135.19,180.14,138.35,26.85,126.65,52.73,34.84,25.64,20.28,0,0,0,0,0,0
5.8,27.38,97.41,45.82,11.82,92.87,49.88,141.27,186.78,145.6,27.96,132.22,56.65,36.1,26.29,20.39,0,0,0,0,0,0
4.71,23.49,84.43,40.58,10.05,82.09,45.79,127.12,166.62,132.13,24.75,117.39,51.06,32.51,23.09,17.5,0,0,0,0,0,0
4.2,19.67,66.67,32.67,8.33,61.92,38.11,95.03,124.04,101.01,20.7,95.94,43.06,24.27,17.78,14.34,0,0,0,0,0,0
4.37,19.64,69.36,30.71,8.42,53.12,36.52,81.67,107.22,81.46,19.62,88.08,40.1,19.35,14.3,12.88,0,0,0,0,0,0
9.05,40.91,171.86,63.01,20.02,100.18,73.16,157.78,208.21,136.99,39.29,164.39,75.78,33.62,22.09,22.2,0,0,0,0,0,0
13.49,63.83,279.64,103.44,32.21,156.87,116.01,249.8,327,213.91,60.62,261.21,122.34,52.87,32.69,34.09,0,0,0,0,0,0
17.73,81.34,343.74,135.71,40.11,197.47,147.68,313.83,408.61,278.16,80.03,344.19,166.76,68.68,42.97,47.91,0,0,0,0,0,0
21.94,94.2,373.53,157.59,44.62,222.93,168.49,350.94,457.98,323.99,97.55,407.43,203.67,79.66,51.88,61.87,0,0,0,0,0,0
23.87,99.38,381.32,163.84,46.23,232.83,175.04,363.88,477.27,342.16,104.44,430.39,215.79,84.28,56.34,67.63,0,0,0,0,0,0
21.58,93.27,365.43,153.28,43.77,226.66,164.86,355.11,465.78,331.4,96.36,403.61,197.68,82.43,54.58,61.79,0,0,0,0,0,0
17.33,84.6,358.99,141.18,41.12,224.12,153.77,354.86,462.83,317.83,82.54,365.62,169.97,80.36,50.93,50.71,0,0,0,0,0,0
16.86,83.28,346.33,134.44,39.33,225.65,148.09,355.7,467.71,323.04,82.43,359.65,164.4,83.57,53.28,51.46,0,0,0,0,0,0
16.34,80.43,329.58,124.41,37.1,221.83,139.94,348.74,460.73,317.76,82,342.97,154.46,84.04,53.99,50.93,0,0,0,0,0,0
16.06,79.43,326.03,122.95,36.75,220.51,139.02,347.13,459.5,317.35,81.89,340.08,153.14,83.98,53.7,50.58,0,0,0,0,0,0
16.06,79.61,330.41,124.38,37.24,223.21,141.69,351.54,464.77,319.8,82.69,342.11,154.92,84.1,53.46,50.13,0,0,0,0,0,0
16.34,80.28,336.24,124.51,37.93,220.52,141.56,347.25,459.88,312.04,82.92,339.65,153.85,82.15,51.99,49.73,0,0,0,0,0,0
14.26,70.16,297.29,109.75,33.52,194.85,124.68,307.41,406.47,275.58,72.33,297.05,134.3,72.18,45.51,42.87,0,0,0,0,0,0
11.99,58.2,240.57,91.51,27.38,165.33,103.17,259.3,342.51,236.8,60.11,250.44,112.38,61.81,40.14,36.98,0,0,0,0,0,0
13.03,59.53,236.82,92.05,28.04,165.3,102.34,255.99,339.26,239.06,60.25,253.84,113.24,61.94,42.01,38.51,0,0,0,0,0,0
15.19,64.08,237.02,95.92,29.84,168.23,104.16,253.89,343.02,246.28,62.49,271.45,119.27,62.68,45.61,42.63,0,0,0,0,0,0
13.44,56.26,206.55,85.03,26.04,148.63,90.9,222.66,302.98,215.67,54.61,240.31,103.75,54.11,40.51,38.01,0,0,0,0,0,0
6.9,30.02,105.1,47.48,13.17,89.33,48.97,133.37,180.47,135.42,29.92,137.51,57.45,33.93,25.84,22.55,0,0,0,0,0,0
6.09,26.79,92.83,42.81,11.71,83.37,43.87,124.31,167.59,128.5,26.72,124.27,51.79,32.21,24.36,20.43,0,0,0,0,0,0
5.73,26.4,93.8,43.22,11.52,86.83,44.69,131.06,175.19,135.21,26.45,124.62,51.95,34.02,25.03,19.99,0,0,0,0,0,0
5.87,28.16,100.69,47.4,12.12,96.86,51.44,148.06,195.71,152.62,28.72,137.13,58.37,38.06,27.47,21.07,0,0,0,0,0,0
4.83,24.2,88.19,41.82,10.35,85.54,46.93,132.19,172.83,136.3,25.49,120.4,52.49,33.69,23.81,17.91,0,0,0,0,0,0
4.17,19.66,67.33,32.79,8.28,62.27,38.36,95.58,124.37,99.92,20.61,95.88,42.92,23.96,17.62,14.22,0,0,0,0,0,0
4.46,20.15,71.68,31.8,8.68,55.98,37.57,86.29,112.73,85.96,20.15,90.83,41.13,20.58,15.15,13.32,0,0,0,0,0,0
9.01,40.68,170.87,62.6,19.92,99.26,72.78,156.22,206.66,135.5,39.06,163.28,75.35,33.17,21.8,22.05,0,0,0,0,0,0
13.48,63.71,279.03,103.2,32.17,156.19,115.77,248.73,325.45,212.91,60.5,260.48,122.05,52.59,32.54,33.99,0,0,0,0,0,0
17.71,81.17,343.09,135.41,40.03,196.75,147.41,312.63,407.22,276.82,79.86,343.33,166.42,68.29,42.72,47.78,0,0,0,0,0,0
21.96,94.27,373.53,157.66,44.67,223.03,168.49,351.14,458.35,324.94,97.66,407.82,203.87,79.94,52.03,61.98,0,0,0,0,0,0
23.86,99.35,381.23,163.72,46.2,232.52,174.92,363.33,476.7,341.55,104.4,430.16,215.74,84.13,56.19,67.57,0,0,0,0,0,0
21.46,92.58,363.23,152.2,43.42,224.33,163.99,351.05,461.2,325.75,95.61,400.06,196.2,80.75,53.56,61.19,0,0,0,0,0,0
17.31,84.77,358.99,141.14,41.12,223.57,153.64,354.4,462.88,318.82,82.7,366.93,170.52,80.78,50.93,50.85,0,0,0,0,0,0
16.87,83.37,346.27,134.46,39.38,225.08,148.07,355.23,465.92,322.96,82.49,359.99,164.48,83.67,53.35,51.5,0,0,0,0,0,0
16.31,80.03,327.66,123.58,36.97,219.48,139.09,344.95,455.15,314.06,81.6,340.36,153.51,83.04,53.43,50.59,0,0,0,0,0,0
16.03,79.22,325.59,122.37,36.65,218.45,138.48,343.88,453.3,312.5,81.59,337.97,152.38,82.8,53.01,50.16,0,0,0,0,0,0
16.03,78.81,326.12,122.78,37.03,218.58,140.02,344.25,454.07,313.73,81.95,337.28,153.11,82.46,52.61,49.58,0,0,0,0,0,0
16.21,79.19,331.47,122.49,37.49,215.41,139.65,338.84,449.23,303.47,81.81,333.61,151.5,79.71,50.53,48.88,0,0,0,0,0,0
14.22,69.67,294.52,108.89,33.38,192.41,123.82,303.73,401.44,272.92,71.88,294.63,133.26,71.42,45.13,42.61,0,0,0,0,0,0
12.04,58.32,240.92,91.8,27.48,166.33,103.4,260.74,344.82,238.96,60.3,251.13,112.71,62.34,40.51,37.17,0,0,0,0,0,0
12.98,59.55,236.99,91.88,27.96,165.32,102.15,255.69,340.98,239.31,60.3,254.25,113.58,62,41.76,38.52,0,0,0,0,0,0
15.11,63.7,236.39,95.66,29.63,168.29,104.15,253.68,343.79,244.14,62.05,270.02,118.47,61.88,45.19,42.34,0,0,0,0,0,0
13.41,56.12,205.84,84.92,25.98,148.53,90.86,222.59,303.43,215.78,54.47,240.09,103.52,54.07,40.51,38,0,0,0,0,0,0
6.94,30.12,104.24,47.49,13.27,89.39,48.79,133.59,182.03,138.6,30.14,138.47,57.93,34.78,26.28,22.87,0,0,0,0,0,0
6.32,28.07,98.01,45.11,12.35,89.53,45.85,133.94,180.27,139.76,28.16,130.79,54.63,35.33,26.3,21.54,0,0,0,0,0,0
5.89,27.3,98.7,45.2,11.94,92.7,46.62,139.87,186.76,142.78,27.4,129.13,53.81,35.98,26.37,20.68,0,0,0,0,0,0
5.82,27.76,99.17,46.64,11.94,94.84,50.75,144.75,190.98,148.62,28.28,134.7,57.42,36.96,26.83,20.68,0,0,0,0,0,0
4.66,23.02,82.32,39.31,9.85,78.38,44.47,121.04,157.88,126,24.27,113.9,49.96,30.96,22.05,16.96,0,0,0,0,0,0
4.07,19.01,64.3,31.36,7.98,58.39,36.95,89.34,116.42,93.95,19.95,92.2,41.57,22.36,16.54,13.66,0,0,0,0,0,0
4.39,19.76,70.54,31.16,8.47,54.64,37.05,83.88,110.14,82.52,19.72,88.74,40.3,19.56,14.51,12.95,0,0,0,0,0,0
9.04,40.92,171.84,63.09,20.02,100.67,73.25,158.48,209.98,138.1,39.32,164.79,75.92,33.86,22.21,22.29,0,0,0,0,0,0
13.48,63.77,279.35,103.31,32.18,156.51,115.89,249.25,326.25,213.36,60.55,260.87,122.2,52.72,32.6,34.03,0,0,0,0,0,0
17.71,81.23,343.39,135.52,40.05,197.01,147.52,313.05,407.58,277.06,79.9,343.55,166.5,68.36,42.78,47.8,0,0,0,0,0,0
21.97,94.36,374.07,157.87,44.7,223.61,168.72,352.09,459.5,325.54,97.73,408.34,204.04,80.1,52.14,62.03,0,0,0,0,0,0
23.88,99.39,381.35,163.8,46.24,232.88,174.96,363.78,477.56,342.32,104.48,430.33,215.87,84.31,56.31,67.64,0,0,0,0,0,0
21.64,93.77,367.46,154.15,43.96,229.14,165.63,359,471.93,336.13,96.92,406.57,198.94,83.72,55.25,62.25,0,0,0,0,0,0
17.4,85.33,361.6,142.16,41.36,226.72,154.55,359.01,469.96,323.88,83.34,369.86,171.87,82.13,51.68,51.33,0,0,0,0,0,0
16.95,83.58,347.43,135.01,39.53,227.1,148.53,357.94,470.17,325.93,82.81,360.97,165.02,84.37,53.86,51.75,0,0,0,0,0,0
16.24,79.71,327.46,123.24,36.76,219.09,138.98,343.99,454.22,310.74,81.2,338.72,152.75,82.03,52.84,50.21,0,0,0,0,0,0
16.09,79.76,328.55,123.6,36.85,222.61,139.71,349.99,463.26,318.44,82.2,341.34,153.77,84.27,53.85,50.67,0,0,0,0,0,0
16.32,80.63,334.42,126.2,37.86,227.91,143.15,358.75,473.07,328.56,83.9,346.58,157.04,86.54,55.13,51.02,0,0,0,0,0,0
16.43,80.37,336.37,124.73,38.1,220.98,141.65,347.86,459.46,313.11,83.08,339.42,153.88,82.43,52.38,49.84,0,0,0,0,0,0
14.27,69.94,295.47,109.3,33.51,193.54,124.13,305.46,403.98,275.34,72.19,295.98,133.9,72.1,45.51,42.86,0,0,0,0,0,0
11.97,58.09,239.47,91.06,27.33,163.81,102.65,257.08,339.49,235.64,60.01,249.74,112.17,61.58,39.92,36.9,0,0,0,0,0,0
12.9,59.29,235.95,91.45,27.78,163.89,101.87,253.81,338.14,236.61,59.93,253.28,112.95,61.29,41.31,38.26,0,0,0,0,0,0
15.23,64.5,239.86,97.14,30,171.95,105.52,259.66,350.73,250.19,62.87,274.11,120.11,63.61,46.31,42.95,0,0,0,0,0,0
13.54,56.55,207.47,85.4,26.25,149.44,91.08,223.82,303.84,217.79,54.99,241.23,104.35,54.76,40.94,38.25,0,0,0,0,0,0
6.93,29.97,104.23,47.17,13.2,88.35,48.52,131.8,178.41,135.27,29.94,136.96,57.4,33.94,25.81,22.56,0,0,0,0,0,0
6.14,26.98,94.01,43.37,11.84,84.89,44.45,126.67,169.78,129.99,26.9,125.05,52.03,32.58,24.76,20.56,0,0,0,0,0,0
5.85,27.2,97.95,44.99,11.87,91.83,46.44,138.87,185.41,142.13,27.27,129.06,53.64,35.85,26.24,20.63,0,0,0,0,0,0
5.97,28.42,101.88,47.98,12.33,98.32,51.92,150.25,197.38,154.69,29.03,137.92,58.77,38.61,28.01,21.28,0,0,0,0,0,0
4.68,23.15,83.59,39.95,9.9,80.63,45.22,124.38,162.65,128.12,24.39,114.92,50.2,31.38,22.45,17.1,0,0,0,0,0,0
4.08,19.07,64.28,31.63,8.04,59,37.24,90.59,117.78,95.57,20.01,92.91,41.68,22.77,16.89,13.81,0,0,0,0,0,0
4.39,19.69,69.32,30.84,8.48,53.31,36.63,82.14,107.45,82.34,19.68,88.43,40.18,19.6,14.51,12.98,0,0,0,0,0,0
9.12,41.21,172.78,63.54,20.2,101.41,73.58,159.86,210.56,139.93,39.64,165.95,76.43,34.45,22.65,22.51,0,0,0,0,0,0
13.49,63.84,279.5,103.43,32.21,156.67,115.99,249.64,326.53,213.97,60.62,261.3,122.34,52.91,32.72,34.1,0,0,0,0,0,0
17.71,81.2,343.12,135.45,40.04,196.79,147.44,312.77,407.32,277.05,79.88,343.5,166.47,68.36,42.77,47.8,0,0,0,0,0,0
21.91,94,372.44,157.17,44.54,221.71,168.06,349.08,455.56,322.5,97.36,406.4,203.26,79.26,51.62,61.73,0,0,0,0,0,0
23.76,98.64,378.12,162.35,45.89,229.01,173.63,357.61,469.46,335.68,103.67,426.23,214.21,82.48,55.18,67,0,0,0,0,0,0
21.3,91.47,358.01,149.75,42.92,217.58,161.58,340.24,447.14,315.34,94.47,393.66,193.83,77.98,51.71,60.22,0,0,0,0,0,0
17.03,82.82,349.98,137.04,40.26,212.43,149.66,336.53,439.55,301.3,80.68,355.84,166.33,76.05,47.87,49.19,0,0,0,0,0,0
16.75,82.48,342.63,132.87,38.98,221.28,146.6,348.86,458.5,316.21,81.59,355.33,162.65,81.71,52.13,50.81,0,0,0,0,0,0
16.5,81.52,334.54,126.62,37.59,227.75,142.05,358.2,472.8,327.06,83.13,348.88,156.75,86.57,55.63,51.82,0,0,0,0,0,0
16.59,83.02,342.55,130.02,38.35,239.39,145.7,377.14,497.76,346.88,85.62,359.2,160.75,92.11,58.86,53.44,0,0,0,0,0,0
16.42,81.72,339.51,128.71,38.27,234.55,145.75,369.9,487.59,338.93,84.94,353.69,159.38,89.32,56.95,51.99,0,0,0,0,0,0
16.8,83.29,349.86,130.49,39.3,236.41,147.19,372.6,492.03,337.39,86.06,355.74,160.23,89.11,56.47,52.18,0,0,0,0,0,0
14.63,72.54,307.35,114.54,34.64,207.61,129.15,328.01,433.3,297.72,74.88,310.44,139.5,78.21,49.38,45,0,0,0,0,0,0
12.35,60.42,250.06,96.03,28.43,178.22,107.37,279.51,370.91,259.11,62.57,263.12,117.47,67.74,43.86,39.08,0,0,0,0,0,0
13.35,62.22,250.64,97.85,29.09,182.33,108.14,282.4,376.54,263.21,63.01,269.46,119.26,68.28,45.9,40.71,0,0,0,0,0,0
15.68,67.22,251.92,102.55,31.28,186.5,110.55,282.75,380.43,274.07,65.78,288.66,125.95,70.13,50.51,45.25,0,0,0,0,0,0
13.81,58.4,216.08,89.5,27.1,160.24,95.13,241.44,325.43,234.36,56.85,251.73,108.12,59.22,44.03,39.83,0,0,0,0,0,0
7.18,31.69,113.22,51.09,13.96,99.34,52.46,149.08,200.43,150.12,31.67,146.45,60.91,37.84,28.51,23.93,0,0,0,0,0,0
6.28,27.9,98.09,45.17,12.25,89.8,46.13,134.44,180.17,138.09,27.88,130.08,54.05,34.79,26.14,21.34,0,0,0,0,0,0
5.92,27.11,96.97,44.41,11.93,89.95,45.62,135.61,180.15,140.19,27.28,127.3,53.38,35.44,26,20.51,0,0,0,0,0,0
5.97,28.28,100.69,47.3,12.28,96.19,51.1,146.85,192.76,152.49,28.93,136.59,58.51,38.14,27.59,21.12,0,0,0,0,0,0
4.69,23.3,84.66,40.11,9.94,80.78,45.39,124.64,162.02,127.33,24.49,115.21,50.38,31.27,22.35,17.05,0,0,0,0,0,0
4.12,19.38,65.67,32.17,8.16,60.41,37.74,92.82,120.68,97.81,20.33,94.5,42.34,23.41,17.26,14.03,0,0,0,0,0,0
4.39,19.81,70.03,31.04,8.49,53.82,36.85,82.96,108.53,82.72,19.77,89.06,40.42,19.73,14.55,13.01,0,0,0,0,0,0
9.03,40.82,171.17,62.79,19.99,99.54,72.92,156.86,207.34,136.76,39.22,164.14,75.68,33.56,22.01,22.19,0,0,0,0,0,0
13.47,63.69,278.98,103.17,32.15,156.12,115.76,248.62,325.31,212.75,60.47,260.41,122.01,52.55,32.51,33.98,0,0,0,0,0,0
17.71,81.22,343.19,135.47,40.05,196.83,147.46,312.82,407.36,277.11,79.9,343.56,166.5,68.39,42.78,47.81,0,0,0,0,0,0
21.94,94.21,373.38,157.55,44.62,222.73,168.42,350.7,457.67,324.11,97.57,407.49,203.71,79.71,51.89,61.89,0,0,0,0,0,0
23.78,98.76,378.57,162.59,45.95,229.52,173.86,358.53,470.44,336.65,103.78,426.92,214.45,82.77,55.36,67.1,0,0,0,0,0,0
21.3,91.45,357.4,149.58,42.92,216.85,161.36,339.31,445.77,315.31,94.46,393.61,193.82,78.03,51.71,60.24,0,0,0,0,0,0
17.06,82.85,349.59,136.97,40.32,211.83,149.51,335.81,437.75,301.34,80.73,355.76,166.32,76.14,47.96,49.23,0,0,0,0,0,0
16.78,82.53,341.92,132.57,39.06,219.63,146.11,346.61,454.16,315.43,81.67,355,162.68,81.7,52.09,50.82,0,0,0,0,0,0
16.35,80.48,329.67,124.48,37.12,222.18,139.98,349.22,462.03,318.75,82.08,343.39,154.67,84.28,54.09,51.02,0,0,0,0,0,0
16.36,81.43,335.83,126.98,37.64,231.4,142.89,364.24,480.84,332.97,83.94,350.39,157.25,88.26,56.49,52.08,0,0,0,0,0,0
16.42,81.65,338.83,128.42,38.27,233.33,145.39,368.15,484.36,337.6,84.86,352.93,159.14,89.05,56.8,51.89,0,0,0,0,0,0
16.82,83.33,348.9,130.55,39.38,236.29,147.15,372.86,492.61,339.79,86.16,356.56,160.44,89.77,56.9,52.43,0,0,0,0,0,0
14.63,72.29,307.6,114.34,34.54,208.15,129.06,327.88,434.16,295.64,74.65,308.61,138.95,77.44,48.98,44.72,0,0,0,0,0,0
12.5,61.24,254.46,97.38,28.8,181.46,108.56,284.34,375.18,262.37,63.39,266.04,118.93,68.79,44.57,39.44,0,0,0,0,0,0
13.45,62.9,252.59,98.9,29.43,184.14,108.98,285.99,379.75,268.45,63.72,273.11,120.67,69.91,46.91,41.29,0,0,0,0,0,0
15.59,67.02,251.57,102.28,31.09,186.26,110.44,282.24,381.34,272.76,65.52,288.28,125.68,69.69,50.09,45.08,0,0,0,0,0,0
13.87,58.95,218.16,90.16,27.29,162.2,95.6,244.3,330.7,238.63,57.48,254.57,109.55,60.46,44.52,40.26,0,0,0,0,0,0
7.05,31.06,109.89,49.69,13.63,95.47,51.12,143.17,193.59,145.16,31,143.55,59.72,36.53,27.51,23.46,0,0,0,0,0,0
6.13,27.22,94.94,43.61,11.87,85.47,44.65,127.69,171.96,131.5,27.14,126.61,52.7,33.07,24.85,20.72,0,0,0,0,0,0
5.94,27.66,99.16,45.48,12.11,92.35,46.72,140.04,185.52,144.6,27.76,130.88,54.53,36.73,26.76,20.95,0,0,0,0,0,0
5.98,28.45,100.34,47.34,12.37,95.23,51.03,146.14,190.36,153.21,29.07,137.58,58.8,38.55,27.81,21.27,0,0,0,0,0,0
4.75,23.33,83.75,39.87,10.04,79.68,44.93,123.02,159.3,127.81,24.61,114.91,50.48,31.5,22.5,17.15,0,0,0,0,0,0
4.22,19.91,67.88,33.13,8.43,63.02,38.56,96.85,126.03,102.48,20.93,97.18,43.53,24.7,18.06,14.49,0,0,0,0,0,0
4.43,19.93,70.96,31.43,8.57,55.26,37.25,84.92,111.32,84.2,19.92,89.55,40.66,20.04,14.83,13.13,0,0,0,0,0,0
9.05,40.86,171.52,62.88,20.02,99.72,73.01,157.08,206.92,136.44,39.24,163.96,75.63,33.49,22.04,22.16,0,0,0,0,0,0
13.47,63.64,278.66,103.01,32.13,155.59,115.59,247.83,324.09,212.05,60.42,260.04,121.89,52.39,32.4,33.92,0,0,0,0,0,0
17.7,81.13,342.91,135.3,40.02,196.47,147.29,312.15,406.56,276.36,79.82,343.02,166.33,68.17,42.64,47.74,0,0,0,0,0,0
21.96,94.31,374.01,157.78,44.68,223.37,168.65,351.65,458.65,324.7,97.67,407.88,203.87,79.87,52.03,61.95,0,0,0,0,0,0
23.9,99.51,381.52,163.95,46.31,233.02,175.06,364.19,477.66,343.27,104.6,430.9,216.09,84.62,56.52,67.75,0,0,0,0,0,0
21.57,93.19,365.15,153.13,43.73,226.44,164.71,354.61,465.63,330.96,96.3,403.2,197.57,82.28,54.45,61.74,0,0,0,0,0,0
17.36,85,360.16,141.71,41.25,225.36,154.19,357.06,466.58,321.43,82.97,368.18,171.03,81.43,51.39,51.08,0,0,0,0,0,0
17.02,84.06,350.12,136.17,39.74,230.52,149.72,363.22,477.23,330.29,83.29,363.68,166.02,85.47,54.62,52.14,0,0,0,0,0,0
16.31,80.27,329.44,124.09,37,221.02,139.68,347.26,458.4,315.07,81.8,341.71,154.02,83.32,53.54,50.67,0,0,0,0,0,0
16.01,79.09,325.56,122.39,36.59,219.22,138.59,344.7,455.64,312.79,81.49,337.64,152.22,82.71,52.98,50.13,0,0,0,0,0,0
16.12,79.58,329.8,124.37,37.35,222.27,141.62,350.58,460.56,318.91,82.65,341.38,154.52,83.96,53.67,50.1,0,0,0,0,0,0
16.35,80.2,335.14,124.19,37.95,218.84,141.15,345.08,455.36,310.7,82.82,338.89,153.53,81.92,51.92,49.66,0,0,0,0,0,0
14.22,69.54,294.26,108.69,33.34,191.9,123.64,302.77,399.64,271.26,71.73,293.58,132.88,70.96,44.92,42.45,0,0,0,0,0,0
12.05,58.21,240.34,91.64,27.48,165.94,103.21,260.05,343.73,238.49,60.22,250.4,112.45,62.18,40.49,37.13,0,0,0,0,0,0
12.96,59.71,237.98,92.39,27.98,166.55,102.79,258,343.66,240.64,60.38,255.66,113.85,62.35,42.02,38.63,0,0,0,0,0,0
15.08,63.55,235.79,95.43,29.55,167.71,103.98,252.8,342.67,243.05,61.88,269.35,118.14,61.56,45.01,42.22,0,0,0,0,0,0
13.5,56.49,207.68,85.82,26.2,150.98,91.72,226.41,307.73,219.28,54.88,241.89,104.21,54.98,41.24,38.33,0,0,0,0,0,0
6.97,30.08,104.68,47.61,13.3,89.81,48.95,134.02,181.55,137.71,30.09,137.71,57.64,34.49,26.28,22.77,0,0,0,0,0,0
6.17,27.35,94.64,43.79,11.98,85.77,44.71,128.4,173.06,133.97,27.33,127.56,53.08,33.75,25.28,20.98,0,0,0,0,0,0
5.89,27.37,97.81,45.06,11.97,91.45,46.36,138.63,184.5,143.45,27.47,129.85,54.02,36.33,26.5,20.81,0,0,0,0,0,0
5.87,28.07,100.62,47.01,12.07,95.62,51.02,145.91,192.1,149.75,28.61,135.86,58.07,37.37,27,20.82,0,0,0,0,0,0
4.63,22.96,82.91,39.43,9.78,79.14,44.73,121.97,159.4,125.26,24.16,113.62,49.76,30.66,21.91,16.84,0,0,0,0,0,0
4.09,19.38,66.15,32.16,8.11,60.2,37.8,92.56,119.77,96.34,20.25,94.38,42.24,23.07,17.02,13.9,0,0,0,0,0,0
4.36,19.6,69.26,30.67,8.4,52.72,36.53,81.26,105.75,80.48,19.53,87.8,39.88,19.12,14.22,12.8,0,0,0,0,0,0
9.04,40.81,171.37,62.85,19.99,99.84,73.01,157.22,207.75,136.65,39.2,164.01,75.62,33.5,22.02,22.17,0,0,0,0,0,0
13.46,63.64,278.73,103.07,32.13,155.85,115.66,248.22,324.89,212.41,60.42,260.2,121.93,52.46,32.44,33.94,0,0,0,0,0,0
17.72,81.24,343.29,135.53,40.06,197.07,147.52,313.17,407.96,277.54,79.93,343.73,166.57,68.49,42.85,47.85,0,0,0,0,0,0
21.96,94.28,373.81,157.78,44.67,223.48,168.66,351.81,459.24,325.08,97.65,407.92,203.86,79.94,52.07,61.97,0,0,0,0,0,0
23.9,99.57,382.01,164.19,46.32,233.69,175.34,365.29,479.02,343.85,104.64,431.39,216.19,84.75,56.64,67.8,0,0,0,0,0,0
21.56,93.2,365.56,153.23,43.72,226.49,164.89,354.84,464.86,330.01,96.24,403.09,197.41,82.05,54.4,61.65,0,0,0,0,0,0
17.32,84.62,358.26,140.88,41.11,222.71,153.37,353.03,460.1,317.32,82.55,365.72,170.06,80.38,50.81,50.72,0,0,0,0,0,0
16.96,83.7,347.24,135.16,39.6,226.83,148.64,358.12,469.32,326.94,82.9,361.81,165.21,84.74,54.13,51.89,0,0,0,0,0,0
16.34,80.39,330.07,124.62,37.1,222.55,140.26,349.78,461.34,317.24,81.92,342.63,154.19,83.82,54.03,50.85,0,0,0,0,0,0
16.12,79.55,327.8,123.45,36.85,222.12,139.59,349.2,460.89,316.99,81.99,339.9,153.12,83.82,53.82,50.52,0,0,0,0,0,0
16.03,78.9,326.52,122.91,37.06,219.11,140.13,344.97,455.62,314.72,82.06,337.83,153.38,82.71,52.71,49.67,0,0,0,0,0,0
16.3,80.2,336.18,124.38,37.86,219.79,141.52,346.35,457.57,309.97,82.74,339.11,153.5,81.65,51.72,49.54,0,0,0,0,0,0
14.3,70.41,298.5,110.46,33.66,196.73,125.41,310.52,410.05,278.33,72.58,298.59,134.76,72.88,46.08,43.12,0,0,0,0,0,0
12.1,58.86,242.55,92.37,27.69,167.25,103.77,262.53,346.86,242.17,60.86,253.78,113.93,63.42,40.99,37.55,0,0,0,0,0,0
13.03,59.77,238.57,92.54,28.08,167.16,102.87,258.53,343.73,240.75,60.49,255.18,113.85,62.34,42.16,38.64,0,0,0,0,0,0
15.19,64.09,237.93,96.18,29.83,169.32,104.53,255.32,344.94,246.06,62.46,271.43,119.21,62.52,45.59,42.57,0,0,0,0,0,0
13.44,56.04,205.81,84.71,25.98,148.07,90.59,221.48,301.55,214.27,54.42,238.94,103.27,53.66,40.3,37.86,0,0,0,0,0,0
6.93,30.08,104.84,47.53,13.24,89.46,48.93,133.6,181.03,136.81,30.03,137.85,57.64,34.3,26.07,22.69,0,0,0,0,0,0
6.23,27.85,97.19,44.78,12.18,88.59,45.67,132.73,179.01,137.94,27.85,130.22,54.18,34.83,25.92,21.35,0,0,0,0,0,0
5.78,26.85,95.68,44.19,11.7,89.4,45.65,135.36,180.98,139.72,26.9,127.49,52.95,35.23,25.8,20.42,0,0,0,0,0,0
5.9,27.98,99.55,47.02,12.13,95.82,50.97,146.29,192.94,151.61,28.61,135.76,57.96,37.77,27.4,20.99,0,0,0,0,0,0
4.62,22.77,81.39,39.08,9.74,78.14,44.35,120.59,157.89,125.2,24.01,112.98,49.45,30.62,21.91,16.84,0,0,0,0,0,0
4.07,19.09,64.28,31.61,8.02,58.84,37.23,90.44,117.58,95.42,20,93.07,41.71,22.76,16.85,13.8,0,0,0,0,0,0
4.35,19.51,68.7,30.51,8.36,52.46,36.37,80.79,105.79,80.48,19.45,87.52,39.77,19.08,14.17,12.79,0,0,0,0,0,0
9.07,40.94,171.67,63.05,20.08,100.13,73.13,157.79,207.94,137.64,39.35,164.51,75.85,33.81,22.25,22.28,0,0,0,0,0,0
13.48,63.79,279.53,103.42,32.19,156.75,116.02,249.68,326.51,213.52,60.56,260.99,122.2,52.76,32.67,34.05,0,0,0,0,0,0
17.72,81.28,343.49,135.59,40.08,197.16,147.57,313.33,407.92,277.58,79.96,343.85,166.62,68.52,42.87,47.86,0,0,0,0,0,0
21.93,94.11,373.06,157.36,44.58,222.27,168.24,349.87,456.56,323.06,97.47,406.82,203.47,79.42,51.71,61.79,0,0,0,0,0,0
23.93,99.67,383.15,164.38,46.36,234.39,175.54,366.04,479.7,343.41,104.74,431.37,216.32,84.63,56.58,67.75,0,0,0,0,0,0
21.57,93.22,365.73,153.18,43.71,226.75,164.79,354.89,466.08,330.48,96.31,403.15,197.61,82.14,54.35,61.68,0,0,0,0,0,0
17.48,85.58,361.93,142.63,41.57,227.24,154.9,360.37,469.82,326.16,83.61,370.97,172.22,82.84,52.31,51.59,0,0,0,0,0,0
16.94,83.59,347.17,135.08,39.54,226.92,148.64,358.08,469.64,326.18,82.78,361.29,164.97,84.47,53.98,51.79,0,0,0,0,0,0
16.19,79.52,324.42,122.44,36.7,216.04,137.99,340.06,449.38,310.74,81.06,338.43,152.58,82.19,52.76,50.29,0,0,0,0,0,0
16.06,79.31,325.44,122.5,36.72,218.78,138.52,344.48,454.53,314.41,81.74,338.68,152.7,83.32,53.3,50.35,0,0,0,0,0,0
15.96,78.77,326.95,122.95,36.91,219.26,140.41,345.31,455.55,312.57,81.79,337.41,152.93,82.08,52.38,49.43,0,0,0,0,0,0
16.12,79.12,330.73,122.06,37.36,213.36,139.27,336.33,444.97,300.99,81.63,333.46,151.29,79.25,50.09,48.7,0,0,0,0,0,0
14.23,69.45,293.15,108.26,33.35,190.4,123.08,300.5,396.3,270.38,71.69,292.77,132.71,70.8,44.79,42.41,0,0,0,0,0,0
11.94,57.81,237.84,90.42,27.22,161.83,102,254.11,335.31,233.24,59.72,248.22,111.57,60.97,39.53,36.69,0,0,0,0,0,0
12.82,59.15,235.32,91,27.63,162.27,101.51,251.6,334.85,233.9,59.69,252.63,112.6,60.67,40.8,38.03,0,0,0,0,0,0
15.09,63.87,236.27,95.64,29.65,167.79,104.04,253.31,343.79,245.4,62.22,271.29,119,62.36,45.27,42.5,0,0,0,0,0,0
13.47,56.32,206.91,85.31,26.09,150.04,91.17,224.52,306.85,217.98,54.74,240.96,104.05,54.6,40.82,38.19,0,0,0,0,0,0
7.02,30.44,107.03,48.6,13.46,92.75,50.02,138.54,187.3,140.84,30.44,139.78,58.33,35.26,26.88,23.03,0,0,0,0,0,0
6.24,27.95,98.33,45.33,12.21,90.27,46.36,135.38,182.08,139,27.9,131,54.26,35.02,26.2,21.41,0,0,0,0,0,0
5.89,27.31,97.53,44.95,11.96,91.5,46.22,138.44,185.07,143.69,27.46,129.54,54,36.34,26.48,20.82,0,0,0,0,0,0
5.93,28.23,100.8,47.52,12.23,97.12,51.47,148.38,195.45,153.36,28.85,137.06,58.45,38.26,27.71,21.15,0,0,0,0,0,0
4.75,23.92,86.94,41.38,10.18,84.41,46.6,130.59,171.32,134.58,25.16,119.49,51.96,33.19,23.45,17.73,0,0,0,0,0,0
4.1,19.51,67.27,32.58,8.14,61.8,38.29,94.82,123.43,97.78,20.38,95.21,42.54,23.36,17.22,14,0,0,0,0,0,0
4.38,19.78,70.04,30.98,8.47,53.65,36.81,82.66,108.02,82.07,19.72,88.81,40.32,19.56,14.44,12.95,0,0,0,0,0,0
9.08,41.15,172.73,63.42,20.13,101.25,73.51,159.54,210.78,139.29,39.55,165.83,76.37,34.26,22.45,22.43,0,0,0,0,0,0
13.49,63.89,279.74,103.47,32.23,156.8,116.02,249.8,326.75,214.09,60.67,261.44,122.44,52.96,32.73,34.12,0,0,0,0,0,0
17.73,81.32,343.79,135.73,40.09,197.53,147.73,313.94,408.63,277.94,79.99,344.13,166.69,68.61,42.95,47.89,0,0,0,0,0,0
21.96,94.37,374.09,157.92,44.7,223.8,168.78,352.39,460.11,325.88,97.74,408.48,204.07,80.17,52.19,62.05,0,0,0,0,0,0
23.91,99.61,382.68,164.36,46.34,234.41,175.55,366.19,480.34,343.96,104.68,431.47,216.26,84.73,56.65,67.79,0,0,0,0,0,0
21.57,93.24,365.86,153.29,43.73,226.97,164.91,355.32,466.39,330.76,96.33,403.34,197.63,82.21,54.43,61.71,0,0,0,0,0,0
17.39,85.02,360.05,141.47,41.29,224.7,153.81,355.74,464.86,320.83,83.05,367.62,171.1,81.33,51.26,51.05,0,0,0,0,0,0
17.04,84.18,349.94,136.14,39.8,230.03,149.58,362.7,476.27,331.07,83.44,364.24,166.32,85.8,54.75,52.26,0,0,0,0,0,0
16.26,79.82,327.87,123.57,36.83,220.35,139.3,345.84,457.52,313.06,81.35,339.59,153.08,82.56,53.19,50.41,0,0,0,0,0,0
16.07,79.27,325.38,122.29,36.71,218.38,138.25,343.53,453.5,313.51,81.74,337.99,152.63,83.08,53.11,50.27,0,0,0,0,0,0
16.09,79.46,329.32,124.26,37.27,222.6,141.56,350.85,462.74,319.58,82.56,341.3,154.47,84.01,53.62,50.12,0,0,0,0,0,0
16.33,80.11,335.97,124.34,37.88,220.17,141.47,346.54,458.33,310.2,82.71,338.43,153.33,81.6,51.77,49.53,0,0,0,0,0,0
14.26,70,296.63,109.59,33.5,194.81,124.53,307.1,406.65,275.52,72.23,296.3,134.02,72.06,45.49,42.83,0,0,0,0,0,0
11.95,57.9,239.05,90.73,27.24,163.28,102.36,255.9,338.5,233.92,59.82,248.59,111.8,61.05,39.57,36.71,0,0,0,0,0,0
12.92,59.38,236.31,91.37,27.83,163.31,101.7,252.89,335.93,235.63,60.02,253.05,113.04,61.15,41.19,38.21,0,0,0,0,0,0
15.08,63.76,235.93,95.57,29.61,167.82,104,253.26,344.04,245.18,62.12,270.85,118.79,62.23,45.24,42.46,0,0,0,0,0,0
13.43,56.33,205.65,84.93,26.06,147.77,90.7,221.93,302.13,217.05,54.7,241.26,104.05,54.61,40.69,38.19,0,0,0,0,0,0
6.93,30.21,105.32,47.74,13.26,90.04,49.13,134.6,182.87,138.14,30.17,138.85,58.02,34.67,26.22,22.82,0,0,0,0,0,0
6.18,27.64,96.26,44.3,12.06,87.04,45.24,130.46,175.49,135.25,27.58,129.01,53.64,34.15,25.49,21.11,0,0,0,0,0,0
5.89,27.29,97.74,45.07,11.96,91.79,46.42,138.96,185.11,143.33,27.4,129.39,53.83,36.21,26.51,20.77,0,0,0,0,0,0
5.83,27.8,99.25,46.8,11.97,95.46,50.89,145.69,192.82,149.99,28.36,135.19,57.6,37.28,27.03,20.8,0,0,0,0,0,0
4.7,22.99,82.06,39.52,9.91,79.13,44.68,122.22,159.24,127.42,24.28,113.89,49.85,31.24,22.42,17.07,0,0,0,0,0,0
4.19,19.62,66.88,32.68,8.31,61.84,38.19,94.94,123.13,99.82,20.61,95.51,42.82,23.95,17.66,14.23,0,0,0,0,0,0
4.46,19.97,70,31.18,8.64,54.16,36.8,83.44,109.43,85.05,20.04,89.73,40.88,20.38,14.94,13.26,0,0,0,0,0,0
9.07,41.06,172.12,63.27,20.11,100.84,73.35,158.93,210.06,139.09,39.48,165.43,76.2,34.19,22.43,22.41,0,0,0,0,0,0
13.53,63.99,280.34,103.77,32.3,157.62,116.32,251.07,328.03,215.08,60.78,261.92,122.6,53.21,32.97,34.21,0,0,0,0,0,0
17.73,81.3,343.74,135.71,40.1,197.48,147.71,313.84,408.3,277.71,79.98,343.92,166.62,68.54,42.94,47.87,0,0,0,0,0,0
21.99,94.53,375.05,158.24,44.77,224.64,169.1,353.68,461.4,326.68,97.9,409.18,204.36,80.4,52.36,62.13,0,0,0,0,0,0
23.89,99.52,382.43,164.25,46.29,234.01,175.49,365.64,479.15,342.88,104.55,430.99,215.98,84.44,56.52,67.68,0,0,0,0,0,0
21.55,93.14,365.62,153.14,43.67,226.57,164.84,354.73,465.42,329.56,96.19,402.82,197.35,81.88,54.24,61.59,0,0,0,0,0,0
17.38,85.14,360.16,141.72,41.32,224.79,154.1,356.5,464.97,321.71,83.1,368.67,171.27,81.64,51.49,51.16,0,0,0,0,0,0
16.93,83.83,348.73,135.4,39.56,227.43,149,359.02,470.15,325.85,82.93,362.34,165.38,84.5,53.91,51.78,0,0,0,0,0,0
16.27,79.8,325.81,122.82,36.85,217.18,138.25,341.5,451.19,312.29,81.4,339.26,153.17,82.65,53.02,50.45,0,0,0,0,0,0
16,79,325.09,122,36.53,218.1,138.15,342.78,453.16,311.05,81.4,336.74,152.03,82.3,52.63,49.98,0,0,0,0,0,0
16.02,79.16,328.45,123.38,37.07,220.48,140.68,347,458.47,315.17,82.24,339.11,153.89,82.86,52.69,49.7,0,0,0,0,0,0
16.3,79.88,333.95,123.6,37.8,217.44,140.62,342.69,452.42,307.86,82.48,337.06,152.82,81.11,51.42,49.37,0,0,0,0,0,0
14.29,70.1,296.06,109.58,33.59,194.04,124.38,306.4,404.63,276.3,72.34,296.73,134.18,72.4,45.73,42.96,0,0,0,0,0,0
12.02,58.45,241.16,91.84,27.48,166.21,103.41,260.78,345.24,239.59,60.41,252.07,113.09,62.6,40.51,37.26,0,0,0,0,0,0
12.93,59.18,235.57,91.36,27.81,163.83,101.76,253.5,337.33,236.21,59.87,252.36,112.64,61.12,41.35,38.21,0,0,0,0,0,0
15.29,64.5,240.21,97.42,30.08,172.92,105.81,260.97,351.7,250.8,62.9,273.77,119.95,63.67,46.59,42.98,0,0,0,0,0,0
13.43,55.82,204.34,84.19,25.92,146.67,90.01,219.25,298.98,213.11,54.24,237.73,102.87,53.34,40.08,37.76,0,0,0,0,0,0
6.91,29.92,104.21,47.4,13.18,89,48.88,133.04,179.71,135.74,29.83,137.15,57.2,33.98,25.99,22.58,0,0,0,0,0,0
6.16,27.43,96.05,44.44,11.98,88.15,45.57,131.95,178.27,135.58,27.37,128.55,53.22,34.01,25.57,21.05,0,0,0,0,0,0
5.87,27.29,98.15,45.06,11.93,91.73,46.47,138.83,184.63,142.29,27.36,129.27,53.76,35.96,26.33,20.68,0,0,0,0,0,0
6,28.48,101.34,47.67,12.39,96.64,51.45,147.97,192.96,153.6,29.1,137.63,58.81,38.53,27.9,21.26,0,0,0,0,0,0
4.65,23.11,82.8,39.67,9.86,79.33,44.91,122.79,160.13,127.35,24.32,114.87,50.13,31.29,22.31,17.07,0,0,0,0,0,0
4.17,19.74,68.33,33.06,8.29,63.32,38.68,96.95,126.35,100.21,20.68,96.19,43.06,23.98,17.66,14.22,0,0,0,0,0,0
4.38,19.66,69.72,30.85,8.43,53.65,36.7,82.39,108.11,81.62,19.62,88.12,40.09,19.35,14.35,12.88,0,0,0,0,0,0
9.09,41.2,172.89,63.53,20.15,101.41,73.62,159.9,210.96,139.64,39.59,166.12,76.45,34.38,22.54,22.47,0,0,0,0,0,0
13.5,63.91,280.09,103.61,32.25,157.25,116.19,250.44,327.36,214.23,60.69,261.51,122.43,52.97,32.8,34.12,0,0,0,0,0,0
17.72,81.21,343.32,135.52,40.05,197,147.52,313.05,407.52,277.06,79.89,343.49,166.46,68.36,42.8,47.8,0,0,0,0,0,0
21.94,94.2,373.53,157.59,44.62,222.96,168.49,350.98,458.09,324.01,97.55,407.41,203.66,79.66,51.88,61.87,0,0,0,0,0,0
23.78,98.74,378.63,162.6,45.94,229.62,173.88,358.64,470.57,336.53,103.77,426.81,214.4,82.71,55.35,67.08,0,0,0,0,0,0
21.32,91.64,358.56,150,42.99,218.05,161.8,341.14,448.02,316.51,94.63,394.54,194.18,78.35,51.93,60.35,0,0,0,0,0,0
17.11,83.35,352.61,138.16,40.5,215.42,150.75,341.27,445.25,305.51,81.22,358.6,167.39,77.2,48.66,49.6,0,0,0,0,0,0
16.79,82.8,343.76,133.41,39.13,222.4,147.09,350.9,460.55,318.58,81.91,357.04,163.29,82.43,52.59,51.06,0,0,0,0,0,0
16.56,81.72,335.81,127.11,37.72,228.99,142.52,360.08,474.21,328.11,83.33,349.51,157.02,86.86,55.95,51.92,0,0,0,0,0,0
16.48,82.17,339.59,128.55,37.98,235.81,144.41,371.06,489.66,339.15,84.72,354.28,158.81,89.92,57.58,52.66,0,0,0,0,0,0
16.57,82.47,343.44,130.05,38.64,238.55,146.92,375.56,495.08,344.16,85.78,356.77,160.97,90.75,57.83,52.49,0,0,0,0,0,0
16.83,83.25,349.98,130.84,39.36,237.37,147.63,374.23,493.02,338.04,86,355.64,159.93,89.18,56.81,52.21,0,0,0,0,0,0
14.69,72.68,308.5,114.94,34.75,208.6,129.55,329.42,433.82,297.93,75.01,310.58,139.58,78.27,49.59,45.02,0,0,0,0,0,0
12.48,61.2,254.02,97.62,28.78,182.27,108.91,285.97,378.08,264.42,63.34,266.91,118.95,69.23,44.9,39.6,0,0,0,0,0,0
13.44,62.94,252.87,98.79,29.41,183.82,108.87,285.41,379.06,267.65,63.74,273.05,120.75,69.75,46.71,41.23,0,0,0,0,0,0
15.56,66.59,248.95,101.21,30.96,182.96,109.28,277.12,373.8,268.73,65.11,285.45,124.69,68.68,49.48,44.74,0,0,0,0,0,0
13.74,57.84,212.43,88.03,26.87,156.43,93.51,235.26,319.06,230.96,56.39,248.79,107.22,58.32,43.24,39.52,0,0,0,0,0,0
7.09,31.05,109.08,49.63,13.7,93.47,50.9,139.89,189.43,143.12,30.96,143.17,60.09,35.9,27.06,23.45,0,0,0,0,0,0
6.09,27.25,94.52,43.53,11.84,84.75,44.57,127.05,170.86,131.49,27.12,127.13,52.78,33.16,24.83,20.75,0,0,0,0,0,0
5.87,27.17,96.33,44.39,11.9,89.38,45.6,135.42,180.3,141.41,27.3,128.52,53.65,35.86,26.11,20.65,0,0,0,0,0,0
5.96,28.2,100.74,47.26,12.23,96.62,51.1,147.14,194.23,152.47,28.88,136.28,58.44,38.04,27.49,21.08,0,0,0,0,0,0
4.66,22.96,83.02,39.4,9.81,78.87,44.68,121.52,157.84,124.43,24.15,113.15,49.63,30.48,21.87,16.78,0,0,0,0,0,0
4.17,19.72,67.88,32.88,8.29,62.29,38.47,95.66,123.62,99.18,20.63,95.9,42.92,23.81,17.56,14.16,0,0,0,0,0,0
4.44,20.14,71.55,31.68,8.63,55.56,37.46,85.71,112.19,85.45,20.11,90.86,41.14,20.48,15,13.28,0,0,0,0,0,0
9.1,41.03,172.11,63.22,20.13,100.8,73.27,158.65,209.42,138.66,39.47,164.88,76.08,34.06,22.4,22.37,0,0,0,0,0,0
13.5,63.89,279.9,103.59,32.24,157.43,116.17,250.63,328.4,214.84,60.69,261.6,122.49,53.09,32.83,34.16,0,0,0,0,0,0
17.72,81.26,343.47,135.59,40.06,197.34,147.58,313.53,408.67,277.8,79.95,343.87,166.63,68.54,42.87,47.86,0,0,0,0,0,0
21.93,94.11,372.83,157.32,44.59,222.09,168.18,349.67,456.33,323.3,97.48,406.89,203.5,79.5,51.75,61.82,0,0,0,0,0,0
23.79,98.88,379.14,162.82,45.99,230.14,174.09,359.54,471.76,337.64,103.91,427.61,214.71,83.04,55.53,67.19,0,0,0,0,0,0
21.34,91.73,359.16,150.16,43.03,218.46,161.95,341.72,448.55,316.75,94.72,394.86,194.34,78.43,51.98,60.38,0,0,0,0,0,0
16.97,82.51,349.72,136.86,40.09,212.8,149.7,336.64,440.71,299.48,80.33,354.48,165.66,75.35,47.52,48.94,0,0,0,0,0,0
16.71,82.35,342.52,132.63,38.89,220.39,146.47,347.55,455.71,313.45,81.37,354.33,162.17,81.01,51.74,50.55,0,0,0,0,0,0
16.52,81.94,336.9,127.38,37.7,229.54,142.84,361.19,476.1,328.89,83.48,351.08,157.57,87.16,55.94,52.01,0,0,0,0,0,0
16.48,81.97,338.81,128.15,37.93,234.69,143.99,369.14,486.48,336.97,84.53,352.73,158.29,89.33,57.3,52.46,0,0,0,0,0,0
16.37,81.57,340.98,129.09,38.15,236.68,146.47,372.58,491.61,337.6,84.69,352.99,158.89,88.69,56.75,51.74,0,0,0,0,0,0
16.84,83.8,352.51,131.57,39.47,239.34,148.32,377.38,498.34,341.32,86.53,358.81,161.3,90.19,57.12,52.54,0,0,0,0,0,0
14.58,72.09,306.63,113.89,34.44,206.16,128.67,325.23,428.72,292.24,74.35,307.29,138.27,76.65,48.56,44.44,0,0,0,0,0,0
12.28,60.16,249.08,95.4,28.27,175.72,106.82,276.01,364.37,254.35,62.18,261.37,116.66,66.61,43.17,38.67,0,0,0,0,0,0
13.36,62.42,249.91,97.92,29.2,181.37,108.06,281.9,374.77,265.14,63.21,270.95,119.71,69.01,46.3,40.98,0,0,0,0,0,0
15.63,67.13,250.61,102.21,31.2,185.34,110.18,281.34,379.49,274.36,65.69,288.91,125.95,70.26,50.43,45.3,0,0,0,0,0,0
13.89,58.99,218.32,90.49,27.34,163.18,95.97,245.96,332.79,240.23,57.53,255.15,109.61,60.82,44.87,40.39,0,0,0,0,0,0
7.29,32.11,113.9,51.62,14.23,100.57,52.72,151.1,203.43,154.89,32.23,148.58,61.98,39.2,29.3,24.43,0,0,0,0,0,0
6.37,28.5,100.19,45.95,12.52,91.34,46.69,137.09,183.07,141.93,28.53,132.93,55.37,36.01,26.77,21.77,0,0,0,0,0,0
5.84,27.07,96.12,44.31,11.84,89.56,45.57,135.52,181.28,141.33,27.21,128.27,53.53,35.76,26.03,20.62,0,0,0,0,0,0
5.78,27.67,98.75,46.31,11.85,94.19,50.41,143.55,190.65,147.85,28.21,134.38,57.41,36.76,26.52,20.6,0,0,0,0,0,0
4.68,23.31,84.31,40.18,9.95,80.87,45.46,125.02,162.65,128.32,24.5,115.64,50.44,31.52,22.53,17.15,0,0,0,0,0,0
4.12,19.45,66.22,32.33,8.17,60.79,37.94,93.47,121.24,97.82,20.36,94.84,42.43,23.43,17.28,14.03,0,0,0,0,0,0
4.41,19.92,70.75,31.33,8.54,54.62,37.17,84.22,109.89,83.47,19.87,89.62,40.6,19.92,14.71,13.08,0,0,0,0,0,0
9.07,41.08,172.61,63.34,20.1,101,73.46,159.14,209.97,138.43,39.47,165.39,76.17,34.03,22.33,22.35,0,0,0,0,0,0
13.47,63.76,279.2,103.28,32.17,156.42,115.86,249.14,326.19,213.42,60.54,260.87,122.19,52.74,32.6,34.04,0,0,0,0,0,0
17.71,81.2,343.1,135.44,40.04,196.8,147.43,312.77,407.46,277.19,79.89,343.56,166.51,68.4,42.78,47.82,0,0,0,0,0,0
21.94,94.22,373.6,157.68,44.63,223.31,168.58,351.51,459.2,324.78,97.59,407.74,203.78,79.84,51.98,61.94,0,0,0,0,0,0
23.9,99.53,381.69,164.03,46.31,233.32,175.15,364.63,478.38,343.58,104.62,431.08,216.15,84.68,56.56,67.78,0,0,0,0,0,0
21.61,93.37,365.79,153.43,43.83,227.1,164.95,355.71,466.71,332.33,96.5,404.01,197.92,82.68,54.73,61.88,0,0,0,0,0,0
17.41,85.07,360.07,141.63,41.33,225.06,153.96,356.42,465.67,321.79,83.1,368.04,171.2,81.57,51.45,51.14,0,0,0,0,0,0
16.92,83.36,345.75,134.29,39.44,224.68,147.73,354.37,465.11,323.51,82.59,359.62,164.57,83.83,53.43,51.57,0,0,0,0,0,0
16.09,78.93,323.71,121.84,36.38,215.38,137.73,338.34,447.57,305.37,80.36,335.26,151.16,80.5,51.85,49.68,0,0,0,0,0,0
16.04,79.57,328.17,123.29,36.72,221.8,139.51,348.69,461.38,315.98,81.94,340.29,153.28,83.6,53.42,50.42,0,0,0,0,0,0
15.96,78.62,325.47,122.37,36.87,217.64,139.7,342.73,452.89,311.87,81.71,336.52,152.78,81.94,52.16,49.39,0,0,0,0,0,0
16.32,80.01,335.02,124.08,37.84,219.81,141.14,345.84,459.06,311.06,82.69,338.35,153.39,81.78,51.76,49.6,0,0,0,0,0,0
14.24,69.95,296.57,109.61,33.46,194.89,124.62,307.32,406.92,275.26,72.14,296.26,133.89,71.96,45.46,42.79,0,0,0,0,0,0
12.08,58.67,241.72,92.09,27.62,166.43,103.53,261.3,344.87,240.75,60.66,252.8,113.47,63.02,40.81,37.41,0,0,0,0,0,0
12.97,59.75,238.33,92.65,27.99,167.61,103.11,259.59,346.41,242.02,60.42,256.22,113.99,62.63,42.23,38.73,0,0,0,0,0,0
15.11,63.88,237.56,96.05,29.67,169.28,104.6,255.32,345.62,244.91,62.19,271.02,118.8,62.11,45.33,42.41,0,0,0,0,0,0
13.44,56.05,205.65,84.98,26.01,148.68,90.93,222.8,302.99,215.66,54.41,239.58,103.26,53.99,40.63,37.98,0,0,0,0,0,0
7.01,30.53,107.32,48.62,13.46,92.65,50.02,138.48,187.31,140.95,30.51,140.26,58.56,35.36,26.84,23.06,0,0,0,0,0,0
6.23,27.7,97.12,44.76,12.13,88.95,45.75,133.02,179.43,137.09,27.69,129.38,53.78,34.48,25.83,21.22,0,0,0,0,0,0
5.83,26.94,95.96,44.07,11.78,88.87,45.38,134.32,178.98,139.09,27.04,127.13,53.1,35.16,25.71,20.4,0,0,0,0,0,0
5.84,27.44,96.7,45.68,11.9,92.12,49.57,140.3,185.33,146.55,28.08,132.43,56.85,36.45,26.47,20.53,0,0,0,0,0,0
4.58,22.44,80.11,38.51,9.6,76.59,43.84,118.09,154.25,122.16,23.65,111.08,48.66,29.78,21.44,16.54,0,0,0,0,0,0
4.11,19.32,66.68,32.37,8.11,61.66,38.09,94.23,123.01,97.06,20.24,94.05,42.15,23.06,17.12,13.9,0,0,0,0,0,0
4.37,19.5,68.4,30.38,8.39,52.08,36.15,80.07,104.81,80.41,19.49,87.15,39.77,19.08,14.16,12.8,0,0,0,0,0,0
9.04,40.74,170.47,62.55,19.98,98.72,72.63,155.64,205.35,136.02,39.14,163.51,75.47,33.39,21.93,22.13,0,0,0,0,0,0
13.49,63.8,279.3,103.31,32.21,156.42,115.85,249.12,325.95,213.6,60.6,260.92,122.26,52.81,32.65,34.07,0,0,0,0,0,0
17.72,81.23,343.34,135.5,40.06,196.99,147.48,312.98,407.59,277.18,79.92,343.53,166.53,68.39,42.79,47.81,0,0,0,0,0,0
21.94,94.14,373.15,157.39,44.6,222.32,168.26,349.97,456.65,323.26,97.5,406.97,203.55,79.49,51.75,61.81,0,0,0,0,0,0
23.85,99.2,380.58,163.37,46.15,231.55,174.56,361.72,474.32,339.85,104.25,429.05,215.37,83.68,55.93,67.42,0,0,0,0,0,0
21.61,93.4,365.98,153.47,43.83,227.27,165,355.95,467.17,332.5,96.52,404.19,198,82.73,54.73,61.9,0,0,0,0,0,0
17.46,85.16,360.39,141.78,41.44,225.29,154.03,356.74,465.17,322.29,83.24,368.06,171.3,81.74,51.66,51.21,0,0,0,0,0,0
16.97,83.69,348.12,135.23,39.59,227.66,148.76,358.78,470.8,326.27,82.9,361.29,165.16,84.47,53.97,51.79,0,0,0,0,0,0
16.32,80.22,329.56,124.33,37,222.48,139.99,349.19,462.46,316.88,81.79,341.94,154.04,83.6,53.78,50.77,0,0,0,0,0,0
16.03,79.25,326.65,122.82,36.65,220.71,139.05,346.84,458.89,314.43,81.66,338.55,152.59,83.1,53.23,50.26,0,0,0,0,0,0
16.04,79.28,329.77,124.03,37.13,222.07,141.5,349.74,460.34,315.68,82.27,339.79,153.84,82.95,53.02,49.73,0,0,0,0,0,0
16.27,79.9,334.76,123.65,37.74,217.87,140.76,343.12,453.54,307.06,82.46,337.18,152.89,80.88,51.18,49.27,0,0,0,0,0,0
14.21,69.79,294.99,109.03,33.39,192.94,123.93,304.49,403.4,274.12,72.01,295.5,133.67,71.75,45.21,42.73,0,0,0,0,0,0
12.03,58.44,241.15,92.02,27.5,167.06,103.61,261.99,347.43,240.94,60.43,252.27,113.11,62.85,40.74,37.35,0,0,0,0,0,0
12.9,59.19,234.99,91.16,27.78,162.85,101.51,252.33,335.82,236.03,59.86,252.64,112.73,61.18,41.26,38.23,0,0,0,0,0,0
15.1,63.79,236.57,95.72,29.63,168.54,104.19,254.09,345.21,245.19,62.15,270.77,118.81,62.18,45.25,42.44,0,0,0,0,0,0
13.46,55.99,204.88,84.75,26.04,148.32,90.58,222,302.83,216.35,54.45,239.19,103.29,54.14,40.68,38.04,0,0,0,0,0,0
7,30.49,106.94,48.4,13.43,92.09,49.76,137.54,186.55,140.56,30.49,140.01,58.55,35.27,26.7,23.03,0,0,0,0,0,0
6.22,27.97,100.02,45.55,12.16,91.07,46.76,136.28,182.26,136.51,27.8,130.46,54.02,34.32,25.85,21.14,0,0,0,0,0,0
5.81,27.03,98.67,45.07,11.75,92.68,46.76,139.76,186.51,140.07,27.01,128.01,53.09,35.13,25.94,20.37,0,0,0,0,0,0
5.82,27.69,98.51,46.48,11.94,94.35,50.55,144.06,190.23,148.71,28.25,134.46,57.34,36.99,26.84,20.7,0,0,0,0,0,0
4.64,22.97,81.97,39.21,9.81,77.9,44.4,120.5,156.8,125.38,24.18,113.72,49.8,30.82,21.97,16.91,0,0,0,0,0,0
4.18,19.92,68.11,33.17,8.37,63.14,38.69,97.17,126.72,102.23,20.88,97.53,43.56,24.64,17.96,14.46,0,0,0,0,0,0
4.39,19.79,70.08,31.12,8.49,54.24,36.95,83.53,109.57,83.17,19.76,89.1,40.41,19.79,14.62,13.04,0,0,0,0,0,0
9.04,40.81,171.13,62.81,20,99.62,72.93,156.96,207.41,136.83,39.21,164.04,75.64,33.57,22.05,22.19,0,0,0,0,0,0
13.48,63.79,279.31,103.32,32.19,156.47,115.89,249.25,326.24,213.6,60.58,261.03,122.26,52.8,32.63,34.06,0,0,0,0,0,0
17.72,81.26,343.28,135.52,40.08,196.94,147.48,312.99,407.57,277.52,79.95,343.74,166.61,68.51,42.85,47.86,0,0,0,0,0,0
21.95,94.2,373.4,157.5,44.63,222.63,168.35,350.44,457.32,323.83,97.57,407.29,203.69,79.64,51.84,61.87,0,0,0,0,0,0
23.89,99.52,382.11,164.12,46.29,233.68,175.31,365.11,478.99,343.14,104.58,431.03,216.08,84.53,56.49,67.72,0,0,0,0,0,0
21.56,93.12,365.4,152.98,43.68,226.12,164.61,353.89,464.31,329.14,96.2,402.42,197.33,81.79,54.16,61.56,0,0,0,0,0,0
17.47,85.3,360.98,142.18,41.49,226.23,154.48,358.52,467.24,323.85,83.34,369.2,171.57,82.16,51.97,51.36,0,0,0,0,0,0
16.93,83.68,347.83,135.39,39.55,228.12,149,359.86,472.93,327.69,82.86,362.17,165.25,84.79,54.15,51.9,0,0,0,0,0,0
16.32,80.2,328.9,124.19,37.02,221.42,139.81,348,459.46,316.17,81.75,341.71,153.86,83.52,53.8,50.75,0,0,0,0,0,0
16,79.2,326.47,122.71,36.59,220.33,138.98,346.37,458.3,313.71,81.57,338.45,152.48,82.92,53.08,50.19,0,0,0,0,0,0
16.04,79.05,327.85,123.29,37.08,220.43,140.58,346.83,458.38,315.41,82.18,338.6,153.69,82.86,52.78,49.71,0,0,0,0,0,0
16.32,80.13,335.23,124.19,37.88,219.54,141.23,345.82,457.93,311.13,82.77,338.87,153.53,81.91,51.85,49.65,0,0,0,0,0,0
14.34,70.44,298.22,110.24,33.71,196.05,125.05,309.3,408.55,278.25,72.68,298.32,134.9,72.93,46.03,43.14,0,0,0,0,0,0
12,58.2,239.45,91.13,27.41,163.64,102.62,257.02,338.98,236.52,60.15,250.25,112.43,61.89,40.1,37.02,0,0,0,0,0,0
12.89,59.32,236.07,91.58,27.79,164.21,102.03,254.43,338.9,237.19,59.96,253.65,113.02,61.44,41.43,38.31,0,0,0,0,0,0
15.16,64.06,238.88,96.47,29.76,171.06,104.99,257.55,349.57,246.79,62.43,271.77,119.27,62.53,45.58,42.55,0,0,0,0,0,0
13.41,56.08,206.23,84.91,25.94,148.97,90.88,222.86,304.54,215.4,54.45,239.75,103.49,53.89,40.37,37.93,0,0,0,0,0,0
6.95,30.39,106.48,48.23,13.33,91.44,49.66,136.79,185.59,139.6,30.33,139.89,58.36,35.04,26.5,22.94,0,0,0,0,0,0
6.13,27.38,95.04,43.8,11.92,85.95,44.77,128.63,174.08,133.83,27.34,127.93,53.23,33.72,25.14,20.95,0,0,0,0,0,0
5.96,27.79,100.05,45.96,12.18,93.87,47.25,142.39,188.68,146.43,27.89,131.8,54.8,37.14,27.11,21.1,0,0,0,0,0,0
5.86,28.02,99.94,47.01,12.07,95.23,51.04,145.75,191.13,150.01,28.54,135.96,57.9,37.46,27.16,20.86,0,0,0,0,0,0
4.76,23.48,84.87,40.55,10.1,82.01,45.74,126.66,164.76,130.63,24.74,116.36,50.82,32.11,22.98,17.37,0,0,0,0,0,0
4.18,19.88,67.8,33.05,8.36,62.5,38.55,96.32,124.88,101.43,20.83,97.18,43.4,24.47,17.88,14.4,0,0,0,0,0,0
4.43,20.06,71.22,31.37,8.59,54.72,37.11,84.22,110.24,84.04,20.04,90.07,40.98,20.13,14.73,13.16,0,0,0,0,0,0
9.07,41.04,172.45,63.3,20.09,101.35,73.41,159.39,211.35,139.07,39.47,165.26,76.2,34.12,22.36,22.38,0,0,0,0,0,0
13.51,63.91,279.81,103.57,32.26,157.26,116.1,250.39,327.89,214.95,60.73,261.59,122.53,53.14,32.87,34.19,0,0,0,0,0,0
17.71,81.19,343.04,135.4,40.04,196.68,147.39,312.56,407.14,276.96,79.87,343.42,166.46,68.34,42.74,47.8,0,0,0,0,0,0
21.94,94.15,373.17,157.48,44.61,222.57,168.37,350.42,457.21,323.71,97.51,407.16,203.56,79.59,51.85,61.85,0,0,0,0,0,0
23.9,99.57,381.86,164.13,46.33,233.57,175.25,365.07,479.06,344.06,104.66,431.41,216.25,84.81,56.63,67.82,0,0,0,0,0,0
21.57,93.29,365.77,153.39,43.75,227.16,165.01,355.81,467.26,331.81,96.38,403.95,197.79,82.5,54.59,61.81,0,0,0,0,0,0
17.33,84.78,359.54,141.3,41.16,224.31,153.83,355.23,463.77,318.81,82.72,366.65,170.46,80.71,50.99,50.83,0,0,0,0,0,0
16.94,83.76,349.84,135.75,39.54,229.28,149.53,361.28,473.47,325.6,82.84,361.8,165.1,84.21,53.92,51.67,0,0,0,0,0,0
16.31,80.28,329.17,124.09,37.01,220.8,139.68,347.15,457.89,315.29,81.79,341.87,154,83.4,53.62,50.7,0,0,0,0,0,0
16,78.78,323.18,121.58,36.52,216.79,137.65,340.98,450.81,311.07,81.25,335.87,151.64,82.29,52.69,49.99,0,0,0,0,0,0
16.1,79.56,330.43,124.54,37.3,223.9,141.87,352.45,465.62,320.37,82.68,341.73,154.74,84.15,53.68,50.16,0,0,0,0,0,0
16.29,79.93,334.92,124.01,37.79,219,141.18,345.01,455.93,308.77,82.49,337.72,152.91,81.24,51.57,49.41,0,0,0,0,0,0
14.17,69.22,294.38,108.52,33.17,192.37,123.71,302.84,400.31,268.58,71.36,291.8,132.1,70.01,44.47,42.11,0,0,0,0,0,0
12,58.26,240.76,91.65,27.41,165.76,103.31,260,343.52,237.65,60.17,250.84,112.51,62.02,40.29,37.05,0,0,0,0,0,0
12.88,58.99,234.86,90.97,27.68,163.23,101.4,252.28,337.26,235.21,59.7,251.63,112.43,60.79,41,38.08,0,0,0,0,0,0
15.24,64.42,240.9,97.25,29.96,172.64,105.75,260.21,350.7,248.05,62.74,272.99,119.71,62.95,46.05,42.7,0,0,0,0,0,0
13.43,56.03,205.28,84.91,26.01,148.64,90.83,222.7,303.57,216.34,54.43,239.69,103.34,54.15,40.68,38.04,0,0,0,0,0,0
6.84,29.68,102.59,46.71,13.02,87.07,48.16,130.14,177.02,134.12,29.6,136.31,56.9,33.59,25.53,22.44,0,0,0,0,0,0
6.48,28.34,98.51,45.39,12.29,88.57,46.49,132.46,178.15,136.34,28.79,131.56,55.5,34.32,25.76,21.83,0,0,0,0,0,0
6.24,28.32,100.64,46.32,12.31,93.12,47.67,140.91,187.48,145.65,28.98,133.37,56.46,36.9,26.91,21.72,0,0,0,0,0,0
6.27,29.31,103.64,48.84,12.55,98.54,52.8,150.61,198.82,156.47,30.53,141.71,61.35,39.16,28.18,22.21,0,0,0,0,0,0
5.05,24.24,86.03,41.25,10.28,81.45,46.53,125.86,164.06,130.68,26.1,119.32,53.05,32.16,22.96,18.19,0,0,0,0,0,0
4.62,21.31,72.54,35.68,8.89,66.6,41.33,102.56,133.75,107.21,22.86,104.03,47.26,25.79,18.87,15.85,0,0,0,0,0,0
5.19,23.1,81.75,37.25,9.92,62.06,42.83,96,125.22,96.36,23.61,105.25,49.15,23.12,16.74,15.83,0,0,0,0,0,0
10.38,46.55,192.07,74,22.56,113.37,83.59,178.74,234.8,159.22,45.6,192.5,91.03,39.04,25.55,26.91,0,0,0,0,0,0
15.2,68.94,293.99,111.62,34.14,166.07,124.41,264.02,345.92,229.7,68.24,283.81,136.2,56.66,35.53,39.26,0,0,0,0,0,0
18.32,80.85,336.53,132.5,39.43,192.72,145.45,305.64,400.1,270.94,82.05,338.22,165.71,66.76,42.3,48.8,0,0,0,0,0,0
19.66,84.4,337.55,138.51,40.31,199.13,150.17,313.25,410.57,286.2,86.6,358.88,177.47,70.43,45.95,53.82,0,0,0,0,0,0
20.03,86.12,339.08,140.57,40.86,205.44,151.91,320.68,421.99,296.51,86.92,368.37,180.13,73.15,48.61,55.35,0,0,0,0,0,0
18.74,83.48,333.97,136.02,39.81,204.78,147.64,320.82,421.18,295.54,83.32,357.72,171.49,73.69,48.47,52.62,0,0,0,0,0,0
17.66,83.04,346.41,135.17,39.92,215.65,148.65,341.18,448.06,308.1,83.54,354.39,166.04,78.13,49.8,50.86,0,0,0,0,0,0
17.45,83.21,341.29,132.48,38.98,222.68,146.87,350.63,462.29,319.41,84.5,356.4,164.33,82.6,53.21,52.54,0,0,0,0,0,0
17.35,84.55,345.39,132.72,38.9,232.15,148.11,364.92,479.94,331.57,86.63,362.87,165.33,87.25,56.3,54.24,0,0,0,0,0,0
16.69,82.12,337,128.22,37.93,226.79,144.13,356.87,469.94,324.72,84.78,352.48,160.04,85.76,54.94,52.51,0,0,0,0,0,0
16.34,80.23,332.07,125.67,37.62,222.55,142.87,350.28,461.96,318.56,83.47,344.26,156.89,83.57,53.31,50.64,0,0,0,0,0,0
16.4,79.99,333.45,123.73,37.81,215.72,140.82,339.89,449.4,305.33,82.77,337.4,153.6,80.28,50.89,49.56,0,0,0,0,0,0
14.36,69.8,293.99,108.81,33.42,190.33,123.77,300.47,396.18,269.65,72.23,294.25,133.71,70.54,44.68,42.74,0,0,0,0,0,0
12.14,58.23,240.13,91.46,27.37,164.11,103.27,257.05,339.28,233.81,60.43,249.65,112.65,60.88,39.73,37.11,0,0,0,0,0,0
13.16,60.16,240.44,93.42,28.12,168.56,104.1,260.62,346.72,240.36,61.12,257.1,114.93,62.07,42.12,39.01,0,0,0,0,0,0
15.37,64.82,241.03,97.64,29.97,172.42,106.3,260.06,352.57,249.14,63.52,275.53,121.23,63.17,46.02,43.31,0,0,0,0,0,0
13.81,57.54,210.82,87.33,26.59,153.29,93.18,230.03,312.53,223.64,56.4,246.56,106.9,56.19,41.98,39.33,0,0,0,0,0,0
7.21,30.91,107.23,48.87,13.52,91.69,50.37,136.98,186.13,140.39,31.36,141.73,59.9,35.16,26.69,23.61,0,0,0,0,0,0
6.32,28.54,100.57,46.42,12.47,91.12,47.3,136.73,184.18,140.9,28.41,134.1,55.98,35.51,26.34,21.8,0,0,0,0,0,0
5.97,27.88,100.06,46.09,12.21,91.64,47.29,139.02,183.9,143.07,27.82,132.11,55.36,36.23,26.39,21,0,0,0,0,0,0
6.01,28.79,103.2,48.78,12.47,98.1,52.66,149.99,197.61,154.69,29.26,140.19,60.1,38.53,27.78,21.5,0,0,0,0,0,0
4.89,24.53,88.97,42.75,10.55,85.06,47.79,131.9,171.87,136.47,25.66,122.63,53.65,33.65,23.79,18.17,0,0,0,0,0,0
4.31,20.62,71.03,34.79,8.74,64.45,40.17,99.27,128.92,104.16,21.45,101.19,45.55,25.05,18.19,14.92,0,0,0,0,0,0
4.66,21.23,75.58,34,9.19,57.83,39.56,89.32,116.66,89.66,21.12,96.45,44.2,21.45,15.59,14.1,0,0,0,0,0,0
9.26,41.68,174.54,64.4,20.35,102.39,74.51,161.1,212.98,140.59,40.3,168.11,77.86,34.5,22.67,22.93,0,0,0,0,0,0
12.63,57.48,251.75,88.94,28.98,138.56,102.88,220.09,290.92,184.51,55.88,226.24,105.42,45.61,28.54,29.97,0,0,0,0,0,0
13.75,61.66,267.24,95.39,30.98,146.99,109.86,233.16,308.61,196.74,60.32,243.39,114.23,48.64,30.62,32.81,0,0,0,0,0,0
14.29,62.21,258.13,95.9,30.56,146.85,109.27,230.5,305.79,200.93,61.2,249.69,117.89,49.61,32.5,35.2,0,0,0,0,0,0
15.92,67.37,267.96,103.15,32.38,156.62,116.4,243.41,324.16,218.33,66.83,273.85,130.15,53.93,36.49,40.28,0,0,0,0,0,0
16.87,72.36,287.47,112.31,34.42,170.77,125.81,266.26,353.77,240.53,73.28,298.78,142.64,59.74,40.04,44.58,0,0,0,0,0,0
17.93,80.31,329.73,127.68,38.27,199.47,142.4,314.43,415.69,281.4,83.18,336.09,160.21,70.81,45.73,49.83,0,0,0,0,0,0
19.14,87.4,350.79,138.43,40.41,225.2,153.26,353.99,467.12,323.8,91.48,373.02,176.36,83.28,54.11,57,0,0,0,0,0,0
19.58,92.3,368.8,145.94,42.06,249.22,161.06,391.95,517.06,363.94,97.08,399.99,186.3,95.36,61.62,61.78,0,0,0,0,0,0
18.55,89.63,363.4,142.09,41.25,250.8,157.35,394.51,520.58,366.77,94.08,389.91,179.37,96.58,61.97,59.45,0,0,0,0,0,0
17.41,85.84,354.4,136.47,40.06,244.99,153.13,385.94,509.59,356.13,89.75,373.9,170.55,93.53,59.52,55.49,0,0,0,0,0,0
17.1,84.52,354.5,133.03,39.92,238.26,149.55,375.49,494.5,339.89,87.3,361.43,163.61,89.63,56.87,53.05,0,0,0,0,0,0
14.77,73.12,311.46,115.98,34.92,209.73,130.56,330.4,435.86,296.97,75.33,312.27,140.95,77.82,49.2,45.12,0,0,0,0,0,0
12.47,61.17,253.54,97.4,28.76,180.13,108.58,282.39,374.06,261.54,63.25,266.55,119.31,68.44,44.2,39.48,0,0,0,0,0,0
13.61,64.02,257.25,100.95,29.91,188.15,110.83,292.43,388.16,275.44,64.81,278.96,123.35,71.85,47.99,42.11,0,0,0,0,0,0
15.87,68.79,259.55,106.09,31.93,194.55,114.11,295.86,396.89,285.38,67.22,297.75,129.45,73.11,52.47,46.44,0,0,0,0,0,0
13.91,59.29,219.67,91.28,27.45,163.96,96.77,247.17,335.38,241.3,57.73,257.29,110.69,60.98,44.86,40.61,0,0,0,0,0,0
7.13,31.26,109.86,49.89,13.8,93.91,51.08,140.65,189.99,144.19,31.18,144.04,60.52,36.27,27.26,23.58,0,0,0,0,0,0
6.29,28.26,99.76,45.94,12.36,91.54,46.94,137.6,183.75,140.71,28.18,132.4,54.76,35.55,26.62,21.6,0,0,0,0,0,0
5.82,26.97,96.51,44.32,11.77,89.46,45.74,135.4,179.81,139.02,27.01,127.47,53.05,35.13,25.77,20.38,0,0,0,0,0,0
5.86,28.1,100.64,47.1,12.08,95.48,51.14,146.04,191.42,149.65,28.59,136.15,58.04,37.4,27.07,20.83,0,0,0,0,0,0
4.65,23.2,83.64,39.96,9.88,80.28,45.27,124.21,162.03,127.94,24.39,115.44,50.3,31.42,22.41,17.11,0,0,0,0,0,0
4.16,19.66,66.61,32.66,8.28,61.55,38.17,94.82,123.28,100.4,20.62,96.2,42.99,24.16,17.69,14.3,0,0,0,0,0,0
4.4,19.87,70.02,31.19,8.52,54.2,36.99,83.7,109.73,83.99,19.84,89.66,40.6,20.06,14.76,13.13,0,0,0,0,0,0
8.83,39.63,165.95,60.03,19.4,96.3,70.33,151.67,201.02,132.14,38.24,157.67,72.4,32.5,21.38,21.38,0,0,0,0,0,0
11.9,54.19,239.15,82.44,27.51,129.93,96.68,206.56,273.87,171.25,52.29,209.92,96.71,42.35,26.47,27.35,0,0,0,0,0,0
12.55,56.75,249.62,86.01,28.83,135.26,100.84,214.68,285.05,177.78,54.63,219.31,101.06,44,27.62,28.67,0,0,0,0,0,0
12.53,55.28,233.93,82.76,27.57,130.9,96.57,205.29,273.78,174.8,52.98,215.9,99.23,43.26,28.31,29.22,0,0,0,0,0,0
13.4,57.84,235.56,85.46,28.31,135.81,99.2,210.55,282.63,184.13,55.22,228.09,104.46,45.64,30.93,31.93,0,0,0,0,0,0
13.61,60.19,247.08,89.89,29.29,145.02,103.9,225.38,301.31,197.15,58.25,240.06,109.6,49.27,33.03,33.72,0,0,0,0,0,0
14.04,66.08,282.13,101.5,32.23,168.76,116.82,266.35,353.58,230.84,65.41,268.14,121.55,58.7,37.55,37.12,0,0,0,0,0,0
15.22,73.3,304.33,112.49,34.46,195.83,127.78,307.81,408.12,275.57,73.72,305.94,137.99,71.84,46.19,44.3,0,0,0,0,0,0
16.29,80.02,329.04,123.69,36.9,223.14,139.39,350.21,463.12,317.71,81.74,340.51,153.08,84,54.1,50.64,0,0,0,0,0,0
16.28,81.15,335.56,126.73,37.45,231.48,142.84,363.97,481.94,331.19,83.62,349.39,156.76,87.62,56.05,51.84,0,0,0,0,0,0
16.4,81.37,339.01,128.41,38.16,234.22,145.6,368.92,485.78,335.86,84.55,351.41,158.43,88.34,56.56,51.64,0,0,0,0,0,0
16.75,82.85,348.13,129.74,39.11,234.99,146.5,369.95,489.79,334.72,85.65,353.51,159.4,88.26,55.92,51.88,0,0,0,0,0,0
14.68,72.65,308.78,115.02,34.73,209.11,129.69,330.05,434.97,297.85,74.97,310.47,139.51,78.18,49.56,44.99,0,0,0,0,0,0
12.51,61.18,253.59,97.36,28.83,181.05,108.53,284.12,374.16,262.94,63.33,266.02,118.75,68.95,44.79,39.51,0,0,0,0,0,0
13.52,63.04,253.22,99.27,29.57,185.16,109.3,287.5,381.03,269.96,63.9,273.49,120.87,70.29,47.3,41.43,0,0,0,0,0,0
15.49,66.34,249.05,101.25,30.79,184.02,109.59,278.42,376.95,268.01,64.81,284.88,124.22,68.25,49.28,44.57,0,0,0,0,0,0
13.74,57.86,213.46,88.26,26.85,157.66,93.84,236.74,321.85,231.04,56.4,248.92,107.3,58.23,43.18,39.48,0,0,0,0,0,0
7.12,31.2,109.81,49.59,13.75,94.93,50.78,142.17,192,145.79,31.24,143.53,60.05,36.81,27.62,23.57,0,0,0,0,0,0
6.54,28.7,100.83,46.35,12.47,91.25,47.5,136.6,182.73,139,29.14,133.32,56.11,35,26.34,22.06,0,0,0,0,0,0
6.05,27.01,95.48,44.15,11.73,87.78,45.79,132.21,176.44,135.44,27.59,126.59,53.59,33.94,25.2,20.67,0,0,0,0,0,0
6.24,28.95,102.57,48.56,12.44,98,52.69,149.73,197.08,154.27,30.13,139.95,60.43,38.43,27.96,21.96,0,0,0,0,0,0
5,23.82,84.49,40.51,10.11,79.44,45.87,122.61,159.3,126.6,25.64,116.85,52.04,31.03,22.32,17.79,0,0,0,0,0,0
4.53,20.58,69.18,34.14,8.58,62.45,39.82,95.84,125,100.7,22.13,99.8,45.7,24.03,17.74,15.23,0,0,0,0,0,0
5.14,22.68,79.64,36.45,9.77,59.81,42.05,92.5,120.36,93.16,23.19,102.94,48.22,22.24,16.25,15.52,0,0,0,0,0,0
10.41,46.8,193.09,74.46,22.66,114.59,84,180.7,237.65,161.53,45.87,194,91.63,39.69,25.9,27.13,0,0,0,0,0,0
15.2,68.89,294.04,111.63,34.12,166.35,124.46,264.32,346.6,229.62,68.2,283.63,136.12,56.59,35.51,39.23,0,0,0,0,0,0
18.31,80.82,336.38,132.44,39.42,192.58,145.39,305.4,399.95,270.8,82.03,338.1,165.67,66.72,42.26,48.79,0,0,0,0,0,0
19.66,84.51,338.37,138.83,40.34,200.07,150.55,314.75,412.47,287.01,86.69,359.62,177.68,70.63,46.1,53.88,0,0,0,0,0,0
20.06,86.46,340.31,141.07,40.99,206.16,152.37,322.27,423.02,298.23,87.23,370.18,180.78,73.76,48.95,55.56,0,0,0,0,0,0
18.75,83.59,334.47,136.24,39.84,205.35,147.86,321.77,422.52,296.47,83.42,358.41,171.74,73.95,48.61,52.71,0,0,0,0,0,0
17.67,82.97,346.41,135.05,39.92,215.27,148.54,340.46,446.38,306.75,83.47,353.6,165.78,77.78,49.65,50.74,0,0,0,0,0,0
17.41,83.04,340.75,132.14,38.87,221.66,146.59,349.06,459.87,317.18,84.28,355.41,163.9,82.02,52.84,52.33,0,0,0,0,0,0
17.24,83.82,340.93,130.69,38.56,226.71,145.92,356.12,470.35,325.72,85.98,358.84,164.13,85.75,55,53.72,0,0,0,0,0,0
16.72,82.18,336.58,128.4,38.02,227.73,144.21,358.22,473.29,328.01,84.96,353.32,160.41,86.54,55.41,52.8,0,0,0,0,0,0
16.42,80.85,333.78,126.77,37.91,225.02,143.83,354.82,467.83,325.03,84.14,348.23,158.33,85.41,54.42,51.3,0,0,0,0,0,0
16.49,80.6,336.5,124.74,38.07,218.07,141.74,343.6,453.06,308.25,83.37,339.99,154.75,81.21,51.46,49.88,0,0,0,0,0,0
14.44,70.41,296.78,109.79,33.65,192.97,124.64,304.54,401.82,273.94,72.88,297.31,135.1,71.77,45.32,43.17,0,0,0,0,0,0
12.25,59.11,243.54,92.89,27.73,167.82,104.48,263,347.81,241.24,61.4,254.5,114.73,63,40.86,37.85,0,0,0,0,0,0
13.02,59.69,236.95,92.05,27.83,164.36,102.68,254.57,340.07,236.91,60.64,255.38,114.24,61.28,41.28,38.73,0,0,0,0,0,0
15.34,64.36,237.58,96.53,29.85,169.06,105.05,255.04,346.09,246.76,63.13,273.15,120.36,62.56,45.62,43.12,0,0,0,0,0,0
13.7,56.85,208.24,86.01,26.25,150.08,91.99,224.63,306.06,217.35,55.66,242.74,105.42,54.42,40.83,38.7,0,0,0,0,0,0
7.19,30.61,106.03,48.28,13.42,89.94,49.8,134.16,181.56,137.13,31.05,139.69,59.14,34.3,26.23,23.31,0,0,0,0,0,0
6.53,28.85,100.15,46.45,12.51,91.01,47.51,136.95,183.82,141.79,29.31,135.07,56.65,35.85,26.72,22.37,0,0,0,0,0,0
6.19,28.14,99.74,46.27,12.22,93.07,47.75,141.15,188.17,145.86,28.77,133.27,56.12,36.86,26.97,21.7,0,0,0,0,0,0
6.18,28.82,102.81,48.35,12.3,97.61,52.61,148.94,196.07,151.76,29.91,139.12,60.07,37.74,27.49,21.7,0,0,0,0,0,0
5.15,24.78,88.56,42.55,10.57,84.87,47.8,131.43,170.6,135.88,26.65,122.37,54.11,33.54,23.99,18.68,0,0,0,0,0,0
4.61,21.09,71.46,35.32,8.83,65.83,40.96,101.21,132.47,106.28,22.68,102.93,46.85,25.48,18.7,15.75,0,0,0,0,0,0
5.16,22.82,80.44,36.76,9.83,60.63,42.37,93.78,121.73,93.94,23.31,103.56,48.44,22.45,16.42,15.6,0,0,0,0,0,0
10.43,46.81,193.49,74.45,22.68,114.52,83.99,180.43,236.58,160.47,45.87,193.49,91.52,39.42,25.79,27.04,0,0,0,0,0,0
15.23,69.05,294.59,111.86,34.19,166.86,124.64,265.16,347.57,230.76,68.37,284.37,136.45,56.93,35.71,39.36,0,0,0,0,0,0
18.32,80.82,336.6,132.5,39.42,192.97,145.46,305.82,400.73,270.93,82.04,338.02,165.67,66.71,42.28,48.79,0,0,0,0,0,0
19.66,84.51,338.2,138.74,40.34,199.74,150.42,314.24,411.8,286.81,86.69,359.51,177.69,70.6,46.05,53.88,0,0,0,0,0,0
20.08,86.5,340.38,141.22,41.04,206.76,152.49,323.12,424.43,299.43,87.3,370.42,180.89,74.03,49.17,55.66,0,0,0,0,0,0
18.83,84,336.7,137.21,40.05,208.24,148.81,326.14,428.2,300.26,83.86,360.55,172.58,74.91,49.31,53.05,0,0,0,0,0,0
17.71,83.35,348.31,135.93,40.06,217.93,149.44,344.61,452.45,310.65,83.85,355.96,166.64,78.77,50.27,51.08,0,0,0,0,0,0
17.54,83.67,342.85,133.1,39.21,223.67,147.33,352.5,463.29,321.91,84.98,358.32,165.2,83.44,53.74,52.85,0,0,0,0,0,0
17.4,84.81,344.78,132.84,39.05,232.12,147.97,365.29,481.56,335.72,87.02,364.79,166.22,88.47,56.87,54.69,0,0,0,0,0,0
16.79,82.62,337.73,128.95,38.23,228.12,144.61,359.5,472.95,330.16,85.38,355.31,161.19,87.35,55.93,53.09,0,0,0,0,0,0
16.45,81.18,335.73,127.31,38.01,226.33,144.38,356.85,469.88,326.01,84.43,349.6,158.94,85.76,54.59,51.41,0,0,0,0,0,0
16.47,80.55,336.41,124.7,38.02,218.08,141.76,343.63,453.46,308,83.29,339.95,154.67,81.11,51.38,49.84,0,0,0,0,0,0
14.41,70.18,297.88,110.01,33.53,194.4,125.17,306.14,403.5,271.38,72.55,295.87,134.33,70.85,45.01,42.83,0,0,0,0,0,0
12.23,59.01,242.66,92.54,27.68,166.54,104.11,261.23,345.19,240.02,61.28,253.96,114.51,62.75,40.65,37.76,0,0,0,0,0,0
13.14,60.08,237.99,92.71,28.11,165.8,103.12,256.94,342.36,240.72,61.13,257.07,115.04,62.37,42.06,39.13,0,0,0,0,0,0
15.41,64.79,240.16,97.33,30.02,171.28,105.83,258.29,349.79,248.8,63.56,274.9,121.17,63.16,46,43.32,0,0,0,0,0,0
13.67,56.59,206.57,85.48,26.16,148.44,91.46,222.27,302.69,215.73,55.4,241.45,104.85,53.99,40.6,38.56,0,0,0,0,0,0
7.3,31.44,109.69,49.92,13.77,94.34,51.36,141.25,191.03,144.42,31.91,144.42,60.96,36.29,27.46,24.01,0,0,0,0,0,0
6.49,28.37,98.11,45.59,12.33,89.18,46.67,133.64,180.31,138.68,28.87,132.4,55.7,34.9,26.15,22.04,0,0,0,0,0,0
6.21,28.31,101.39,46.66,12.26,94.22,48.21,142.73,189.56,145.55,28.88,133.7,56.31,36.78,26.96,21.66,0,0,0,0,0,0
6.08,28.25,99.26,47.01,12.04,93.88,51.23,143.25,189.75,148.16,29.37,136.54,59.08,36.79,26.72,21.37,0,0,0,0,0,0
5.05,24.31,86.77,41.63,10.3,82.77,46.99,127.88,167.13,131.95,26.15,120.07,53.21,32.41,23.16,18.27,0,0,0,0,0,0
4.59,20.92,70.41,34.67,8.75,63.76,40.23,97.91,127.74,103.49,22.51,101.47,46.47,24.84,18.2,15.52,0,0,0,0,0,0
5.16,22.81,80.36,36.59,9.8,60.28,42.17,93.09,121.4,93.59,23.32,103.42,48.51,22.38,16.26,15.57,0,0,0,0,0,0
10.38,46.57,192.26,74.04,22.55,113.38,83.65,178.81,234.64,158.95,45.59,192.58,91.02,38.99,25.52,26.89,0,0,0,0,0,0
15.21,68.96,294.04,111.67,34.16,166.19,124.45,264.23,346.22,230.07,68.28,283.98,136.27,56.77,35.59,39.3,0,0,0,0,0,0
18.33,80.85,336.66,132.53,39.45,192.73,145.48,305.64,399.69,270.63,82.05,338.07,165.65,66.69,42.3,48.78,0,0,0,0,0,0
19.67,84.58,338.6,138.96,40.38,200.42,150.65,315.29,413.28,287.8,86.78,360.01,177.86,70.84,46.23,53.96,0,0,0,0,0,0
20.11,86.63,340.97,141.51,41.11,207.6,152.75,324.38,426.17,300.78,87.45,371.12,181.18,74.38,49.41,55.79,0,0,0,0,0,0
18.74,83.64,335.39,136.51,39.83,206.43,148.21,323.24,424.77,296.73,83.45,358.75,171.83,73.95,48.63,52.7,0,0,0,0,0,0
17.73,83.3,349.15,135.99,40.05,218.69,149.55,345.15,453.36,309.58,83.81,355.17,166.48,78.38,50.09,50.94,0,0,0,0,0,0
17.53,83.66,343.35,133.23,39.18,224.87,147.51,353.85,466.86,322.93,85.01,358.53,165.35,83.57,53.76,52.89,0,0,0,0,0,0
17.35,84.19,342.5,131.79,38.84,229.61,146.99,360.89,475.39,330.46,86.4,360.91,164.76,86.95,56.07,54.16,0,0,0,0,0,0
16.74,82.07,336.92,128.42,38.01,227.96,144.31,358.27,472.36,326.33,84.82,352.17,159.96,86.01,55.28,52.61,0,0,0,0,0,0
16.4,80.64,334.95,126.93,37.8,226.64,144.25,356.4,470.34,322.93,83.88,346.7,157.71,84.58,54.1,50.99,0,0,0,0,0,0
16.51,80.89,338.52,125.57,38.14,220.69,142.68,347.64,458.9,311,83.62,341.97,155.38,81.86,51.89,50.09,0,0,0,0,0,0
14.45,70.49,297.33,110.27,33.7,194.39,125.21,306.93,404.91,275.77,72.93,298.25,135.23,72.18,45.7,43.32,0,0,0,0,0,0
12.22,58.94,241.83,92.42,27.66,166.2,103.98,260.9,345.2,240.7,61.23,254.02,114.45,62.91,40.75,37.82,0,0,0,0,0,0
13.15,60.23,238.71,92.95,28.14,166.25,103.38,257.8,343.12,241.27,61.24,257.87,115.32,62.57,42.16,39.2,0,0,0,0,0,0
15.44,64.92,239.82,97.36,30.11,170.92,105.72,258.04,349.22,250.25,63.73,275.62,121.51,63.64,46.26,43.5,0,0,0,0,0,0
13.73,56.75,206.32,85.56,26.3,148.5,91.32,222.39,303.24,218.15,55.68,242.24,105.37,54.7,40.98,38.82,0,0,0,0,0,0
7.17,30.42,105.13,47.93,13.35,88.91,49.47,132.58,179.12,135.44,30.84,138.58,58.66,33.83,25.99,23.15,0,0,0,0,0,0
6.55,28.54,100,46.16,12.45,90.9,47.31,135.96,181.91,138.64,29.01,132.45,55.75,34.83,26.34,22.01,0,0,0,0,0,0
6.22,28,100.2,46.15,12.2,93.33,47.66,140.79,187.54,143.8,28.65,131.67,55.69,36.2,26.67,21.47,0,0,0,0,0,0
6.2,28.71,101.21,47.91,12.32,96.42,51.99,147.05,194.54,152.5,29.92,138.63,60.06,37.95,27.53,21.79,0,0,0,0,0,0
5.05,24.21,85.65,41.33,10.3,81.55,46.62,126.25,164.35,131.35,26.06,119.49,52.97,32.31,23.14,18.25,0,0,0,0,0,0
4.67,21.57,73.48,35.92,9.01,66.91,41.46,103.1,133.9,108.13,23.14,104.94,47.78,26.16,19.03,15.98,0,0,0,0,0,0
5.21,23.27,82.65,37.49,9.98,62.78,43.04,97,126.79,97.23,23.79,105.98,49.54,23.38,16.84,15.91,0,0,0,0,0,0
10.43,46.87,193.62,74.51,22.68,114.68,84.05,180.75,237.27,161.05,45.92,193.96,91.69,39.59,25.85,27.1,0,0,0,0,0,0
15.21,68.98,294.32,111.76,34.16,166.48,124.56,264.65,346.62,230.07,68.29,284.05,136.28,56.75,35.61,39.29,0,0,0,0,0,0
18.31,80.79,336.14,132.33,39.41,192.19,145.27,304.83,398.99,270.33,81.99,337.85,165.58,66.62,42.19,48.75,0,0,0,0,0,0
19.67,84.49,338.12,138.67,40.34,199.53,150.33,313.85,411.18,286.48,86.69,359.25,177.64,70.52,46,53.85,0,0,0,0,0,0
20.08,86.54,340.57,141.25,41.04,206.66,152.52,323.06,424.05,299.21,87.32,370.61,180.95,74.02,49.14,55.65,0,0,0,0,0,0
18.79,83.92,336.45,137.08,39.97,208.01,148.74,325.79,428.24,299.71,83.76,360.37,172.45,74.74,49.15,52.98,0,0,0,0,0,0
17.72,83.51,348.84,136,40.1,217.93,149.45,344.67,452.62,311.1,84.01,356.69,167.04,78.99,50.27,51.15,0,0,0,0,0,0
17.45,83.51,343.06,132.98,39.03,223.78,147.41,352.5,464.17,320.1,84.72,357.87,164.87,82.87,53.32,52.63,0,0,0,0,0,0
17.22,83.79,341.07,131.09,38.55,228.12,146.48,358.5,473.85,327.47,85.93,359.53,164.07,86.07,55.36,53.83,0,0,0,0,0,0
16.69,81.81,335.4,127.86,37.89,226.32,143.75,355.85,469.43,324.57,84.56,351.04,159.47,85.55,54.94,52.45,0,0,0,0,0,0
16.45,81.09,335.58,127.36,38,226.68,144.48,357.29,470.37,325.9,84.33,349.15,158.67,85.64,54.64,51.37,0,0,0,0,0,0
16.55,81.09,338.43,125.65,38.26,220.95,142.56,348,460.61,313.79,83.93,343.13,156.06,82.66,52.22,50.39,0,0,0,0,0,0
14.41,70.5,297.63,110.26,33.64,194.71,125.24,307.26,406.6,276,72.95,298.62,135.41,72.21,45.57,43.32,0,0,0,0,0,0
12.28,59.3,244.16,93.19,27.81,168.47,104.75,264.17,349.26,242.78,61.59,255.58,115.15,63.46,41.12,38.01,0,0,0,0,0,0
13.18,60.4,240.4,93.61,28.22,168.66,104.13,261.2,348.02,243.17,61.42,258.83,115.65,62.94,42.5,39.32,0,0,0,0,0,0
15.38,64.62,239,97.04,29.96,170.28,105.57,257.01,347.81,248.01,63.37,274.26,120.79,62.94,45.92,43.25,0,0,0,0,0,0
13.75,57.11,208.7,86.46,26.41,150.8,92.35,226.21,307.29,219.97,55.94,244.24,105.94,55.2,41.38,38.99,0,0,0,0,0,0
7.26,31.23,109.89,49.71,13.65,93.95,51.32,140.36,189.01,141,31.6,142.81,60.27,35.32,26.97,23.66,0,0,0,0,0,0
6.5,28.37,99.09,45.69,12.34,89.61,46.82,133.92,179.88,137.07,28.84,131.69,55.51,34.44,25.96,21.87,0,0,0,0,0,0
6.12,27.62,97.64,45.11,11.97,90.31,46.6,136.31,182.79,141.04,28.27,130.17,55.11,35.53,26.01,21.23,0,0,0,0,0,0
6.2,28.81,102.26,48.09,12.33,96.79,52.22,147.56,194.31,151.5,29.95,138.69,60.09,37.73,27.42,21.7,0,0,0,0,0,0
5.11,24.42,87.78,41.8,10.38,83.64,47.1,128.67,168.36,132.26,26.32,119.95,53.43,32.46,23.21,18.29,0,0,0,0,0,0
4.58,20.98,71.13,34.84,8.75,64.36,40.45,98.75,128.94,103.53,22.55,101.79,46.59,24.84,18.18,15.51,0,0,0,0,0,0
5.15,22.78,80.64,36.59,9.79,60.18,42.22,92.9,120.31,92.37,23.25,102.96,48.31,22.06,16.14,15.45,0,0,0,0,0,0
10.4,46.6,192.13,74.01,22.6,113.14,83.56,178.47,233.85,159.15,45.65,192.57,91.09,39.09,25.59,26.93,0,0,0,0,0,0
15.2,68.89,294.09,111.62,34.12,166.13,124.46,264.05,345.67,229.03,68.18,283.46,136.03,56.46,35.46,39.19,0,0,0,0,0,0
18.32,80.82,336.51,132.49,39.42,192.62,145.45,305.5,399.62,270.51,82.01,338.03,165.61,66.65,42.26,48.76,0,0,0,0,0,0
19.69,84.67,338.95,139.04,40.42,200.55,150.7,315.48,413.29,288.02,86.86,360.24,178.01,70.94,46.27,53.99,0,0,0,0,0,0
20.09,86.53,340.58,141.19,41.04,206.48,152.44,322.68,423.4,298.76,87.32,370.32,180.9,73.91,49.07,55.61,0,0,0,0,0,0
18.82,84.06,337.54,137.46,40.04,209.1,149.14,327.38,429.95,300.38,83.89,360.92,172.67,74.9,49.31,53.04,0,0,0,0,0,0
17.74,83.51,349.84,136.44,40.13,219.76,150,347.12,455.99,311.9,84.02,356.71,166.96,79.02,50.49,51.16,0,0,0,0,0,0
17.52,83.74,344.03,133.41,39.17,225.6,147.73,354.84,468.8,323.47,85.08,359.07,165.58,83.69,53.77,52.92,0,0,0,0,0,0
17.23,83.73,341.3,130.94,38.52,227.98,146.33,357.88,473.12,326.1,85.87,358.71,163.9,85.68,55.1,53.69,0,0,0,0,0,0
16.66,82.13,336.95,128.5,37.91,228.05,144.49,358.88,474.26,327.22,84.81,353.54,160.26,86.29,55.25,52.69,0,0,0,0,0,0
16.3,80.23,332.98,125.95,37.56,223.61,143.34,351.89,464.04,318.2,83.38,344.5,156.78,83.39,53.26,50.57,0,0,0,0,0,0
16.49,80.71,337.03,125.14,38.1,219.12,142.22,345.53,455.55,309.85,83.44,341.11,154.97,81.6,51.76,50.01,0,0,0,0,0,0
14.42,70.6,298.02,110.6,33.69,195.36,125.64,308.62,407.52,276.94,73,299.36,135.49,72.47,45.85,43.41,0,0,0,0,0,0
12.13,58.52,241.38,91.84,27.4,165.55,103.6,259.12,344.14,236.63,60.76,251.69,113.57,61.64,39.92,37.36,0,0,0,0,0,0
13.23,60.74,240.84,94.08,28.38,169.66,104.46,263.14,351.08,247.28,61.82,261.09,116.55,64.12,43.14,39.75,0,0,0,0,0,0
15.43,65.08,240.66,97.73,30.13,172.08,106.15,259.95,352.4,251.96,63.87,276.94,121.93,64.08,46.47,43.64,0,0,0,0,0,0
13.72,57.07,208.94,86.39,26.33,151.13,92.34,226.39,308.83,219.74,55.9,244.17,105.98,55.08,41.18,38.93,0,0,0,0,0,0
7.32,31.61,110.58,49.98,13.82,94.38,51.35,141.15,190.73,144.15,32.07,144.77,61.3,36.32,27.36,24.01,0,0,0,0,0,0
6.25,27.95,97.87,45.01,12.22,87.21,45.87,130.33,175.52,134.64,27.82,130.27,54.69,33.88,25.25,21.23,0,0,0,0,0,0
5.94,27.56,99.8,45.75,12.05,91.98,47.08,138.59,185.23,141.26,27.54,130.28,54.78,35.49,25.94,20.73,0,0,0,0,0,0
6.07,29.08,103.65,48.98,12.63,98.03,52.65,150.13,197.09,156.42,29.61,141.37,60.74,39.16,28.1,21.73,0,0,0,0,0,0
4.85,24,86.04,41.42,10.38,81,46.36,125.5,162.37,130.89,25.14,118.98,52.4,32.25,22.93,17.68,0,0,0,0,0,0
4.24,20.12,68.96,33.84,8.52,62.08,39.28,95.32,123.97,99.9,20.94,98.36,44.47,23.85,17.45,14.5,0,0,0,0,0,0
4.68,21.42,76.77,34.42,9.26,58.9,40,91.03,118.47,90.6,21.28,97.38,44.53,21.72,15.79,14.19,0,0,0,0,0,0
9.24,41.58,173.62,64.08,20.31,101.15,74.16,159.4,210.29,139.48,40.18,167.51,77.61,34.26,22.51,22.85,0,0,0,0,0,0
12.61,57.37,251.13,88.77,28.94,138.08,102.74,219.45,290.07,183.97,55.75,225.82,105.18,45.45,28.47,29.92,0,0,0,0,0,0
13.74,61.58,266.93,95.26,30.95,146.6,109.75,232.55,307.58,195.9,60.22,242.9,114.02,48.41,30.51,32.73,0,0,0,0,0,0
14.27,62.11,257.97,95.75,30.51,146.6,109.17,229.98,305.18,199.83,61.08,249.08,117.65,49.28,32.31,35.08,0,0,0,0,0,0
15.9,67.26,267.73,102.98,32.32,156.41,116.27,242.9,323.95,217.55,66.73,273.3,129.96,53.67,36.31,40.19,0,0,0,0,0,0
16.94,72.82,289.44,113.25,34.63,173.31,126.71,270.38,359.22,244.84,73.75,301.45,143.64,60.9,40.79,44.99,0,0,0,0,0,0
18.02,81,333.51,129.04,38.55,202.68,143.77,319.68,420.66,284.77,83.8,339.27,161.41,71.83,46.47,50.18,0,0,0,0,0,0
19.16,87.84,352.66,139.13,40.53,226.75,153.95,356.77,470.55,326.52,91.87,375.54,177.3,84.12,54.52,57.28,0,0,0,0,0,0
19.53,92.27,369.34,146.16,41.97,250.33,161.46,393.61,520.38,364.44,96.99,400.55,186.33,95.38,61.6,61.77,0,0,0,0,0,0
18.72,90.91,370.78,145.31,41.78,260.37,160.73,409.33,540.49,378.69,95.34,397.45,182.04,99.58,64.06,60.49,0,0,0,0,0,0
17.49,86.07,355.86,137.18,40.25,246.24,153.89,388.26,509.35,356.55,89.91,374.42,170.55,93.69,60,55.55,0,0,0,0,0,0
17,84,352.77,132.25,39.65,236.91,148.94,372.96,492.69,336.54,86.75,359.03,162.59,88.55,56.17,52.66,0,0,0,0,0,0
14.67,72.49,307.57,114.82,34.67,206.44,129.44,325.67,430.3,294.1,74.71,309.79,139.74,77,48.69,44.84,0,0,0,0,0,0
12.49,61.26,253.13,97.39,28.84,178.95,108.49,281.32,370.32,261.09,63.29,266.8,119.29,68.52,44.33,39.52,0,0,0,0,0,0
13.48,63,252.36,98.96,29.51,182.71,108.89,283.82,376.74,267.34,63.78,273.39,121.16,69.63,46.65,41.34,0,0,0,0,0,0
15.7,67.6,253.75,103.46,31.39,187.85,111.47,284.82,384.28,275.87,66.07,291.23,127.16,70.5,50.61,45.53,0,0,0,0,0,0
13.9,59.25,220.04,91.37,27.43,164.36,96.95,247.67,335.64,240.6,57.65,256.94,110.49,60.74,44.8,40.52,0,0,0,0,0,0
7.21,32.07,113.75,51.76,14.13,98.85,53,148.85,200.33,151.58,31.96,149.05,62.2,38.25,28.6,24.27,0,0,0,0,0,0
6.22,27.69,97.06,44.73,12.13,88.69,45.72,132.72,178.59,136.66,27.66,129.27,53.7,34.39,25.8,21.19,0,0,0,0,0,0
5.83,27.34,98.31,45.13,11.87,91.93,46.59,139.33,186.05,142.83,27.36,130.05,53.96,36.11,26.31,20.72,0,0,0,0,0,0
5.91,28.1,99.94,46.94,12.14,95.59,50.78,145.75,192.85,151.67,28.75,136.09,58.32,37.87,27.26,21.01,0,0,0,0,0,0
4.75,23.51,83.98,40.25,10.1,80.61,45.3,124.88,162.39,130.72,24.8,116.66,51,32.29,22.93,17.43,0,0,0,0,0,0
4.21,19.92,68.37,33.28,8.39,63.71,38.81,97.83,127.71,102.58,20.9,97.39,43.54,24.67,18.04,14.47,0,0,0,0,0,0
4.42,20.02,71.4,31.71,8.58,56.09,37.58,86.34,113.57,85.49,19.99,90.47,40.9,20.36,15.01,13.24,0,0,0,0,0,0
8.84,39.56,165.94,60.04,19.39,96.33,70.38,151.68,200.47,131.41,38.15,157.16,72.15,32.27,21.34,21.3,0,0,0,0,0,0
11.9,54.06,238.59,82.25,27.48,129.42,96.51,205.74,272.39,170.23,52.16,209.06,96.35,42.05,26.37,27.25,0,0,0,0,0,0
12.54,56.67,249.35,85.9,28.8,135.03,100.74,214.27,284.64,177.29,54.55,218.94,100.91,43.85,27.53,28.61,0,0,0,0,0,0
12.51,55.16,233.39,82.62,27.52,130.7,96.47,204.95,273.68,174.5,52.86,215.46,99,43.12,28.25,29.17,0,0,0,0,0,0
13.39,57.73,235.1,85.3,28.28,135.3,99.06,209.8,281.2,183.23,55.11,227.46,104.18,45.4,30.84,31.85,0,0,0,0,0,0
13.56,59.99,245.93,89.63,29.19,144.36,103.71,224.57,300.77,196.77,58.03,239.66,109.26,49.12,32.94,33.67,0,0,0,0,0,0
13.96,65.71,280.28,100.77,32.04,166.77,116.15,263.34,350.16,228.12,65.01,266.54,120.84,57.95,37.01,36.85,0,0,0,0,0,0
15.11,72.68,301.21,111.29,34.18,192.27,126.68,302.53,400.7,270.38,73.03,302.81,136.59,70.45,45.36,43.81,0,0,0,0,0,0
16.28,80.17,329.63,123.93,36.92,223.97,139.63,351.52,465.85,319.43,81.9,341.72,153.56,84.46,54.26,50.8,0,0,0,0,0,0
16.55,82.14,339.12,128.47,38.08,235.68,144.19,370.58,488.59,339.58,84.79,353.5,158.7,90,57.77,52.71,0,0,0,0,0,0
16.5,81.68,340.9,128.8,38.35,235.11,145.87,369.9,485.43,335.83,84.89,351.6,158.84,88.43,56.7,51.67,0,0,0,0,0,0
16.71,82.78,348.12,129.57,39.05,234.01,146.41,368.71,486.6,332.19,85.47,352.84,159.02,87.68,55.6,51.66,0,0,0,0,0,0
14.68,72.62,308.44,114.71,34.71,208.19,129.31,328.49,433.04,296.8,74.96,309.96,139.48,77.96,49.32,44.91,0,0,0,0,0,0
12.44,60.94,252.12,96.7,28.67,179.17,107.88,281.31,371.31,260.93,63.07,265.08,118.38,68.46,44.3,39.33,0,0,0,0,0,0
13.46,62.97,252.43,98.83,29.46,183.86,108.82,285.59,379.6,269.13,63.83,273.44,120.92,70.15,46.96,41.38,0,0,0,0,0,0
15.64,67.2,252.22,102.65,31.21,186.85,110.77,283.4,381.51,273.75,65.69,288.95,125.89,70.01,50.42,45.2,0,0,0,0,0,0
13.77,58.08,214.88,88.93,26.95,159.49,94.59,239.7,325.03,232.87,56.58,250.15,107.63,58.68,43.61,39.63,0,0,0,0,0,0
7.17,31.15,109.28,49.61,13.83,95.29,50.71,142.49,192.81,147.16,31.29,143.19,60.02,37.08,27.9,23.69,0,0,0,0,0,0
6.52,28.56,100.37,46.26,12.39,91.74,47.46,137.03,185.1,139.7,29.04,133.09,56.01,35.03,26.32,22.07,0,0,0,0,0,0
6.18,28.1,100.47,46.42,12.19,93.93,48.01,142.13,189.63,145.2,28.7,132.93,55.96,36.58,26.86,21.6,0,0,0,0,0,0
6.26,29.12,103.31,48.63,12.48,98.35,52.65,149.97,198.18,155,30.34,140.52,60.91,38.67,27.95,22.04,0,0,0,0,0,0
5.12,24.61,88.1,42.11,10.46,84.13,47.37,129.83,169.62,134.22,26.51,121.29,53.87,33.05,23.56,18.5,0,0,0,0,0,0
4.62,21,71.03,34.94,8.82,64.6,40.5,99.09,128.9,104.18,22.61,101.67,46.56,24.99,18.4,15.58,0,0,0,0,0,0
5.16,22.88,80.76,36.83,9.83,60.99,42.44,94.27,123.09,94.61,23.38,104.06,48.68,22.62,16.43,15.65,0,0,0,0,0,0
10.41,46.77,193.3,74.41,22.65,114.51,83.97,180.42,236.97,160.57,45.83,193.52,91.49,39.42,25.77,27.04,0,0,0,0,0,0
15.2,68.84,293.85,111.53,34.11,166.02,124.36,263.78,345.58,228.98,68.15,283.19,135.96,56.42,35.43,39.18,0,0,0,0,0,0
18.3,80.7,335.87,132.21,39.37,191.9,145.17,304.33,398.34,269.64,81.9,337.41,165.4,66.42,42.08,48.68,0,0,0,0,0,0
19.67,84.52,338.14,138.78,40.35,199.84,150.45,314.43,412.03,287.22,86.71,359.61,177.71,70.71,46.13,53.91,0,0,0,0,0,0
20.1,86.53,340.42,141.22,41.06,206.58,152.45,322.87,423.77,299.35,87.34,370.45,180.94,74.05,49.18,55.67,0,0,0,0,0,0
18.88,84.37,337.93,137.76,40.22,209.31,149.25,328.07,430.21,302.89,84.26,362.41,173.37,75.73,49.78,53.34,0,0,0,0,0,0
17.77,83.45,348.91,135.98,40.16,217.58,149.41,344.04,449.77,309.46,83.95,355.53,166.62,78.57,50.25,51.01,0,0,0,0,0,0
17.5,83.55,343.98,133.28,39.1,225.05,147.76,354.05,465.98,320.45,84.79,357.68,164.85,82.86,53.46,52.62,0,0,0,0,0,0
17.17,83.65,340.66,130.86,38.44,227.3,146.36,357.44,472,325.55,85.7,358.96,163.69,85.57,55.05,53.65,0,0,0,0,0,0
16.64,81.78,334.75,127.39,37.78,224.96,143.22,353.78,467.95,323.69,84.53,351.05,159.62,85.42,54.55,52.4,0,0,0,0,0,0
16.4,81,335.61,127.12,37.89,226.29,144.31,356.47,470.01,324.43,84.21,348.69,158.54,85.23,54.27,51.22,0,0,0,0,0,0
16.38,80.04,334.28,124.02,37.79,216.12,141.27,340.86,449.17,304.38,82.7,337.73,153.46,80.06,50.88,49.47,0,0,0,0,0,0
14.48,70.85,299.38,110.8,33.81,195.78,125.71,308.97,407.47,277.11,73.28,299.81,135.99,72.62,45.87,43.46,0,0,0,0,0,0
12.26,59.19,243.63,92.99,27.76,168.19,104.54,263.58,349.26,242.52,61.51,255.13,115.01,63.34,41.01,37.97,0,0,0,0,0,0
13.16,60.26,239,92.99,28.16,166.47,103.41,257.99,343.34,241.23,61.28,257.79,115.35,62.56,42.16,39.19,0,0,0,0,0,0
15.37,64.53,238.22,96.71,29.93,169.1,105.18,255.29,345.23,246.9,63.29,273.66,120.6,62.71,45.74,43.17,0,0,0,0,0,0
13.72,56.97,208.61,86.24,26.3,150.98,92.2,225.95,308.69,219.31,55.82,243.62,105.8,54.91,41.08,38.87,0,0,0,0,0,0
7.23,30.99,108.04,49.17,13.56,92.89,50.7,138.58,188.69,141.39,31.46,142.14,60.08,35.35,26.85,23.68,0,0,0,0,0,0
6.55,28.91,100.57,46.51,12.54,91.44,47.51,137.29,184.84,142.28,29.42,135.15,56.85,35.96,26.74,22.4,0,0,0,0,0,0
6.13,27.88,99.06,45.8,12.06,91.99,47.38,139.28,185.97,143.05,28.46,131.87,55.55,36.07,26.44,21.42,0,0,0,0,0,0
6.13,28.36,99.88,47.18,12.13,94.29,51.33,143.71,189.66,148.41,29.51,136.55,59.22,36.88,26.85,21.41,0,0,0,0,0,0
5.09,24.31,86.53,41.3,10.35,81.68,46.51,125.93,163.96,130.63,26.21,119.15,53.17,32.16,22.96,18.19,0,0,0,0,0,0
4.62,21.03,70.98,34.98,8.82,64.88,40.54,99.54,130.26,105.16,22.65,102.14,46.73,25.23,18.48,15.66,0,0,0,0,0,0
5.19,22.99,81.36,37.07,9.9,61.68,42.65,95.24,124.07,95.42,23.51,104.4,48.87,22.83,16.62,15.73,0,0,0,0,0,0
10.39,46.71,192.72,74.22,22.61,113.89,83.79,179.61,236.07,160.27,45.76,193.41,91.41,39.37,25.68,27.02,0,0,0,0,0,0
15.2,68.92,293.94,111.57,34.13,165.94,124.37,263.82,345.64,229.43,68.22,283.7,136.16,56.6,35.48,39.24,0,0,0,0,0,0
18.3,80.72,335.92,132.22,39.38,191.91,145.17,304.37,398.35,269.71,81.92,337.48,165.43,66.44,42.09,48.69,0,0,0,0,0,0
19.65,84.39,337.53,138.45,40.3,198.9,150.12,312.9,409.93,285.72,86.58,358.73,177.42,70.32,45.87,53.78,0,0,0,0,0,0
20.08,86.48,340.67,141.21,41.03,206.62,152.52,322.86,423.28,298.2,87.24,369.98,180.71,73.72,49.04,55.55,0,0,0,0,0,0
18.8,83.85,335.69,136.79,39.98,206.85,148.37,324.11,425.31,298.75,83.71,359.7,172.27,74.56,49.05,52.93,0,0,0,0,0,0
17.67,83.05,347.33,135.32,39.92,216.2,148.9,341.82,448.18,306.94,83.5,354.04,165.9,77.8,49.68,50.73,0,0,0,0,0,0
17.44,83.3,342.14,132.59,38.97,223.21,147,351.2,463.5,319.27,84.57,356.69,164.53,82.56,53.1,52.52,0,0,0,0,0,0
17.44,84.89,345.21,133.02,39.13,232.71,148.11,366.05,482.35,336.49,87.13,364.94,166.35,88.66,57.05,54.76,0,0,0,0,0,0
16.68,81.96,336.13,127.78,37.88,225.75,143.63,354.99,467.91,323.43,84.66,351.36,159.76,85.41,54.67,52.39,0,0,0,0,0,0
16.3,80.31,332.41,125.88,37.6,222.59,143.19,350.94,461.77,318.53,83.45,345.09,156.93,83.64,53.38,50.66,0,0,0,0,0,0
16.48,80.33,334.86,124.27,37.99,217.08,141.24,341.93,451.82,307.79,83.16,338.84,154.32,81,51.33,49.81,0,0,0,0,0,0
14.39,69.97,295.41,109.27,33.48,192.43,124.24,303.13,401.31,271.89,72.47,295.18,134.24,71,44.91,42.9,0,0,0,0,0,0
12.21,58.8,241.63,92.33,27.61,166.12,103.95,260.61,344.57,239.54,61.07,253.17,114.06,62.53,40.61,37.69,0,0,0,0,0,0
13.14,59.84,237.87,92.52,28.03,165.63,103.06,256.28,340.77,238.13,60.85,255.31,114.32,61.57,41.75,38.85,0,0,0,0,0,0
15.45,64.77,239.6,97.43,30.1,171.25,105.9,258.54,349.05,249.62,63.56,274.8,121.01,63.36,46.33,43.41,0,0,0,0,0,0
13.77,57.29,209.91,86.8,26.45,152.32,92.69,228.14,311.25,221.73,56.16,245.22,106.47,55.61,41.52,39.12,0,0,0,0,0,0
7.26,31.37,109.07,49.74,13.7,94.02,51.2,140.83,191.74,144.83,31.85,144.65,61.01,36.38,27.38,24.04,0,0,0,0,0,0
6.5,28.63,99.38,46.03,12.41,90.05,47.11,135.21,181.73,139.78,29.09,133.72,56.18,35.28,26.36,22.16,0,0,0,0,0,0
6.19,28.2,100.7,46.32,12.21,93.59,47.82,141.5,189.12,145.21,28.82,133.17,56.25,36.67,26.77,21.63,0,0,0,0,0,0
6.18,28.63,100.62,47.68,12.28,95.63,51.75,145.93,192.96,151.68,29.83,138.24,59.89,37.77,27.39,21.73,0,0,0,0,0,0
5.16,24.4,87.32,41.92,10.48,83.99,47.15,129.2,168.56,133.5,26.36,119.72,53.33,32.73,23.57,18.4,0,0,0,0,0,0
4.66,21.38,73.3,35.77,8.95,67.17,41.36,102.96,134.46,107.21,22.98,103.81,47.41,25.77,18.86,15.84,0,0,0,0,0,0
5.17,22.88,81,36.84,9.84,61.03,42.45,94.21,122.64,94.11,23.39,103.76,48.62,22.49,16.39,15.61,0,0,0,0,0,0
10.4,46.81,193.33,74.44,22.64,114.49,84,180.52,237.23,160.89,45.86,193.9,91.61,39.54,25.79,27.08,0,0,0,0,0,0
15.21,68.97,294.5,111.79,34.16,166.8,124.61,264.98,347.4,230.11,68.28,283.95,136.27,56.72,35.6,39.28,0,0,0,0,0,0
18.34,80.93,336.89,132.69,39.48,193.36,145.62,306.56,401.61,272.05,82.16,338.7,165.93,67.04,42.47,48.9,0,0,0,0,0,0
19.67,84.57,338.41,138.83,40.36,199.93,150.5,314.58,412.16,287.28,86.76,359.85,177.83,70.75,46.13,53.93,0,0,0,0,0,0
20.03,86.27,339.56,140.79,40.9,205.57,152.14,321.25,421.91,296.97,87.02,369.21,180.36,73.37,48.74,55.42,0,0,0,0,0,0
18.78,83.74,336.08,136.92,39.91,208.04,148.64,325.5,428.36,298.88,83.6,359.42,172.09,74.4,49,52.87,0,0,0,0,0,0
17.68,82.99,347.04,135.06,39.9,215.72,148.56,340.71,447.28,306.28,83.49,353.32,165.83,77.61,49.5,50.67,0,0,0,0,0,0
17.52,83.38,342.82,132.83,39.1,223.42,147.21,351.54,461.38,318.43,84.64,356.1,164.33,82.38,53.27,52.47,0,0,0,0,0,0
17.25,84.05,342.69,131.7,38.65,229.71,147.14,361.06,476.6,328.96,86.15,360.88,164.52,86.48,55.67,53.97,0,0,0,0,0,0
16.76,82.77,339.64,129.7,38.22,230.98,145.6,363.73,479.78,332.27,85.47,356.87,161.57,87.73,56.2,53.2,0,0,0,0,0,0
16.43,80.85,333.65,126.8,37.93,225.04,143.84,354.88,467.63,325.26,84.15,348.16,158.3,85.47,54.51,51.33,0,0,0,0,0,0
16.47,80.57,336.47,125.04,38.04,219.61,142.14,345.92,457.98,310.83,83.37,340.87,154.9,81.71,51.78,50.05,0,0,0,0,0,0
14.45,70.4,296.73,110.08,33.68,194.06,124.98,306.28,404.72,275.86,72.9,297.87,135.15,72.17,45.66,43.32,0,0,0,0,0,0
12.13,58.23,239.46,91.12,27.35,163.05,102.79,255.39,337.88,233.76,60.49,249.61,112.83,60.96,39.58,37.13,0,0,0,0,0,0
13.07,59.6,236.81,91.81,27.86,163.83,102.35,253.28,337.79,235.32,60.6,253.97,113.93,60.85,41.09,38.58,0,0,0,0,0,0
15.41,64.48,238.65,96.82,29.96,169.85,105.31,256,346.2,246.71,63.27,273.02,120.44,62.56,45.76,43.12,0,0,0,0,0,0
13.68,56.61,206.94,85.4,26.16,148.42,91.33,221.88,302.5,215.14,55.44,241.14,104.93,53.85,40.43,38.5,0,0,0,0,0,0
7.18,30.6,105.95,48.17,13.4,89.49,49.69,133.52,180.48,136.43,31.02,139.53,59.09,34.15,26.11,23.26,0,0,0,0,0,0
6.57,28.63,100.07,46.26,12.49,91.39,47.33,136.62,183.9,140.44,29.17,133.19,56.14,35.3,26.53,22.18,0,0,0,0,0,0
6.06,27.28,97.83,44.94,11.8,90.51,46.7,136.11,182.09,137.36,27.82,128.07,54.13,34.35,25.49,20.8,0,0,0,0,0,0
6.14,28.53,100.85,47.65,12.17,96.1,51.84,146.37,194.63,151.08,29.7,137.97,59.74,37.5,27.17,21.62,0,0,0,0,0,0
5.05,24.17,85.33,41.21,10.28,81.3,46.49,125.84,164.15,131.32,26.04,119.35,52.94,32.3,23.09,18.24,0,0,0,0,0,0
4.56,20.88,70.89,34.91,8.7,64.59,40.64,99.28,129.32,103.29,22.4,101.59,46.27,24.7,18.22,15.46,0,0,0,0,0,0
5.17,22.97,81.01,36.98,9.87,61.23,42.57,94.77,123.43,95.29,23.47,104.53,48.85,22.83,16.58,15.73,0,0,0,0,0,0
10.43,46.8,193.02,74.41,22.69,114.26,83.93,180.24,236.34,161.02,45.87,193.7,91.55,39.59,25.89,27.1,0,0,0,0,0,0
15.21,68.93,294.07,111.63,34.14,166.13,124.43,264.09,345.95,229.56,68.24,283.74,136.18,56.62,35.51,39.25,0,0,0,0,0,0
18.34,80.95,337.04,132.71,39.48,193.27,145.64,306.49,401.1,271.69,82.16,338.69,165.91,66.97,42.44,48.88,0,0,0,0,0,0
19.68,84.54,338.12,138.79,40.38,199.8,150.43,314.38,411.88,287.42,86.75,359.67,177.77,70.77,46.18,53.94,0,0,0,0,0,0
20.04,86.26,339.18,140.73,40.93,205.27,152.02,320.87,421.33,297.3,87.04,369.2,180.37,73.48,48.81,55.47,0,0,0,0,0,0
18.74,83.65,334.77,136.43,39.85,205.97,148.07,322.78,424.24,297.44,83.48,359.01,171.91,74.18,48.74,52.79,0,0,0,0,0,0
17.61,82.76,346.42,134.89,39.76,215.42,148.56,340.36,447.05,304.95,83.2,352.67,165.33,77.17,49.27,50.51,0,0,0,0,0,0
17.47,83.37,342.82,132.83,39.03,223.34,147.28,351.63,461.83,318.3,84.58,356.52,164.36,82.36,53.18,52.45,0,0,0,0,0,0
17.22,83.92,342.18,131.31,38.55,228.78,146.74,359.43,475.12,327.4,86.02,360.11,164.33,86.07,55.29,53.82,0,0,0,0,0,0
16.68,81.97,335.99,127.83,37.9,225.66,143.68,355.06,467.57,323.66,84.67,351.53,159.75,85.49,54.76,52.42,0,0,0,0,0,0
16.44,80.86,335.61,127.16,37.92,226.38,144.41,356.45,468.21,322.82,84.05,347.3,157.93,84.73,54.27,51.05,0,0,0,0,0,0
16.47,80.43,335.85,124.67,38.01,218.24,141.75,343.82,453.99,308.39,83.2,339.56,154.44,81.12,51.48,49.85,0,0,0,0,0,0
14.36,69.9,295.34,109.25,33.42,192.08,124.33,302.9,400.07,270.64,72.31,294.95,133.94,70.69,44.79,42.79,0,0,0,0,0,0
12.17,58.65,241.54,91.97,27.51,164.86,103.67,258.63,340.81,236.04,60.84,251.84,113.55,61.66,40.08,37.37,0,0,0,0,0,0
13.05,59.87,237.04,92.33,27.93,164.52,102.88,255.33,340.23,238.68,60.82,256.54,114.59,61.86,41.67,38.94,0,0,0,0,0,0
15.44,64.82,239.06,97.29,30.11,170.4,105.68,257.59,347.73,249.98,63.61,275.3,121.2,63.58,46.35,43.48,0,0,0,0,0,0
13.78,57.16,208.64,86.45,26.45,151.13,92.23,226.41,308.78,221.35,56.08,244.49,106.24,55.54,41.49,39.11,0,0,0,0,0,0
7.27,30.75,106.62,48.48,13.57,90.63,49.86,134.86,182.25,138.3,31.28,139.76,59.41,34.6,26.49,23.43,0,0,0,0,0,0
6.44,27.89,96.03,44.49,12.14,86.28,45.55,128.74,173.86,133.81,28.4,129.22,54.65,33.59,25.3,21.58,0,0,0,0,0,0
6.12,27.78,98.8,45.59,12.02,91.77,47.15,138.61,185.88,142.43,28.4,131.23,55.42,35.86,26.25,21.34,0,0,0,0,0,0
6.21,29.01,102.4,48.47,12.4,97.95,52.55,149.64,198.65,155.4,30.21,140.72,60.81,38.75,27.93,22.07,0,0,0,0,0,0
4.98,23.86,84.17,40.78,10.11,80.54,46.17,124.52,163.53,129.77,25.71,118.21,52.38,31.77,22.73,18.05,0,0,0,0,0,0
4.59,20.96,70.21,34.78,8.78,63.82,40.33,98.33,127.99,104.43,22.55,101.99,46.56,25.11,18.41,15.62,0,0,0,0,0,0
5.23,23.26,82.06,37.56,10.03,62.62,43.08,97.11,126.13,98.09,23.8,106.13,49.46,23.62,17.12,16.01,0,0,0,0,0,0
10.44,46.96,193.8,74.79,22.75,115.29,84.33,181.95,238.55,162.53,46.02,194.72,91.87,39.98,26.16,27.24,0,0,0,0,0,0
15.22,69.05,294.65,111.92,34.19,167.01,124.72,265.44,347.92,230.9,68.37,284.48,136.45,56.96,35.74,39.36,0,0,0,0,0,0
18.34,80.94,336.95,132.69,39.48,193.23,145.61,306.42,401.11,271.79,82.16,338.69,165.92,66.99,42.45,48.89,0,0,0,0,0,0
19.7,84.57,338.23,138.83,40.41,200.01,150.44,314.59,412.12,287.73,86.8,359.63,177.81,70.85,46.25,53.97,0,0,0,0,0,0
20.1,86.71,341.8,141.63,41.09,207.85,152.93,324.75,426.32,300.08,87.48,371.37,181.28,74.24,49.28,55.72,0,0,0,0,0,0
18.83,84.23,337.89,137.65,40.1,209.49,149.27,328.14,431.27,302.04,84.08,362.01,173.13,75.4,49.53,53.21,0,0,0,0,0,0
17.72,83.25,347.62,135.59,40.05,216.74,149.04,342.77,449.36,309.18,83.77,355.05,166.38,78.44,50.08,50.97,0,0,0,0,0,0
17.38,83.14,341.17,132.22,38.85,221.71,146.71,349.34,460.4,317.28,84.33,356.14,164.13,82.1,52.79,52.35,0,0,0,0,0,0
17.19,83.8,340.92,131.21,38.52,228.06,146.68,358.93,473.93,327.76,85.87,360.16,164.05,86.18,55.45,53.87,0,0,0,0,0,0
16.63,81.82,335.31,127.66,37.79,225.43,143.6,354.79,468.18,323.45,84.49,351.39,159.54,85.37,54.63,52.37,0,0,0,0,0,0
16.44,80.99,334.72,126.87,37.94,225.56,143.87,355.24,468.96,325.25,84.31,348.48,158.68,85.49,54.35,51.32,0,0,0,0,0,0
16.57,81.3,340.07,126.16,38.32,222.44,143.14,350.23,463.24,314.63,84.1,344.11,156.42,82.88,52.38,50.45,0,0,0,0,0,0
14.33,69.9,295.48,109.12,33.37,191.87,124.2,302.42,400.2,270.12,72.31,294.98,134.05,70.57,44.57,42.74,0,0,0,0,0,0
12.08,58.02,238.51,90.79,27.24,161.99,102.56,253.99,335.74,232,60.22,248.8,112.33,60.48,39.31,36.96,0,0,0,0,0,0
13.1,59.76,236.8,92.17,27.96,164.54,102.65,254.81,339.81,238.19,60.79,255.4,114.36,61.63,41.61,38.87,0,0,0,0,0,0
15.32,64.13,237.27,96.1,29.73,168.6,104.66,253.65,345.36,244.62,62.93,271.6,119.95,61.89,45.14,42.87,0,0,0,0,0,0
13.77,57.03,208.04,86.02,26.4,149.96,91.74,224.36,306.04,219.51,55.97,243.33,105.96,55.08,41.15,38.95,0,0,0,0,0,0
7.29,31.28,108.61,49.17,13.7,92.24,50.47,137.65,186.6,141.83,31.79,142.83,60.69,35.69,26.91,23.8,0,0,0,0,0,0
6.42,29.05,102.03,47.17,12.74,92.57,47.86,139.39,186.86,145.04,28.98,136.68,57.08,36.77,27.1,22.26,0,0,0,0,0,0
6.02,27.85,100.07,46.41,12.28,93.09,47.63,141.02,186.99,145.16,27.87,132.15,55.31,36.6,26.83,21.14,0,0,0,0,0,0
5.96,28.58,101.55,48.09,12.37,95.59,51.9,146.43,192.3,152.14,29.03,139,59.65,37.98,27.35,21.31,0,0,0,0,0,0
4.77,23.61,84.32,40.6,10.16,78.89,45.61,122.13,158.55,127.47,24.72,117.03,51.63,31.31,22.25,17.35,0,0,0,0,0,0
4.25,20.26,69.56,34.04,8.56,62.43,39.46,95.99,124.54,100.54,21.06,99.07,44.75,24.07,17.56,14.57,0,0,0,0,0,0
4.62,21.07,74.89,33.64,9.1,56.6,39.24,87.51,113.87,87.55,20.92,95.57,43.81,20.92,15.24,13.92,0,0,0,0,0,0
9.24,41.59,173.79,64.19,20.31,101.55,74.31,160,211.38,139.92,40.2,167.79,77.67,34.34,22.57,22.89,0,0,0,0,0,0
12.63,57.47,251.39,88.96,28.99,138.5,102.91,220.2,291.07,185.05,55.86,226.45,105.41,45.75,28.65,30.03,0,0,0,0,0,0
13.76,61.68,267.14,95.41,31.01,146.96,109.85,233.18,308.5,197.06,60.35,243.48,114.27,48.74,30.7,32.85,0,0,0,0,0,0
14.28,62.15,257.62,95.73,30.53,146.3,109.09,229.71,304.9,200.52,61.14,249.46,117.8,49.51,32.41,35.17,0,0,0,0,0,0
15.92,67.39,268.03,103.17,32.38,156.63,116.42,243.43,324.15,218.35,66.86,273.96,130.2,53.94,36.49,40.3,0,0,0,0,0,0
16.89,72.32,287.37,112.28,34.44,170.74,125.79,266.09,353.19,240.11,73.25,298.3,142.48,59.6,40.04,44.54,0,0,0,0,0,0
17.98,80.49,330.21,127.91,38.38,199.59,142.58,314.78,414.79,281.8,83.36,336.54,160.43,71,45.95,49.94,0,0,0,0,0,0
19.23,88.08,354.33,139.85,40.67,229.19,154.71,360.13,475.24,328.94,92.17,376.65,177.79,84.65,55,57.51,0,0,0,0,0,0
19.73,93.28,374.05,147.98,42.46,255.01,163.12,400.72,528.52,371.06,98.09,404.97,188.34,97.25,62.87,62.49,0,0,0,0,0,0
18.8,91.01,370.39,145.21,41.92,258.73,160.51,407.28,534.25,376.87,95.42,396.8,181.84,99.32,64.13,60.47,0,0,0,0,0,0
17.51,86.07,355.79,137.27,40.25,246.94,154.02,389.03,511.58,357.6,89.97,374.62,170.68,93.86,60.12,55.67,0,0,0,0,0,0
17.24,85.24,356.13,134.09,40.29,240.69,150.36,379.61,500.3,347.03,88.16,365.41,165.33,91.66,58.07,53.83,0,0,0,0,0,0
14.85,73.49,312.29,116.63,35.14,210.57,131.15,332.35,436.39,299.49,75.69,314.08,141.53,78.63,49.88,45.45,0,0,0,0,0,0
12.4,60.66,252.08,96.49,28.52,177.03,107.9,277.62,364.93,253.75,62.57,262.88,117.72,66.4,43.16,38.8,0,0,0,0,0,0
13.46,63.08,253.54,99.34,29.47,183.78,109.47,285.54,378.52,266.93,63.76,273.97,121.18,69.48,46.63,41.29,0,0,0,0,0,0
15.76,67.81,254.27,103.81,31.53,188.63,111.73,286.12,385.64,277.93,66.33,292.22,127.61,71.09,51.02,45.75,0,0,0,0,0,0
13.94,59.34,219.19,90.97,27.5,162.79,96.3,245.3,332.61,240.78,57.83,256.95,110.83,60.97,44.75,40.62,0,0,0,0,0,0
7.26,32.14,114.01,51.63,14.19,98.83,52.72,148.23,200.37,151.75,32.13,148.76,62.48,38.3,28.51,24.3,0,0,0,0,0,0
6.21,27.95,99.12,45.32,12.14,90.89,46.43,135.79,184.03,138.35,27.89,130.89,54.36,34.77,25.91,21.31,0,0,0,0,0,0
5.86,27.23,99.23,45.35,11.87,93.33,46.95,140.76,187.84,141.89,27.27,128.97,53.58,35.65,26.25,20.56,0,0,0,0,0,0
5.77,27.47,97.92,45.97,11.8,92.94,50.11,141.67,186.89,145.36,27.97,132.93,56.78,36.1,26.25,20.39,0,0,0,0,0,0
4.76,23.63,85.11,40.55,10.13,81.56,45.67,126.16,163.95,130.82,24.89,117.07,51.18,32.29,22.96,17.43,0,0,0,0,0,0
4.2,19.64,67.2,32.82,8.32,62.55,38.35,95.79,124.85,100.44,20.65,95.63,42.89,24.03,17.74,14.26,0,0,0,0,0,0
4.49,20.07,71.07,31.62,8.71,55.38,37.33,85.25,110.82,85.35,20.11,89.99,40.89,20.4,15.14,13.27,0,0,0,0,0,0
8.83,39.52,166.01,60.08,19.36,96.59,70.47,151.99,201.14,131.32,38.11,157.1,72.07,32.19,21.32,21.27,0,0,0,0,0,0
11.89,54.13,238.94,82.37,27.49,129.82,96.64,206.35,273.72,170.89,52.23,209.63,96.57,42.23,26.41,27.31,0,0,0,0,0,0
12.54,56.65,249.3,85.85,28.79,134.92,100.69,214.04,284.37,176.98,54.53,218.75,100.85,43.76,27.47,28.58,0,0,0,0,0,0
12.51,55.15,233.34,82.53,27.51,130.31,96.36,204.34,272.63,173.84,52.85,215.26,98.96,42.98,28.14,29.13,0,0,0,0,0,0
13.37,57.62,234.51,85,28.22,134.45,98.75,208.43,279.61,182.05,55,226.84,103.98,45.09,30.59,31.75,0,0,0,0,0,0
13.52,59.68,244.27,88.9,29.05,142.18,102.99,221.18,296.07,193.62,57.7,237.8,108.56,48.31,32.41,33.4,0,0,0,0,0,0
13.99,65.64,280.1,100.62,32.06,166.44,115.99,262.51,348.55,226.99,64.97,265.54,120.59,57.62,36.91,36.77,0,0,0,0,0,0
15.23,73.13,303.48,112.41,34.44,195.87,127.77,307.73,408.18,275.45,73.58,305.13,137.59,71.67,46.27,44.29,0,0,0,0,0,0
16.46,81.28,334.31,126.21,37.43,229.7,141.85,360.94,477.21,328.82,83.05,347.85,155.83,87.03,56.04,51.76,0,0,0,0,0,0
16.53,82.45,341.1,129.12,38.08,237.65,145,373.63,493.63,341.25,85.03,355.66,159.45,90.43,57.91,52.89,0,0,0,0,0,0
16.36,81.63,339.94,128.65,38.12,235.12,145.89,370.26,489.82,337.77,84.81,353.43,159.29,88.88,56.57,51.86,0,0,0,0,0,0
16.82,83.76,351.38,131.42,39.44,238.43,148.19,376.44,497.01,341.59,86.49,359.13,161.27,90.31,57.2,52.64,0,0,0,0,0,0
14.68,72.57,307.84,114.93,34.71,209.04,129.62,329.96,435.75,298.84,74.94,310.53,139.47,78.36,49.71,45.1,0,0,0,0,0,0
12.46,60.72,251.01,96.28,28.64,177.73,107.47,279,366.92,258.35,62.87,263.32,117.73,67.77,44.05,39.14,0,0,0,0,0,0
13.58,63.8,257.24,100.5,29.78,188.51,110.53,292.61,388.1,273.88,64.63,277.29,122.51,71.45,47.83,41.84,0,0,0,0,0,0
15.57,67.15,252.2,102.44,31.08,186.68,110.64,282.95,382.61,273.26,65.62,289.11,126,69.86,50.1,45.14,0,0,0,0,0,0
13.82,58.29,215.22,89.18,27.07,160.1,94.73,240.71,326.57,235.12,56.85,251.24,108.16,59.33,43.97,39.87,0,0,0,0,0,0
7.27,32.05,112.54,51.18,14.2,98.71,52.18,148.65,199.93,154.21,32.18,148.39,61.92,39.16,29.15,24.43,0,0,0,0,0,0
6.56,28.7,99.48,46.09,12.5,90.31,47.08,135.37,182.01,140.58,29.23,133.69,56.34,35.47,26.52,22.25,0,0,0,0,0,0
6.15,27.72,97.98,45.43,12.06,90.84,46.94,137.38,183.02,141.79,28.34,130.6,55.15,35.73,26.3,21.32,0,0,0,0,0,0
6.18,28.74,101.47,48,12.29,96.88,52.14,147.7,196.31,153.05,29.94,139.16,60.23,38.06,27.52,21.83,0,0,0,0,0,0
5.09,24.62,87.98,42.22,10.43,84.38,47.55,130.46,170.87,134.95,26.49,121.92,53.94,33.22,23.64,18.56,0,0,0,0,0,0
4.63,21.38,73.24,35.82,8.92,66.95,41.5,102.97,133.86,106.76,22.91,104.05,47.31,25.68,18.83,15.81,0,0,0,0,0,0
5.19,23.2,82.34,37.43,9.94,62.47,43.04,96.67,125.98,96.57,23.68,105.73,49.32,23.19,16.77,15.85,0,0,0,0,0,0
10.39,46.63,192.58,74.11,22.58,113.63,83.71,179.08,235.22,159.26,45.67,192.81,91.19,39.07,25.54,26.92,0,0,0,0,0,0
15.21,69.03,294.29,111.78,34.17,166.45,124.56,264.69,346.91,230.57,68.34,284.43,136.43,56.91,35.66,39.35,0,0,0,0,0,0
18.33,80.94,336.81,132.64,39.47,193,145.57,306.16,400.72,271.69,82.15,338.76,165.92,66.99,42.43,48.88,0,0,0,0,0,0
19.66,84.56,338.37,138.83,40.36,199.89,150.51,314.54,412.13,287.18,86.74,359.85,177.8,70.72,46.11,53.92,0,0,0,0,0,0
20.09,86.71,341.28,141.62,41.1,207.76,152.9,324.81,426.82,301.09,87.5,371.75,181.36,74.49,49.42,55.83,0,0,0,0,0,0
18.83,84.15,337.13,137.43,40.09,208.54,149.03,326.86,428.87,301.18,84,361.48,172.89,75.22,49.47,53.17,0,0,0,0,0,0
17.66,83.11,348.12,135.52,39.9,216.73,149.21,342.58,448.8,306.3,83.5,354.22,165.9,77.61,49.61,50.68,0,0,0,0,0,0
17.55,83.89,345.13,133.71,39.24,225.67,148.11,355.21,466.59,321.87,85.13,359.1,165.5,83.37,53.77,52.84,0,0,0,0,0,0
17.4,84.95,346.72,133.16,39.03,233.23,148.46,366.53,482.92,334.14,87.09,364.93,166.35,88.02,56.6,54.56,0,0,0,0,0,0
16.82,82.88,339.4,129.47,38.3,229.72,145.2,361.73,476.07,331.23,85.63,356.47,161.71,87.61,56.1,53.22,0,0,0,0,0,0
16.5,81.3,336.92,127.61,38.08,227.4,144.72,358.01,470.96,325.7,84.56,349.46,159.03,85.61,54.64,51.41,0,0,0,0,0,0
16.55,81.08,338.91,125.77,38.23,221.34,142.82,348.47,460.82,312.75,83.88,342.91,155.91,82.33,52.12,50.32,0,0,0,0,0,0
14.46,70.54,297.17,109.96,33.7,193.23,124.81,304.97,402.12,274.37,73.01,297.85,135.33,71.92,45.42,43.27,0,0,0,0,0,0
12.26,58.97,242.28,92.66,27.71,166.93,104.29,261.84,345.79,240.68,61.26,253.85,114.36,62.83,40.89,37.85,0,0,0,0,0,0
13.13,60.07,239.19,93.06,28.06,167.27,103.69,258.88,344.82,240.04,61.05,256.95,114.86,62.05,42,39.03,0,0,0,0,0,0
15.37,64.64,239.36,96.99,29.91,170.84,105.52,257.39,350.39,248.6,63.44,274.56,121.09,63.04,45.77,43.28,0,0,0,0,0,0
13.77,57.22,208.78,86.44,26.44,151.37,92.22,226.62,310.06,222.04,56.16,244.91,106.5,55.72,41.48,39.17,0,0,0,0,0,0
7.27,31.09,108.48,49.18,13.63,92.62,50.64,138.08,187.02,140.77,31.57,141.99,60.19,35.27,26.82,23.66,0,0,0,0,0,0
6.41,27.82,95.66,44.41,12.09,85.97,45.53,128.4,173.48,133.37,28.3,129.14,54.51,33.46,25.21,21.54,0,0,0,0,0,0
6.11,27.5,97.3,44.96,11.94,89.7,46.51,135.39,180.54,139.26,28.1,129.21,54.66,35.04,25.83,21.07,0,0,0,0,0,0
6.14,28.38,99.24,46.92,12.14,93.29,50.96,142.26,188.07,148.45,29.57,136.63,59.38,36.98,26.78,21.46,0,0,0,0,0,0
5.12,24.55,87.77,42.08,10.45,83.61,47.4,129.33,167.65,133.16,26.39,120.89,53.54,32.79,23.53,18.42,0,0,0,0,0,0
4.58,20.81,70.06,34.56,8.71,63.39,40.18,97.38,126.63,102.48,22.38,100.89,46.16,24.54,18.09,15.42,0,0,0,0,0,0
5.13,22.73,79.88,36.46,9.76,59.88,42.08,92.56,120.82,93.16,23.22,103.22,48.35,22.25,16.18,15.53,0,0,0,0,0,0
10.39,46.69,192.49,74.17,22.61,113.57,83.73,179.2,235.24,160,45.74,193.27,91.34,39.31,25.67,27.01,0,0,0,0,0,0
15.2,68.9,293.98,111.55,34.12,165.89,124.36,263.67,345.33,229.01,68.2,283.5,136.09,56.48,35.42,39.2,0,0,0,0,0,0
18.31,80.74,336.14,132.29,39.38,192.19,145.25,304.73,398.93,269.86,81.94,337.54,165.46,66.46,42.11,48.7,0,0,0,0,0,0
19.65,84.43,338.05,138.64,40.3,199.6,150.36,313.91,411.5,286.13,86.61,359.08,177.52,70.39,45.93,53.8,0,0,0,0,0,0
20.09,86.51,340.8,141.29,41.04,206.86,152.61,323.22,423.9,298.56,87.28,370.2,180.79,73.8,49.09,55.59,0,0,0,0,0,0
18.82,84.11,337.78,137.6,40.05,209.47,149.32,328.01,430.71,300.84,83.93,361.29,172.76,75.02,49.41,53.09,0,0,0,0,0,0
17.66,83.04,347.53,135.38,39.88,216.78,149.02,342.43,450.07,307.29,83.51,354.16,165.97,77.8,49.65,50.76,0,0,0,0,0,0
17.51,83.47,342.36,132.92,39.1,223.98,147.27,352.48,465.04,321.46,84.81,357.63,164.93,83.14,53.55,52.78,0,0,0,0,0,0
17.3,84.01,341.71,131.14,38.68,227.67,146.39,357.68,471.37,326.84,86.19,359.58,164.38,86.05,55.37,53.89,0,0,0,0,0,0
16.61,81.56,334.13,127.04,37.66,223.98,143.01,352.11,465.35,320.81,84.26,349.69,159.04,84.62,54.13,52.16,0,0,0,0,0,0
16.48,81.14,335.21,127.22,38.03,226.18,144.26,356.41,469.65,326.14,84.45,349.25,158.89,85.74,54.64,51.47,0,0,0,0,0,0
16.55,81.09,338.94,125.86,38.23,221.48,142.94,348.84,460.98,312.97,83.87,343.08,155.89,82.38,52.2,50.34,0,0,0,0,0,0
14.44,70.45,297.99,110.36,33.64,195.26,125.45,307.76,406.81,275.09,72.89,297.92,135.14,71.86,45.54,43.24,0,0,0,0,0,0
12.27,59.22,242.66,92.92,27.81,166.95,104.46,262.42,345.84,242.29,61.5,255.33,114.9,63.42,41.18,38.05,0,0,0,0,0,0
13.17,60.49,239.95,93.41,28.23,167.43,103.86,259.68,345.52,242.81,61.49,259.24,115.86,63.02,42.41,39.37,0,0,0,0,0,0
15.46,65.42,242.99,98.55,30.23,174.8,107.05,263.91,358.32,254.64,64.2,278.89,122.7,64.73,46.85,43.87,0,0,0,0,0,0
13.89,58.01,212.61,88.27,26.8,156.4,94.04,234.69,320.39,229.51,56.97,249.52,108.15,57.69,42.84,39.87,0,0,0,0,0,0
7.32,31.33,108.19,49.36,13.78,92.7,50.61,138.57,188.01,144.01,31.9,143.49,60.87,36.24,27.32,24.01,0,0,0,0,0,0
6.61,28.59,99.05,45.92,12.57,89.71,46.83,134.23,179,139.2,29.16,132.22,55.89,35.1,26.5,22.13,0,0,0,0,0,0
6.17,27.79,99.16,45.77,12.1,91.93,47.36,138.86,184.19,141.53,28.38,130.6,55.13,35.61,26.36,21.27,0,0,0,0,0,0
6.11,28,98.06,46.48,12.02,92.62,50.62,140.82,186.41,146.12,29.19,134.49,58.5,36.19,26.44,21.18,0,0,0,0,0,0
5.08,24.3,85.79,41.41,10.35,81.64,46.66,126.42,164.52,132.05,26.18,119.89,53.19,32.53,23.25,18.33,0,0,0,0,0,0
4.58,21.12,71.31,34.97,8.78,64.26,40.57,98.96,128.88,104.2,22.66,102.7,46.88,25.1,18.29,15.61,0,0,0,0,0,0
5.18,22.96,81.06,36.82,9.87,60.82,42.37,93.88,122.23,94.34,23.48,104.01,48.81,22.6,16.4,15.65,0,0,0,0,0,0
10.41,46.83,193.22,74.47,22.67,114.4,84.03,180.5,236.85,161.05,45.87,193.99,91.61,39.59,25.86,27.11,0,0,0,0,0,0
15.24,69.16,294.77,112.02,34.24,167.04,124.76,265.66,348.1,231.77,68.49,285.11,136.72,57.25,35.88,39.47,0,0,0,0,0,0
18.34,81,337.15,132.74,39.5,193.27,145.65,306.54,401.17,271.98,82.22,338.98,166.04,67.08,42.48,48.91,0,0,0,0,0,0
19.66,84.51,338.18,138.73,40.33,199.71,150.42,314.19,411.81,286.77,86.69,359.54,177.7,70.59,46.03,53.88,0,0,0,0,0,0
20.05,86.4,339.85,140.98,40.96,206.04,152.29,322.08,423.38,298.48,87.18,370.12,180.73,73.79,48.95,55.58,0,0,0,0,0,0
18.8,84.03,337.3,137.37,39.99,208.96,149.09,327.17,430.25,300.39,83.85,361.01,172.68,74.89,49.25,53.04,0,0,0,0,0,0
17.73,83.32,348.86,135.89,40.06,217.71,149.46,344,450.34,308.3,83.78,354.98,166.34,78.16,50.01,50.89,0,0,0,0,0,0
17.64,84.18,345.68,134.35,39.46,227.66,148.59,358.3,471.62,326.98,85.56,361.03,166.32,84.67,54.63,53.32,0,0,0,0,0,0
17.39,84.56,343.29,132.38,38.97,230.98,147.54,363.34,479.43,334.36,86.82,363.5,165.74,88.03,56.66,54.6,0,0,0,0,0,0
16.77,82.66,338.64,129.15,38.18,229.03,144.97,360.62,475,329.66,85.38,355.56,161.26,87.14,55.8,53.05,0,0,0,0,0,0
16.39,80.98,334.96,126.95,37.85,225.57,144.15,355.51,469.09,324.22,84.2,348.85,158.59,85.21,54.19,51.26,0,0,0,0,0,0
16.57,81.32,340.22,126.3,38.31,222.75,143.39,350.78,463.72,314.55,84.1,344.36,156.41,82.82,52.43,50.48,0,0,0,0,0,0
14.46,70.52,297.9,110.48,33.7,195.3,125.51,308.06,406.78,276.03,72.98,298.4,135.29,72.16,45.75,43.35,0,0,0,0,0,0
12.31,59.39,244.28,93.44,27.88,169.15,105.01,265.25,350.76,244.2,61.72,256.2,115.36,63.8,41.42,38.18,0,0,0,0,0,0
13.21,60.52,239.87,93.58,28.3,168.32,103.97,260.83,347.9,244.85,61.61,259.53,116.04,63.46,42.75,39.54,0,0,0,0,0,0
15.4,64.83,240.17,97.53,30.03,171.78,106.08,259.3,351.19,249.95,63.59,275.58,121.28,63.44,46.22,43.42,0,0,0,0,0,0
13.71,56.94,207.79,86.1,26.3,150.17,92.03,225.07,307.02,219.34,55.79,243.65,105.73,54.98,41.14,38.91,0,0,0,0,0,0
7.18,30.7,106.25,48.31,13.42,89.94,49.82,134.2,182.02,137.49,31.13,140.24,59.39,34.43,26.21,23.36,0,0,0,0,0,0
6.48,28.54,99.74,46.14,12.35,90.87,47.38,136.21,183.62,139.39,28.97,133.44,55.97,35.03,26.28,22.08,0,0,0,0,0,0
6.08,27.49,97.95,45.24,11.89,90.78,46.96,137.08,183.05,139.53,28.03,129.63,54.61,35.01,25.88,21.05,0,0,0,0,0,0
6.22,28.96,103.08,48.55,12.39,98.6,52.71,150.15,199.3,154.37,30.16,140.02,60.6,38.37,27.79,21.94,0,0,0,0,0,0
5.13,24.61,87.5,42.2,10.5,84.02,47.46,130.06,169.38,135.19,26.51,121.64,53.82,33.31,23.82,18.61,0,0,0,0,0,0
4.6,21.01,71.06,35.19,8.81,65.37,40.86,100.53,131.3,105.55,22.6,102.49,46.64,25.28,18.61,15.69,0,0,0,0,0,0
5.17,22.94,80.77,36.95,9.86,61.23,42.54,94.74,123.81,95.53,23.46,104.54,48.84,22.87,16.59,15.75,0,0,0,0,0,0
10.42,46.88,193.75,74.66,22.68,115.2,84.24,181.58,238.87,161.81,45.94,194.41,91.79,39.74,25.94,27.16,0,0,0,0,0,0
15.22,69.04,294.65,111.8,34.18,166.67,124.59,264.82,347.1,230.22,68.35,284.22,136.42,56.8,35.6,39.31,0,0,0,0,0,0
18.31,80.8,336.38,132.4,39.41,192.51,145.36,305.23,399.63,270.42,82,337.89,165.6,66.61,42.21,48.75,0,0,0,0,0,0
19.66,84.48,338.23,138.76,40.33,199.94,150.48,314.45,412.22,286.77,86.67,359.38,177.63,70.55,46.05,53.86,0,0,0,0,0,0
20.12,86.65,341.09,141.46,41.12,207.48,152.68,324.07,425.78,300.48,87.49,370.99,181.23,74.32,49.34,55.77,0,0,0,0,0,0
18.77,83.73,335.58,136.66,39.89,207.02,148.33,324.03,426.34,298.08,83.58,359.23,172.09,74.28,48.83,52.83,0,0,0,0,0,0
17.75,83.55,349.1,136.28,40.16,218.59,149.77,345.77,453.34,311.73,84.06,356.92,167.02,79.11,50.52,51.23,0,0,0,0,0,0
17.58,84.06,344.46,133.78,39.35,225.46,147.99,355.32,467.33,324.89,85.39,360.49,166.09,84.27,54.21,53.17,0,0,0,0,0,0
17.32,84.09,343.04,131.61,38.73,228.94,146.99,359.63,472.48,326.49,86.2,359.68,164.27,85.91,55.5,53.83,0,0,0,0,0,0
16.82,82.57,338.87,129.27,38.22,230.13,145.1,361.7,477.02,330.19,85.37,354.83,161.08,87.1,55.93,53.05,0,0,0,0,0,0
16.52,81.5,337.28,128.16,38.17,229.23,145.26,361.03,476.53,330.17,84.82,351.56,159.72,86.72,55.29,51.81,0,0,0,0,0,0
16.56,81.04,338.88,125.86,38.23,221.68,142.95,348.99,461.33,312.97,83.84,342.78,155.78,82.33,52.22,50.32,0,0,0,0,0,0
14.42,70.25,295.45,109.46,33.58,191.77,124.34,302.92,399.65,273.06,72.72,296.78,134.79,71.55,45.2,43.14,0,0,0,0,0,0
12.22,58.82,240.69,92,27.64,164.62,103.51,258.52,341.43,239.05,61.13,253.05,114.15,62.53,40.54,37.74,0,0,0,0,0,0
13.24,60.42,238.84,93.18,28.32,166.9,103.44,258.64,344.35,243.73,61.56,258.52,115.79,63.24,42.62,39.47,0,0,0,0,0,0
15.54,65.32,240.71,98.22,30.38,173.16,106.45,261.81,354.23,255.85,64.24,278.12,122.46,65.12,47.3,44.05,0,0,0,0,0,0
13.79,57.28,209.98,87.07,26.49,153.16,93.04,229.53,312.63,222.64,56.14,245.38,106.36,55.77,41.8,39.19,0,0,0,0,0,0
7.32,31.46,110.44,50.02,13.79,94.95,51.5,141.78,191.68,143.83,31.93,144.04,60.93,36.08,27.37,23.94,0,0,0,0,0,0
6.56,28.8,100.17,46.23,12.52,90.93,47.21,136.13,183.6,141.16,29.34,134.17,56.62,35.62,26.53,22.3,0,0,0,0,0,0
6.07,27.27,96.44,44.67,11.84,89.12,46.3,134.45,179.71,138.08,27.87,128.3,54.21,34.65,25.62,20.93,0,0,0,0,0,0
6.26,28.91,102.18,48.34,12.46,97.46,52.38,148.61,195.84,153.83,30.15,139.34,60.38,38.31,27.86,21.93,0,0,0,0,0,0
5.13,24.41,86.8,41.87,10.45,83.25,47.15,128.66,167.32,133.47,26.32,120.31,53.34,32.81,23.58,18.44,0,0,0,0,0,0
4.56,20.84,70.67,34.67,8.68,64.08,40.36,98.21,128.43,102.59,22.4,101.09,46.26,24.51,18.03,15.41,0,0,0,0,0,0
5.21,23.19,82.12,37.44,9.98,62.39,43.01,96.6,125.42,96.83,23.7,105.58,49.27,23.26,16.89,15.89,0,0,0,0,0,0
10.43,46.9,193.99,74.78,22.71,115.38,84.39,181.93,238.43,161.62,45.94,194.31,91.69,39.7,26.02,27.14,0,0,0,0,0,0
15.23,69.04,294.6,111.92,34.2,166.92,124.72,265.32,347.36,230.63,68.35,284.29,136.36,56.89,35.74,39.35,0,0,0,0,0,0
18.33,80.89,336.8,132.61,39.46,192.93,145.56,306.01,400.32,271.11,82.09,338.43,165.77,66.82,42.36,48.82,0,0,0,0,0,0
19.68,84.66,338.95,139.04,40.4,200.5,150.72,315.46,413.18,287.84,86.85,360.27,177.99,70.89,46.25,53.98,0,0,0,0,0,0
20.05,86.45,340.31,141.1,40.97,206.41,152.43,322.59,423.89,298.5,87.22,370.28,180.8,73.8,48.97,55.58,0,0,0,0,0,0
18.8,84.02,336.5,137.19,40.02,207.95,148.82,325.93,427.95,300.32,83.86,360.91,172.64,74.97,49.29,53.08,0,0,0,0,0,0
17.74,83.69,350.51,136.84,40.17,220.43,150.5,348.62,457.25,312.88,84.12,357.99,167.24,79.33,50.73,51.29,0,0,0,0,0,0
17.54,83.64,343.08,133.19,39.19,224.21,147.52,353.11,464.43,321.7,84.95,358.19,165.12,83.3,53.72,52.83,0,0,0,0,0,0
17.35,84.58,343.61,132.16,38.9,230.13,147.33,362.03,477.45,332.42,86.78,363.29,165.74,87.63,56.25,54.44,0,0,0,0,0,0
16.7,82.19,337.23,128.37,37.95,227.55,144.3,357.77,472.28,325.9,84.91,352.99,160.31,86,55.07,52.64,0,0,0,0,0,0
16.43,81.03,334.93,126.94,37.93,224.96,144.06,354.76,466.32,323.48,84.25,348.47,158.49,85.12,54.26,51.24,0,0,0,0,0,0
16.56,81.06,338.17,125.79,38.27,220.86,142.83,348.24,459.39,313.27,83.85,343.04,155.78,82.51,52.36,50.39,0,0,0,0,0,0
14.42,70.25,296.12,109.63,33.58,192.53,124.57,303.85,400.81,272.77,72.71,296.6,134.71,71.4,45.18,43.08,0,0,0,0,0,0
12.26,59.17,243.62,93,27.74,167.88,104.66,263.27,347.75,241.26,61.43,254.85,114.78,63.03,40.93,37.9,0,0,0,0,0,0
13.05,59.45,236.31,91.73,27.79,163.62,102.4,253.02,337.02,234.28,60.41,253.33,113.51,60.51,41.01,38.49,0,0,0,0,0,0
15.32,64.39,238.97,96.88,29.8,170.1,105.64,256.62,347.08,245.32,63.04,273.19,120.17,62.14,45.49,42.96,0,0,0,0,0,0
13.8,57.35,209.58,87.04,26.53,152.65,92.92,229.08,311.74,223.43,56.23,245.9,106.56,56.07,41.95,39.3,0,0,0,0,0,0
7.16,30.43,104.98,47.67,13.32,88.3,49.15,131.4,178.48,134.94,30.88,138.45,58.82,33.75,25.75,23.12,0,0,0,0,0,0
6.36,28.65,101.01,46.39,12.54,91.12,47.15,136.36,184,141,28.58,134.11,56.28,35.58,26.28,21.83,0,0,0,0,0,0
6.07,28.52,102.84,47.48,12.51,95.64,48.64,145.32,192.86,149.88,28.53,135.98,56.84,38,27.52,21.63,0,0,0,0,0,0
6.04,28.95,103.49,48.83,12.56,97.54,52.61,149.37,195.49,154.49,29.42,140.55,60.33,38.62,27.83,21.54,0,0,0,0,0,0
4.88,24.03,86.01,41.55,10.43,81.43,46.47,126.12,163.43,131.93,25.21,119.22,52.5,32.47,23.12,17.78,0,0,0,0,0,0
4.21,19.87,67.82,33.44,8.42,60.94,38.94,93.58,121.49,97.98,20.67,97.08,43.88,23.29,17.17,14.31,0,0,0,0,0,0
4.67,21.23,75.44,33.85,9.21,57.04,39.36,88.16,114.26,88.53,21.11,96.04,44.11,21.23,15.46,14.03,0,0,0,0,0,0
9.24,41.63,173.86,64.14,20.32,101.28,74.22,159.59,210.65,139.61,40.23,167.78,77.73,34.31,22.51,22.87,0,0,0,0,0,0
12.59,57.24,250.48,88.5,28.88,137.34,102.47,218.25,288.69,182.98,55.63,225.15,104.94,45.17,28.27,29.83,0,0,0,0,0,0
13.74,61.55,266.6,95.17,30.94,146.31,109.63,232.15,307.19,195.92,60.21,242.81,113.99,48.43,30.5,32.74,0,0,0,0,0,0
14.3,62.23,258.09,95.84,30.58,146.63,109.18,230.12,305.26,200.79,61.23,249.65,117.94,49.6,32.47,35.2,0,0,0,0,0,0
15.93,67.48,268.62,103.31,32.42,157.09,116.55,244.02,324.91,218.66,66.95,274.22,130.37,54.03,36.54,40.32,0,0,0,0,0,0
16.92,72.55,288.2,112.65,34.53,171.67,126.1,267.62,355.41,242.11,73.5,299.62,143.03,60.17,40.34,44.74,0,0,0,0,0,0
17.96,80.6,331.41,128.15,38.36,200.59,142.89,316.09,417.18,281.96,83.44,337.15,160.7,71.02,45.87,49.93,0,0,0,0,0,0
19.23,87.9,353.41,139.58,40.63,228.55,154.44,359.08,473.83,328.09,92.01,375.66,177.39,84.37,54.9,57.42,0,0,0,0,0,0
19.74,93.24,373.47,147.8,42.48,254.07,162.87,399.46,525.87,370.26,98.05,404.49,188.16,97.11,62.83,62.44,0,0,0,0,0,0
18.64,90.42,368.19,143.63,41.52,254.34,159.01,400.17,525.33,368.82,94.72,393.19,180.6,97.28,62.54,59.73,0,0,0,0,0,0
17.38,85.6,353.35,136.31,39.95,244.5,153.16,385.37,508.43,354.74,89.47,373.04,169.92,93.06,59.42,55.38,0,0,0,0,0,0
17.22,85.45,358.37,134.97,40.3,243.7,151.47,384.18,507.01,349.19,88.3,367.18,165.76,92.08,58.4,53.96,0,0,0,0,0,0
14.86,73.71,312.89,117.15,35.21,212.43,131.66,335.31,442.24,303.74,75.97,316.22,142.3,79.68,50.42,45.82,0,0,0,0,0,0
12.65,62.27,258.44,99.52,29.26,185.33,110.61,290.84,383.55,269.41,64.36,272.05,121.47,70.67,45.72,40.31,0,0,0,0,0,0
13.58,63.43,254.74,100.17,29.75,186.42,110.16,289.44,384.12,272.13,64.25,275.82,122.02,70.78,47.58,41.77,0,0,0,0,0,0
15.7,67.53,253.55,103.41,31.37,187.78,111.47,284.68,383.98,275.37,65.99,290.87,126.98,70.33,50.56,45.48,0,0,0,0,0,0
13.93,59.27,219.94,91.06,27.45,163.37,96.52,245.86,332.89,239.17,57.7,256.19,110.49,60.46,44.54,40.43,0,0,0,0,0,0
7.25,32.21,115.09,51.84,14.18,99.25,53.04,148.9,200.1,150.46,32.1,148.76,62.4,37.99,28.38,24.18,0,0,0,0,0,0
6.23,27.73,97.33,44.7,12.14,88.47,45.69,132.32,177.67,135.98,27.69,129.18,53.74,34.25,25.7,21.15,0,0,0,0,0,0
5.93,27.68,99.57,45.73,12.11,93.22,47.07,141.38,187.53,145.27,27.76,131.3,54.57,36.82,26.88,20.99,0,0,0,0,0,0
6.04,28.91,103.76,48.75,12.54,99.78,52.61,152.91,199.83,157.6,29.51,140.38,59.74,39.54,28.57,21.61,0,0,0,0,0,0
4.84,23.76,85.21,40.62,10.3,81.25,45.56,125.71,161.69,131.09,25.08,116.86,51.28,32.46,23.19,17.51,0,0,0,0,0,0
4.15,19.67,67.75,32.81,8.25,62.49,38.43,95.76,124.98,99.49,20.61,95.94,42.97,23.82,17.48,14.17,0,0,0,0,0,0
4.35,19.58,69.16,30.66,8.37,53.19,36.53,81.71,107.93,81.43,19.55,88.02,40.03,19.29,14.23,12.86,0,0,0,0,0,0
8.82,39.47,165.65,59.85,19.34,96.03,70.2,150.99,200.17,130.73,38.08,156.65,72.01,32.04,21.16,21.22,0,0,0,0,0,0
11.9,54.18,239.26,82.51,27.52,130.25,96.77,206.97,274.46,171.39,52.29,209.86,96.67,42.35,26.52,27.35,0,0,0,0,0,0
12.55,56.75,249.62,86.04,28.84,135.35,100.86,214.8,285.24,177.97,54.64,219.35,101.07,44.04,27.66,28.68,0,0,0,0,0,0
12.52,55.23,233.56,82.69,27.55,130.7,96.51,205.03,273.55,174.78,52.94,215.77,99.14,43.23,28.31,29.22,0,0,0,0,0,0
13.38,57.67,234.65,85.12,28.25,134.75,98.87,208.95,280.21,182.62,55.04,227.13,104.06,45.24,30.71,31.8,0,0,0,0,0,0
13.54,59.8,244.9,89.15,29.12,142.84,103.23,222.21,297.14,194.46,57.83,238.35,108.78,48.54,32.59,33.48,0,0,0,0,0,0
14.05,66.03,281.88,101.44,32.23,168.64,116.78,266.06,353.11,230.51,65.38,267.77,121.43,58.58,37.53,37.11,0,0,0,0,0,0
15.28,73.23,302.98,112.45,34.56,195.58,127.66,307.56,407.52,277.11,73.76,305.66,137.86,72.19,46.61,44.49,0,0,0,0,0,0
16.35,80.17,328.25,123.66,37.03,221.9,139.22,348.93,459.59,318.21,81.92,341,153.27,84.32,54.39,50.83,0,0,0,0,0,0
16.57,82.34,340.05,128.73,38.12,236.28,144.47,371.47,489.92,340.17,84.99,354.5,159.16,90.2,57.83,52.82,0,0,0,0,0,0
16.63,82.7,343.07,130.21,38.77,238.41,146.93,375.72,495.3,346.66,86.09,358.14,161.57,91.52,58.27,52.83,0,0,0,0,0,0
16.89,83.66,351.63,131.19,39.48,238.5,147.86,375.56,496.12,340.15,86.49,357.4,161.02,89.83,56.96,52.48,0,0,0,0,0,0
14.66,72.65,308,114.92,34.69,208.82,129.6,329.79,435.87,299.03,75,311.16,139.73,78.49,49.64,45.14,0,0,0,0,0,0
12.51,61.28,252.93,97.38,28.85,181.08,108.48,284.37,376.15,265.49,63.51,267.33,119.28,69.64,45.06,39.8,0,0,0,0,0,0
13.41,62.74,251.53,98.37,29.31,183.06,108.43,284.03,378.93,267.56,63.61,272.43,120.57,69.65,46.55,41.22,0,0,0,0,0,0
15.74,67.77,254.67,103.76,31.5,189.82,111.79,288.08,387.36,278.74,66.32,291.88,127.11,71.38,51.33,45.69,0,0,0,0,0,0
13.85,58.82,217.68,90.08,27.23,162.25,95.61,244.34,331.23,238.46,57.35,254.25,109.32,60.34,44.48,40.22,0,0,0,0,0,0
7.12,31.36,110.83,50.18,13.81,96.54,51.5,144.92,195.38,147.65,31.35,144.89,60.34,37.25,28,23.73,0,0,0,0,0,0
6.37,27.94,96.75,44.71,12.05,86.85,45.96,129.87,175.68,133.59,28.34,130.11,54.75,33.52,25.18,21.54,0,0,0,0,0,0
6.29,28.69,102.42,47.1,12.48,94.89,48.46,143.92,190.36,147.99,29.33,135.23,57.11,37.57,27.43,21.96,0,0,0,0,0,0
6.35,29.5,104.97,49.42,12.71,100.15,53.38,152.91,200.74,157.74,30.74,142.18,61.56,39.44,28.58,22.33,0,0,0,0,0,0
5.18,24.77,88.45,42.43,10.6,84.71,47.62,130.87,170.15,135.73,26.7,121.92,54.11,33.47,23.94,18.67,0,0,0,0,0,0
4.6,20.88,70.01,34.55,8.77,63.18,40.08,97.09,126,102.94,22.49,101.05,46.32,24.72,18.18,15.49,0,0,0,0,0,0
5.22,23.06,81.59,37.17,9.95,61.96,42.71,95.59,124.61,96.02,23.61,104.63,49.03,22.99,16.72,15.8,0,0,0,0,0,0
10.39,46.66,192.89,74.28,22.59,114.27,83.9,180.02,236.77,160,45.71,193.13,91.28,39.22,25.65,26.97,0,0,0,0,0,0
15.2,68.85,293.79,111.54,34.12,166.03,124.37,263.83,345.77,229.22,68.17,283.34,136.01,56.49,35.46,39.2,0,0,0,0,0,0
18.3,80.68,335.86,132.2,39.36,191.95,145.17,304.35,398.51,269.57,81.89,337.32,165.36,66.38,42.06,48.67,0,0,0,0,0,0
19.66,84.42,337.69,138.57,40.32,199.31,150.25,313.51,410.91,286.35,86.63,359.02,177.52,70.46,45.98,53.84,0,0,0,0,0,0
20.02,86.2,339.29,140.66,40.87,205.21,152.03,320.67,421.07,296.26,86.95,368.82,180.2,73.17,48.63,55.36,0,0,0,0,0,0
18.78,83.88,336.17,136.94,39.95,207.44,148.61,324.96,426.78,298.85,83.71,360.03,172.33,74.54,49.03,52.93,0,0,0,0,0,0
17.71,83.27,348.63,135.98,40.02,218.3,149.62,344.97,452.7,309.51,83.74,355.44,166.38,78.39,50.14,50.97,0,0,0,0,0,0
17.48,83.53,342.92,133.07,39.08,224.04,147.51,352.86,464.59,320.72,84.78,357.94,164.9,83,53.49,52.72,0,0,0,0,0,0
17.28,84.05,341.62,131.44,38.68,228.48,146.78,359.34,473.94,328.8,86.2,360.67,164.53,86.52,55.7,54.05,0,0,0,0,0,0
16.74,82.27,336.89,128.42,38.04,227.12,144.27,357.5,470.8,326.58,85,353.32,160.4,86.27,55.3,52.75,0,0,0,0,0,0
16.46,81.51,337.22,128.16,38.09,228.89,145.34,360.95,476.47,329.92,84.76,352.22,159.78,86.72,55.19,51.79,0,0,0,0,0,0
16.51,80.88,336.85,125.18,38.16,219.02,142.16,345.45,456.31,311.58,83.68,342.19,155.53,82.13,51.95,50.26,0,0,0,0,0,0
14.54,71.14,300.92,111.72,33.96,198.44,126.73,313.17,412.76,280.47,73.58,301.65,136.52,73.41,46.57,43.78,0,0,0,0,0,0
12.2,58.92,242.17,92.56,27.61,166.7,104.27,261.62,346.19,240.21,61.16,254.1,114.35,62.71,40.69,37.79,0,0,0,0,0,0
13.18,60.44,239.85,93.54,28.23,168.3,104.01,260.82,348.01,244.14,61.49,259.33,115.86,63.24,42.61,39.46,0,0,0,0,0,0
15.47,65.15,241.37,98.17,30.2,173.72,106.64,262.27,355.71,253.72,63.98,277.45,122.08,64.42,46.83,43.78,0,0,0,0,0,0
13.73,57.22,209.01,86.61,26.39,151.76,92.51,227.52,311.2,222.19,56.09,245.47,106.48,55.74,41.51,39.17,0,0,0,0,0,0
7.21,30.73,106.62,48.5,13.47,90.61,50.01,135.11,182.93,138,31.18,140.24,59.39,34.52,26.37,23.4,0,0,0,0,0,0
6.39,27.66,96.19,44.5,12.01,86.45,45.83,128.96,173.14,131.11,28.05,128.03,53.88,32.75,24.99,21.28,0,0,0,0,0,0
6.14,27.89,99.58,45.71,12.05,91.67,47.3,138.52,184.35,141.22,28.44,131.22,55.43,35.62,26.15,21.26,0,0,0,0,0,0
6.23,28.78,102.51,48.09,12.34,97.36,52.2,147.88,195.81,151.75,29.99,138.33,60.14,37.69,27.38,21.7,0,0,0,0,0,0
5.2,24.98,89.88,42.71,10.64,85.57,47.88,131.96,171.71,136.03,26.9,122.65,54.55,33.6,23.92,18.7,0,0,0,0,0,0
4.63,21.14,72.25,35.32,8.86,65.79,40.95,100.81,131.15,104.75,22.72,102.36,46.81,25.1,18.49,15.62,0,0,0,0,0,0
5.15,22.82,80.41,36.77,9.81,60.89,42.39,94.09,123.1,94.66,23.34,103.88,48.59,22.6,16.44,15.65,0,0,0,0,0,0
10.43,46.98,194.2,74.86,22.72,115.61,84.46,182.33,239.36,162.36,46.02,194.89,91.93,39.92,26.09,27.22,0,0,0,0,0,0
15.24,69.18,295.1,112.15,34.25,167.65,124.92,266.45,349.43,232.22,68.51,285.23,136.76,57.31,35.95,39.49,0,0,0,0,0,0
18.32,80.85,336.67,132.56,39.43,193.08,145.53,306.09,401.12,271.33,82.07,338.34,165.76,66.83,42.33,48.83,0,0,0,0,0,0
19.66,84.49,338.13,138.72,40.33,199.77,150.42,314.24,412.02,286.83,86.68,359.48,177.68,70.59,46.04,53.88,0,0,0,0,0,0
20.08,86.51,340.76,141.35,41.03,207.26,152.68,323.81,425.49,299.49,87.3,370.58,180.91,74.01,49.17,55.66,0,0,0,0,0,0
18.88,84.31,338.17,137.82,40.18,209.85,149.4,328.65,431.35,302.57,84.19,362.1,173.22,75.55,49.72,53.28,0,0,0,0,0,0
17.72,83.48,349.43,136.33,40.07,219.53,149.93,346.81,456.46,312.08,83.99,356.95,167.03,79.06,50.42,51.2,0,0,0,0,0,0
17.65,84.44,346.78,134.94,39.54,228.91,149.24,360.72,474.17,329.05,85.76,362.83,166.81,85.27,55.04,53.53,0,0,0,0,0,0
17.36,84.56,344.6,132.74,38.91,232.57,148.12,365.5,482.63,333.98,86.74,363.64,165.64,87.79,56.59,54.5,0,0,0,0,0,0
16.81,82.7,338.84,129.19,38.24,229,144.95,360.49,474.09,329.47,85.44,355.32,161.26,87.12,55.85,53.05,0,0,0,0,0,0
16.43,81.03,334.57,126.82,37.94,224.6,143.89,354.24,465.95,323.75,84.27,348.52,158.56,85.22,54.25,51.27,0,0,0,0,0,0
16.6,81.37,339.48,126.18,38.38,222,143.11,349.85,462.18,315.38,84.2,344.51,156.55,83.13,52.6,50.61,0,0,0,0,0,0
14.42,70.32,297,110,33.59,193.8,125.07,305.79,403.41,273.52,72.73,297.2,134.8,71.53,45.33,43.12,0,0,0,0,0,0
12.24,58.91,242.41,92.7,27.67,167.23,104.4,262.24,346.6,240.43,61.19,253.76,114.26,62.71,40.83,37.8,0,0,0,0,0,0
13.12,59.92,237.85,92.53,28.02,165.43,103.07,256.18,340.9,238.55,60.93,255.98,114.57,61.74,41.76,38.93,0,0,0,0,0,0
15.39,64.53,238.6,96.78,29.94,169.69,105.27,255.83,346.35,246.92,63.31,273.41,120.6,62.65,45.72,43.15,0,0,0,0,0,0
13.84,57.34,208.83,86.64,26.59,151.47,92.3,226.97,309.18,223.07,56.32,245.14,106.62,56.05,41.84,39.31,0,0,0,0,0,0
7.28,31.04,107.59,49.04,13.65,92.07,50.43,137.41,186.29,141.42,31.56,141.96,60.16,35.45,26.93,23.73,0,0,0,0,0,0
6.51,28.57,98.84,45.8,12.41,89.43,46.84,134.13,180.44,139.27,29.06,133.16,56.07,35.14,26.26,22.13,0,0,0,0,0,0
6.28,28.62,101.73,46.96,12.45,94.85,48.27,143.73,191.55,149.01,29.32,135.27,57.17,37.78,27.47,22.04,0,0,0,0,0,0
6.21,28.91,102.55,48.43,12.38,97.6,52.6,149.05,196.23,153.12,30.05,139.63,60.31,38.13,27.73,21.86,0,0,0,0,0,0
5.1,24.47,88.7,42.2,10.39,84.47,47.67,130.19,168.83,131.64,26.26,120.18,53.25,32.26,23.29,18.22,0,0,0,0,0,0
4.56,20.96,71.04,34.93,8.72,64.73,40.61,99.4,130.34,104.13,22.52,102.15,46.6,24.94,18.25,15.55,0,0,0,0,0,0
5.16,22.79,80.55,36.63,9.8,60.35,42.26,93.17,121.09,93.03,23.29,103.23,48.4,22.21,16.22,15.52,0,0,0,0,0,0
10.41,46.64,192.44,74.04,22.61,113.27,83.59,178.54,234.07,159.02,45.7,192.6,91.17,39.05,25.54,26.92,0,0,0,0,0,0
15.22,68.92,294.04,111.64,34.16,166.2,124.43,264.12,345.91,229.61,68.24,283.59,136.14,56.62,35.55,39.25,0,0,0,0,0,0
18.33,80.85,336.61,132.53,39.44,192.85,145.48,305.77,400.23,270.93,82.06,338.14,165.69,66.75,42.31,48.8,0,0,0,0,0,0
19.66,84.5,338.1,138.72,40.33,199.68,150.41,314.15,411.79,286.79,86.68,359.51,177.68,70.59,46.04,53.88,0,0,0,0,0,0
20.05,86.37,340.02,140.96,40.94,206.09,152.29,322,423.13,297.78,87.14,369.74,180.61,73.58,48.85,55.5,0,0,0,0,0,0
18.79,83.88,335.94,136.89,39.96,207.3,148.52,324.74,426.66,299.14,83.73,360.04,172.37,74.63,49.06,52.96,0,0,0,0,0,0
17.71,83.16,346.47,135.18,40,215.42,148.57,340.81,447.26,308.58,83.71,354.66,166.3,78.34,49.91,50.96,0,0,0,0,0,0
17.64,84.34,345.26,134.18,39.49,226.5,148.27,356.96,469.82,327.61,85.73,361.96,166.77,85.04,54.64,53.45,0,0,0,0,0,0
17.51,85.27,347.38,133.77,39.29,234.4,148.91,368.67,484.33,337.48,87.47,366.34,166.92,88.98,57.38,54.92,0,0,0,0,0,0
16.86,82.87,338.46,129.32,38.38,229,144.9,360.79,474.52,332.07,85.7,356.35,161.74,87.89,56.3,53.34,0,0,0,0,0,0
16.49,81.22,334.63,127.26,38.09,226.03,144.2,356.52,470.12,328.1,84.58,350.11,159.2,86.32,54.95,51.68,0,0,0,0,0,0
16.51,80.93,337.83,125.69,38.17,220.78,142.83,348.14,459.84,312.68,83.68,342.8,155.54,82.29,52.21,50.31,0,0,0,0,0,0
14.45,70.17,296.64,109.99,33.6,194.12,125.08,306.01,403.5,273.29,72.62,296.22,134.4,71.34,45.41,43.06,0,0,0,0,0,0
12.22,58.79,242.35,92.55,27.61,166.85,104.34,261.56,345.05,238.52,61.01,252.82,113.84,62.18,40.58,37.6,0,0,0,0,0,0
13.18,60.28,239.5,93.16,28.18,167.03,103.65,258.71,343.81,240.9,61.28,257.66,115.27,62.42,42.19,39.17,0,0,0,0,0,0
15.44,64.91,240.25,97.6,30.1,172.06,106.07,259.62,351.92,251.1,63.73,275.87,121.53,63.75,46.39,43.54,0,0,0,0,0,0
13.74,57.16,208.59,86.51,26.4,151.26,92.4,226.87,309.66,221.61,56.03,245.02,106.27,55.6,41.5,39.13,0,0,0,0,0,0
7.29,31.32,109.5,49.76,13.71,94.31,51.25,140.87,191.22,143.64,31.8,143.76,60.75,36,27.27,23.91,0,0,0,0,0,0
6.67,29.27,101.61,47.15,12.81,92.92,47.98,139.64,187.04,145.74,29.87,136.62,57.56,36.92,27.48,22.77,0,0,0,0,0,0
6.3,28.43,100.83,46.73,12.44,94.16,48.05,142.66,189.35,147.89,29.14,134.09,56.66,37.44,27.42,21.93,0,0,0,0,0,0
6.24,28.79,101.35,48.11,12.41,96.91,52.15,147.81,195.22,153.61,30.04,138.92,60.19,38.22,27.8,21.91,0,0,0,0,0,0
5.06,24.47,87.48,41.8,10.34,83.08,47.14,128.38,167.73,132.41,26.3,120.77,53.55,32.59,23.2,18.34,0,0,0,0,0,0
4.65,21.44,72.92,35.66,8.95,66.48,41.2,102.19,133.62,107.53,23.04,104.36,47.62,25.94,18.84,15.91,0,0,0,0,0,0
5.13,22.71,80.24,36.47,9.74,60.16,42.11,92.72,121.3,92.66,23.2,102.93,48.31,22.07,16.06,15.46,0,0,0,0,0,0
10.36,46.46,191.79,73.75,22.5,112.56,83.36,177.42,232.9,157.6,45.49,191.85,90.81,38.64,25.26,26.77,0,0,0,0,0,0
15.18,68.76,293.21,111.27,34.06,165.12,124.08,262.49,343.91,228.05,68.05,282.81,135.81,56.21,35.25,39.11,0,0,0,0,0,0
18.32,80.78,336.09,132.34,39.42,192.21,145.26,304.83,398.92,270.43,82,337.78,165.57,66.64,42.23,48.76,0,0,0,0,0,0
19.66,84.48,338.01,138.7,40.33,199.67,150.38,314.11,411.89,286.88,86.68,359.47,177.67,70.6,46.04,53.88,0,0,0,0,0,0
20.05,86.38,339.75,140.87,40.95,205.66,152.15,321.42,422.23,297.78,87.16,369.74,180.64,73.63,48.85,55.52,0,0,0,0,0,0
18.76,83.87,335.95,136.93,39.93,207.28,148.61,324.91,426.85,299.06,83.68,360.32,172.35,74.62,49.04,52.95,0,0,0,0,0,0
17.68,83.18,347.35,135.57,39.97,216.7,149.14,342.87,449.8,308.87,83.65,355.16,166.25,78.32,50.01,50.95,0,0,0,0,0,0
17.44,83.28,341.64,132.5,38.96,222.57,146.94,350.49,461.96,318.82,84.54,356.68,164.45,82.48,53.1,52.54,0,0,0,0,0,0
17.31,84.22,342.55,131.74,38.75,229.43,147.05,360.7,476,330.04,86.39,361.48,164.92,86.85,55.87,54.17,0,0,0,0,0,0
16.57,81.57,333.53,126.89,37.62,223.07,142.86,351.21,463.97,320.7,84.23,350.13,159.09,84.69,54.08,52.18,0,0,0,0,0,0
16.45,81.24,335.88,127.43,38,226.81,144.55,357.49,471.42,326.66,84.5,350.08,159.12,85.88,54.66,51.5,0,0,0,0,0,0
16.65,81.52,339.97,126.43,38.49,222.68,143.26,350.83,463.4,316.96,84.41,345.11,156.9,83.57,52.9,50.77,0,0,0,0,0,0
14.47,70.48,297.15,110.12,33.71,193.8,125.04,305.88,402.91,274.65,72.94,297.66,135.11,71.91,45.58,43.27,0,0,0,0,0,0
12.29,59.36,243.71,93.11,27.85,167.76,104.62,263.32,347.54,242.75,61.66,255.76,115.24,63.54,41.18,38.09,0,0,0,0,0,0
13.15,60.09,238.19,92.67,28.1,165.93,103.1,256.85,342.7,240.44,61.16,256.92,115.1,62.27,41.96,39.12,0,0,0,0,0,0
15.44,65.03,240.9,97.76,30.12,172.43,106.23,260.2,352.68,251.37,63.82,276.42,121.76,63.86,46.41,43.57,0,0,0,0,0,0
13.81,57.8,211.73,87.63,26.63,154.23,93.47,231.53,315.71,225.78,56.66,248.28,107.63,56.81,42.16,39.54,0,0,0,0,0,0
7.27,31.14,108.67,49.41,13.64,93.34,50.92,139.32,188.99,142.01,31.61,142.65,60.32,35.55,27.02,23.76,0,0,0,0,0,0
6.53,28.67,99.51,46.08,12.45,90.38,47.12,135.5,182.61,140.45,29.18,133.81,56.33,35.42,26.44,22.22,0,0,0,0,0,0
6.18,27.97,99.06,45.98,12.16,92.4,47.49,139.92,186.62,144.45,28.6,132.21,55.72,36.43,26.74,21.56,0,0,0,0,0,0
6.28,28.86,101.5,48.26,12.49,97.14,52.24,148.2,195.08,154.23,30.13,139.05,60.27,38.41,28,21.98,0,0,0,0,0,0
5.06,24.18,86.64,41.37,10.26,82.41,46.74,126.83,166.03,130.37,26.06,118.9,52.93,31.93,22.87,18.11,0,0,0,0,0,0
4.59,21.14,71.89,35.44,8.81,66.22,41.14,101.79,133.54,106.48,22.71,103.36,46.99,25.52,18.68,15.76,0,0,0,0,0,0
5.2,23.22,82.82,37.6,9.96,63.33,43.24,97.74,127.78,97.14,23.72,105.78,49.37,23.26,16.86,15.88,0,0,0,0,0,0
10.42,46.78,193.04,74.39,22.67,114.27,83.94,180.18,236.45,160.79,45.85,193.63,91.52,39.5,25.83,27.08,0,0,0,0,0,0
15.21,68.88,293.55,111.49,34.15,165.66,124.25,263.37,344.91,229.42,68.21,283.43,136.08,56.59,35.51,39.25,0,0,0,0,0,0
18.31,80.76,336.46,132.46,39.4,192.9,145.45,305.71,400.58,270.6,81.98,337.8,165.54,66.6,42.23,48.75,0,0,0,0,0,0
19.64,84.38,337.65,138.52,40.28,199.15,150.24,313.31,410.55,285.73,86.55,358.85,177.39,70.29,45.87,53.77,0,0,0,0,0,0
20.06,86.45,340.38,141.16,40.99,206.69,152.48,322.92,424.41,298.76,87.23,370.2,180.79,73.83,49.02,55.59,0,0,0,0,0,0
18.87,84.31,338.41,137.8,40.17,209.86,149.4,328.56,431.17,302.04,84.18,361.94,173.19,75.41,49.62,53.23,0,0,0,0,0,0
17.76,83.48,349.18,136.33,40.15,218.9,149.89,346.13,453.42,311.18,83.97,356.39,166.75,78.9,50.52,51.15,0,0,0,0,0,0
17.49,83.53,342.37,132.88,39.1,223.08,147.23,351.58,462.31,320.33,84.79,357.79,164.89,82.99,53.46,52.72,0,0,0,0,0,0
17.31,84.45,343.45,132.13,38.8,230.24,147.45,362.25,477.99,331.62,86.58,362.99,165.43,87.34,56.11,54.33,0,0,0,0,0,0
16.84,82.88,338.92,129.44,38.33,229.77,145.11,361.82,476.96,332.55,85.69,356.76,161.86,87.94,56.27,53.35,0,0,0,0,0,0
16.32,80.36,332.47,126.05,37.62,223.44,143.39,352.02,464.45,320.06,83.56,345.65,157.19,83.95,53.57,50.82,0,0,0,0,0,0
16.44,80.43,335.62,124.66,37.95,218.13,141.84,343.8,454.41,308.37,83.18,339.97,154.49,81.1,51.44,49.89,0,0,0,0,0,0
14.46,70.55,297.19,110.24,33.72,194.39,125.14,306.8,405.55,276.54,73.05,298.62,135.5,72.38,45.75,43.43,0,0,0,0,0,0
12.21,58.88,242.47,92.34,27.6,166.19,104.01,260.41,344.31,238.28,61.13,253.1,114.19,62.22,40.36,37.61,0,0,0,0,0,0
13.12,60.23,239.33,92.88,28.06,166.51,103.38,257.76,344.15,240.25,61.23,257.72,115.39,62.26,41.83,39.1,0,0,0,0,0,0
15.44,65.34,241.91,98.32,30.21,173.47,106.8,262.41,355.2,253.86,64.08,278.59,122.43,64.62,46.83,43.84,0,0,0,0,0,0
13.75,57.23,209.56,86.69,26.42,151.99,92.61,227.69,310.59,221.27,56.08,244.98,106.34,55.49,41.45,39.08,0,0,0,0,0,0
7.19,30.79,106.1,48.42,13.47,90.01,49.87,134.58,182.52,138.83,31.24,140.97,59.63,34.83,26.44,23.51,0,0,0,0,0,0
6.4,28.69,99.97,46.5,12.65,90.66,47.17,136.38,182.61,142.8,28.65,134.66,56.29,36.13,26.8,22.05,0,0,0,0,0,0
5.92,27.73,99.89,46.14,12.1,92.49,47.52,140.13,186.95,143.54,27.67,132.1,55.18,36.16,26.36,20.98,0,0,0,0,0,0
5.97,28.8,102.99,48.54,12.43,96.92,52.4,148.38,195,153.19,29.22,140.12,60.09,38.25,27.49,21.4,0,0,0,0,0,0
4.96,25.01,90.7,43.41,10.78,86,48.33,133.76,172.57,138.56,26.12,124.65,54.5,34.4,24.27,18.44,0,0,0,0,0,0
4.33,20.84,72.12,35.27,8.82,65.88,40.67,101.49,132.22,106.24,21.68,102.54,46.06,25.57,18.52,15.11,0,0,0,0,0,0
4.62,21,74.68,33.47,9.08,56.33,39.05,86.86,113.34,86.95,20.88,95,43.69,20.74,15.11,13.85,0,0,0,0,0,0
9.26,41.71,174.18,64.31,20.36,101.77,74.38,160.37,211.81,140.62,40.34,168.32,77.95,34.58,22.67,22.97,0,0,0,0,0,0
12.64,57.49,251.61,89.01,29,138.8,102.95,220.51,291.73,185.28,55.9,226.48,105.47,45.79,28.67,30.04,0,0,0,0,0,0
13.75,61.63,267.05,95.36,30.98,146.88,109.82,233.01,308.37,196.68,60.29,243.26,114.17,48.62,30.63,32.81,0,0,0,0,0,0
14.3,62.27,258.68,96.09,30.58,147.71,109.5,231.63,307.91,201.73,61.27,250.09,118.07,49.76,32.59,35.25,0,0,0,0,0,0
15.93,67.48,268.74,103.38,32.41,157.43,116.65,244.51,325.79,218.95,66.95,274.32,130.38,54.07,36.58,40.34,0,0,0,0,0,0
16.88,72.36,287.5,112.22,34.42,170.54,125.71,265.77,353.07,239.98,73.29,298.51,142.62,59.6,39.94,44.54,0,0,0,0,0,0
17.97,80.65,331.55,128.38,38.39,201.22,143.15,317.22,418.75,283.19,83.49,337.76,160.82,71.31,46.1,50.03,0,0,0,0,0,0
19.2,87.9,353.63,139.68,40.6,228.65,154.63,359.48,473.9,327.73,91.94,375.91,177.32,84.28,54.87,57.38,0,0,0,0,0,0
19.71,93.5,375.96,148.58,42.48,256.51,163.87,403.19,530.85,371.18,98.18,406.12,188.6,97.3,62.96,62.48,0,0,0,0,0,0
18.59,90.63,369.21,144.3,41.49,256.57,159.85,403.98,532.28,372.55,94.88,395.81,181.29,98.18,62.98,60.03,0,0,0,0,0,0
17.46,86.07,355.23,136.91,40.18,245.27,153.62,386.89,508.29,356.16,89.92,374.69,170.7,93.65,59.81,55.59,0,0,0,0,0,0
17.27,85.6,358.5,135,40.41,243.09,151.36,383.49,504.61,349.16,88.46,367.38,165.96,92.23,58.51,54.02,0,0,0,0,0,0
14.85,73.38,311.53,116.55,35.12,211.18,131.04,332.91,439.53,301.47,75.69,314.12,141.61,78.99,50.03,45.59,0,0,0,0,0,0
12.48,61.37,254.11,97.92,28.83,180.97,109.19,284.3,375.55,263.13,63.39,268.07,119.62,68.9,44.6,39.69,0,0,0,0,0,0
13.62,63.95,257.56,101.4,29.92,189.86,111.48,295.02,391.52,276.57,64.72,279.06,123.09,71.94,48.34,42.17,0,0,0,0,0,0
15.65,67.6,254.91,103.83,31.3,189.35,112.11,287.06,387.72,275.68,65.97,291.76,127.11,70.33,50.54,45.45,0,0,0,0,0,0
13.97,59.56,220.92,91.73,27.59,164.95,97.19,248.74,336.39,242.47,57.99,258.22,111.12,61.36,45.16,40.75,0,0,0,0,0,0
7.34,32.44,115.57,52.36,14.38,100.6,53.43,151.1,202.78,153.91,32.43,150.03,62.92,38.9,29.07,24.52,0,0,0,0,0,0
6.35,28.24,99.9,45.77,12.42,91.66,46.65,136.97,183.71,140.49,28.28,131.46,54.8,35.43,26.52,21.57,0,0,0,0,0,0
5.87,27.3,98.3,45.05,11.92,91.7,46.46,138.7,184.55,141.96,27.37,129.22,53.78,35.86,26.25,20.65,0,0,0,0,0,0
5.79,27.41,97.37,45.84,11.82,92.44,49.94,140.94,185.45,145.1,27.94,132.46,56.62,36.04,26.28,20.37,0,0,0,0,0,0
4.72,23.61,85.73,40.76,10.07,82.15,46.04,127.21,164.96,130.15,24.78,117.26,51.02,32.07,22.88,17.34,0,0,0,0,0,0
4.13,19.52,66.46,32.56,8.2,61.78,38.17,94.86,124.36,99.78,20.48,95.67,42.76,23.87,17.51,14.2,0,0,0,0,0,0
4.39,19.9,70.24,31.22,8.52,54.29,37.03,83.79,110,83.94,19.87,89.82,40.68,20.05,14.72,13.13,0,0,0,0,0,0
8.84,39.74,166.8,60.43,19.43,97.64,70.8,153.69,204.11,133.52,38.34,158.55,72.65,32.79,21.6,21.48,0,0,0,0,0,0
11.9,54.26,239.55,82.65,27.53,130.64,96.93,207.67,275.58,172.15,52.36,210.44,96.86,42.56,26.62,27.42,0,0,0,0,0,0
12.57,56.88,250.3,86.31,28.89,136.05,101.14,215.94,286.59,178.87,54.76,220.04,101.33,44.29,27.82,28.77,0,0,0,0,0,0
12.51,55.2,233.37,82.62,27.54,130.48,96.44,204.72,273.09,174.52,52.9,215.62,99.07,43.17,28.27,29.2,0,0,0,0,0,0
13.37,57.65,234.59,85.09,28.23,134.74,98.84,208.89,280.36,182.59,55.03,227.08,104.05,45.22,30.68,31.8,0,0,0,0,0,0
13.55,59.87,245.07,89.29,29.15,143.2,103.36,222.86,298.14,195.38,57.9,238.86,108.96,48.79,32.74,33.57,0,0,0,0,0,0
14.03,65.72,279.96,100.57,32.14,165.87,115.81,261.75,346.69,227.09,65.09,265.55,120.71,57.75,37,36.83,0,0,0,0,0,0
15.23,72.84,300.95,111.47,34.39,192.74,126.63,303.03,401.42,273.12,73.37,303.21,137.03,71.18,45.91,44.13,0,0,0,0,0,0
16.39,80.5,330.47,124.29,37.13,224.5,139.83,352.31,465.97,321.15,82.31,342.72,154.19,85.02,54.67,51.06,0,0,0,0,0,0
16.41,81.62,337.12,127.47,37.72,233.04,143.44,366.46,484.03,334.31,84.16,351.25,157.65,88.55,56.74,52.23,0,0,0,0,0,0
16.27,80.88,335.79,126.86,37.83,229.34,144.06,361.59,476.56,329.9,84.01,348.83,157.51,86.92,55.37,51.18,0,0,0,0,0,0
16.62,82.24,345.06,128.27,38.77,230.48,145.14,363.05,480.35,327.69,84.96,350.1,158.05,86.47,54.69,51.29,0,0,0,0,0,0
14.79,73.46,313.39,116.98,35.05,215.05,131.78,339.08,447.44,305.05,75.79,315.12,141.22,79.97,50.8,45.65,0,0,0,0,0,0
12.51,61.5,255.22,97.95,28.86,183.39,109.18,287.43,381.22,266.45,63.69,268.42,119.77,69.81,45.09,39.84,0,0,0,0,0,0
13.41,62.5,250.73,98.16,29.26,183.13,108.26,283.72,379.42,267.2,63.42,271.26,120.13,69.38,46.48,41.13,0,0,0,0,0,0
15.6,67.12,252.62,102.67,31.12,187.6,110.93,284.16,383.79,273.4,65.59,288.76,125.81,69.79,50.24,45.12,0,0,0,0,0,0
13.81,58.41,215.74,89.49,27.09,161.09,95.08,242.35,329.52,236.92,56.97,252.43,108.53,59.78,44.19,40.03,0,0,0,0,0,0
7.15,31.46,111.65,50.47,13.87,97.52,51.8,146.25,196.99,148.35,31.46,145.2,60.5,37.4,28.16,23.78,0,0,0,0,0,0
6.56,28.79,100.76,46.66,12.53,92.53,47.79,138.56,186.92,142.34,29.31,134.53,56.54,35.77,26.81,22.35,0,0,0,0,0,0
6.09,27.63,98.27,45.41,11.93,91.36,47.07,137.98,185.27,141.38,28.21,130.69,55.09,35.52,26.06,21.23,0,0,0,0,0,0
6.16,28.68,101.25,47.97,12.25,96.72,52.16,147.57,195.88,152.59,29.85,138.96,60.05,37.92,27.48,21.78,0,0,0,0,0,0
5.03,24.04,85.09,41.03,10.21,81.11,46.37,125.27,163.94,130.32,25.92,118.66,52.7,31.96,22.87,18.13,0,0,0,0,0,0
4.62,21.18,71.66,35.31,8.87,65.35,40.91,100.62,130.88,105.82,22.76,103.11,46.97,25.46,18.66,15.75,0,0,0,0,0,0
5.18,22.98,81.53,37.16,9.88,61.92,42.82,95.69,124.61,95.3,23.47,104.56,48.82,22.77,16.61,15.71,0,0,0,0,0,0
10.41,46.84,193.46,74.49,22.67,114.56,84.06,180.63,237.16,160.95,45.89,193.98,91.65,39.56,25.83,27.09,0,0,0,0,0,0
15.21,68.94,293.94,111.61,34.15,166.02,124.4,263.94,345.73,229.72,68.26,283.79,136.2,56.67,35.54,39.27,0,0,0,0,0,0
18.32,80.75,335.98,132.26,39.41,191.98,145.18,304.45,398.39,270.01,81.97,337.56,165.5,66.53,42.15,48.73,0,0,0,0,0,0
19.69,84.59,338.36,138.82,40.39,199.84,150.45,314.39,411.8,287.34,86.8,359.76,177.85,70.77,46.16,53.94,0,0,0,0,0,0
20.1,86.66,341.6,141.63,41.08,208.08,152.96,325.02,427.08,300.4,87.45,371.25,181.2,74.25,49.32,55.74,0,0,0,0,0,0
18.82,84,337.05,137.37,40.02,208.98,149.05,327.15,430.1,300.66,83.86,360.76,172.61,74.94,49.34,53.07,0,0,0,0,0,0
17.75,83.34,348.82,136.17,40.1,219.29,149.72,346.15,455.25,311.54,83.91,355.78,166.65,78.84,50.44,51.14,0,0,0,0,0,0
17.5,83.34,342.03,132.78,39.06,223.7,147.17,351.94,464.08,320.41,84.68,356.81,164.58,82.81,53.43,52.66,0,0,0,0,0,0
17.27,84.16,342.99,131.89,38.69,230.19,147.35,361.78,477.78,329.77,86.28,361.49,164.78,86.68,55.81,54.1,0,0,0,0,0,0
16.62,81.79,335.53,127.67,37.74,225.78,143.71,355.02,469.16,322.91,84.46,351.23,159.5,85.15,54.5,52.34,0,0,0,0,0,0
16.41,80.8,333.05,126.34,37.85,223.74,143.35,352.68,465.74,323.8,84.12,347.76,158.35,85.15,54.1,51.26,0,0,0,0,0,0
16.55,81.08,337.98,125.59,38.25,220.2,142.55,347.19,458.41,312.9,83.89,343.06,155.91,82.49,52.2,50.38,0,0,0,0,0,0
14.44,70.65,299.12,110.68,33.68,195.99,125.78,308.98,408.15,275.72,73.05,298.92,135.53,72.09,45.62,43.31,0,0,0,0,0,0
12.35,59.56,245.33,93.65,27.96,169.59,105.16,265.77,350.68,244.12,61.89,256.42,115.6,63.84,41.45,38.19,0,0,0,0,0,0
13.28,60.75,241.27,93.91,28.43,168.61,104.25,261.34,346.17,244.05,61.79,259.69,116.19,63.38,42.83,39.51,0,0,0,0,0,0
15.43,65.06,240.97,97.67,30.11,171.77,106.13,259.39,350.79,250.34,63.81,276.39,121.74,63.68,46.26,43.51,0,0,0,0,0,0
13.77,57.3,209.91,86.85,26.47,152.04,92.78,228,309.73,221.09,56.12,245.17,106.33,55.5,41.55,39.09,0,0,0,0,0,0
7.28,31.18,108.67,49.41,13.67,93.06,50.88,139.02,188.02,141.88,31.65,142.73,60.36,35.58,27.04,23.77,0,0,0,0,0,0
6.54,28.35,98.15,45.31,12.38,88.53,46.26,132.06,178.03,137.27,28.93,131.25,55.63,34.55,25.91,21.93,0,0,0,0,0,0
6.14,27.9,98.92,45.91,12.08,92.87,47.47,140.36,189.25,145.18,28.56,132.43,55.83,36.51,26.65,21.59,0,0,0,0,0,0
6.28,29.08,103.12,48.58,12.51,98.08,52.6,149.51,196.9,154.41,30.31,139.99,60.72,38.51,27.94,22,0,0,0,0,0,0
5.24,25,89.17,42.8,10.75,85.13,47.9,131.82,169.85,136.91,26.94,122.78,54.46,33.9,24.3,18.82,0,0,0,0,0,0
4.54,20.71,69.94,34.39,8.63,62.73,40.1,96.46,124.7,100.52,22.21,100.25,45.82,24.04,17.8,15.24,0,0,0,0,0,0
5.13,22.59,79.43,36.3,9.73,59.61,41.93,91.97,120.07,92.38,23.11,102.39,48.05,21.98,16.08,15.44,0,0,0,0,0,0
10.44,46.87,193.4,74.6,22.72,114.83,84.13,181.07,237.54,161.77,45.95,194.11,91.7,39.76,26.02,27.17,0,0,0,0,0,0
15.26,69.23,295.22,112.23,34.3,167.65,124.97,266.55,348.96,232.39,68.57,285.33,136.8,57.39,36.04,39.53,0,0,0,0,0,0
18.34,80.93,336.78,132.65,39.49,193.04,145.57,306.18,400.59,271.66,82.15,338.57,165.86,66.97,42.46,48.88,0,0,0,0,0,0
19.66,84.48,338.19,138.73,40.33,199.7,150.44,314.15,411.48,286.45,86.66,359.32,177.6,70.5,46.02,53.84,0,0,0,0,0,0
20.04,86.31,339.87,140.92,40.93,205.89,152.28,321.76,422.33,297.18,87.06,369.4,180.42,73.42,48.81,55.45,0,0,0,0,0,0
18.81,84.06,336.92,137.24,40.03,208.13,148.86,326.1,428.09,300.13,83.9,360.94,172.71,74.93,49.25,53.06,0,0,0,0,0,0
17.74,83.43,348.52,136.06,40.11,218.2,149.56,345.04,452.92,311.28,83.96,356.36,166.83,78.95,50.41,51.17,0,0,0,0,0,0
17.55,84.07,344.49,133.91,39.31,225.83,148.21,356.14,468.79,325.55,85.36,361.14,166.15,84.43,54.29,53.22,0,0,0,0,0,0
17.27,84.05,341.19,131.32,38.67,227.73,146.64,358.53,472.39,328.53,86.18,360.82,164.52,86.53,55.67,54.06,0,0,0,0,0,0
16.69,82,335.14,127.83,37.92,225.34,143.68,354.93,467.48,324.87,84.72,352.11,159.86,85.83,55.01,52.6,0,0,0,0,0,0
16.52,81.18,335.4,127.49,38.11,227.28,144.51,357.92,472.03,327.95,84.55,349.53,159.01,86.12,54.99,51.61,0,0,0,0,0,0
16.53,81.01,337.17,125.49,38.22,219.96,142.45,347.01,458.89,313.74,83.83,343.25,155.89,82.68,52.29,50.45,0,0,0,0,0,0
14.5,70.71,298.05,110.73,33.81,195.71,125.66,308.96,407.86,278.22,73.2,299.52,135.74,72.8,46.14,43.58,0,0,0,0,0,0
12.23,58.92,242.2,92.42,27.65,166.13,104.05,260.58,343.99,239.04,61.18,253.39,114.24,62.46,40.57,37.7,0,0,0,0,0,0
13.14,60.19,238.91,92.99,28.11,166.57,103.5,258.13,343.75,240.8,61.19,257.69,115.21,62.39,42.08,39.15,0,0,0,0,0,0
15.46,64.94,240.85,97.64,30.13,171.92,106.12,259.34,350.13,249.52,63.71,275.33,121.35,63.38,46.26,43.41,0,0,0,0,0,0
13.78,57.47,209.67,86.83,26.52,151.65,92.61,227.66,309.98,222.81,56.34,246.32,106.9,56.08,41.71,39.3,0,0,0,0,0,0
7.28,31.06,107.94,48.97,13.64,91.65,50.37,136.75,184.55,139.96,31.54,141.59,60.06,35.13,26.73,23.61,0,0,0,0,0,0
6.55,28.65,99.46,46.03,12.49,90.13,47.04,135.05,181.2,139.8,29.17,133.28,56.17,35.26,26.43,22.17,0,0,0,0,0,0
6.26,28.4,101.19,46.65,12.37,93.97,48.05,142.29,188.81,146.48,29.06,133.85,56.55,37.08,27.14,21.79,0,0,0,0,0,0
6.21,28.89,102.53,48.44,12.37,98.14,52.6,149.62,198.41,154.18,30.09,139.85,60.46,38.33,27.78,21.93,0,0,0,0,0,0
5.02,24.06,85.86,41.11,10.18,81.5,46.52,125.67,164.47,129.45,25.9,118.57,52.69,31.71,22.7,18.03,0,0,0,0,0,0
4.59,21.06,71.8,35.12,8.78,65.07,40.81,99.89,129.82,103.71,22.59,102.12,46.62,24.86,18.3,15.53,0,0,0,0,0,0
5.1,22.54,79.25,36.11,9.66,58.9,41.77,90.98,118.56,91.11,23.01,102.13,47.92,21.7,15.83,15.33,0,0,0,0,0,0
10.4,46.71,192.75,74.23,22.62,113.71,83.8,179.38,235.16,159.76,45.75,193.23,91.33,39.25,25.66,26.99,0,0,0,0,0,0
15.22,68.96,294.08,111.7,34.17,166.26,124.48,264.32,346.16,230.03,68.28,283.91,136.24,56.74,35.62,39.3,0,0,0,0,0,0
18.33,80.85,336.46,132.48,39.44,192.61,145.41,305.47,399.76,270.9,82.06,338.14,165.7,66.76,42.31,48.81,0,0,0,0,0,0
19.68,84.59,338.53,138.91,40.38,200.11,150.58,314.86,412.39,287.45,86.78,359.93,177.85,70.79,46.19,53.95,0,0,0,0,0,0
20.06,86.27,339.27,140.75,40.94,205.32,152.03,320.89,421.19,297.19,87.06,369.1,180.37,73.44,48.82,55.46,0,0,0,0,0,0
18.84,84.06,336.96,137.37,40.08,208.52,148.99,326.67,428.43,300.53,83.91,360.82,172.63,74.99,49.41,53.09,0,0,0,0,0,0
17.73,83.28,347.37,135.7,40.07,216.83,149.17,343.16,449.72,309.95,83.8,355.5,166.44,78.65,50.26,51.07,0,0,0,0,0,0
17.58,84.05,344.39,133.79,39.34,225.67,148,355.57,468.23,325.35,85.39,360.59,166.13,84.36,54.25,53.21,0,0,0,0,0,0
17.49,85.31,347.06,133.74,39.28,234.45,148.84,368.81,485.74,338.9,87.55,367.04,167.21,89.36,57.48,55.06,0,0,0,0,0,0
16.83,82.81,338.94,129.31,38.3,229.49,145,361.21,475.96,331.33,85.61,356.1,161.66,87.61,56.07,53.23,0,0,0,0,0,0
16.54,81.76,338.6,128.6,38.25,230.19,145.7,362.68,478.17,331.27,85.05,352.83,160.2,87.09,55.49,51.93,0,0,0,0,0,0
16.5,80.76,337.12,125.05,38.09,219.04,142.11,345.08,455.84,309.74,83.53,341.17,155.18,81.57,51.64,50.05,0,0,0,0,0,0
14.58,71.33,301.16,111.8,34.05,198.86,126.64,313.62,414.71,282.77,73.87,302.65,137.17,74.06,46.79,44.02,0,0,0,0,0,0
12.34,59.22,242.23,92.56,27.89,166.07,103.85,260.52,343.67,241.92,61.63,254.4,115,63.37,41.07,38.05,0,0,0,0,0,0
13.15,60.09,238.08,92.74,28.11,166.03,103.19,257.17,342.9,240.83,61.15,257.1,115.08,62.37,42.07,39.16,0,0,0,0,0,0
15.34,64.61,239.43,97.24,29.88,171.42,105.91,258.62,351.48,248.91,63.33,274.91,120.91,63.06,45.93,43.28,0,0,0,0,0,0
13.65,56.93,208.6,86.35,26.21,151.1,92.49,226.57,309.29,218.98,55.68,244.1,105.67,54.81,41.04,38.83,0,0,0,0,0,0
7.16,30.81,107.16,48.69,13.42,91.12,50.3,136.13,184.85,138.51,31.19,141.25,59.63,34.67,26.35,23.43,0,0,0,0,0,0
6.55,28.66,99.19,45.93,12.49,89.55,46.9,134.32,179.88,139.44,29.16,133.25,56.17,35.23,26.38,22.16,0,0,0,0,0,0
6.21,28.11,100.54,46.4,12.23,94.09,47.93,142.05,189.92,145.42,28.77,132.68,56.03,36.6,26.88,21.62,0,0,0,0,0,0
6.17,28.68,101.79,48,12.26,96.83,52.21,147.55,195.19,151.48,29.83,138.49,59.92,37.62,27.35,21.67,0,0,0,0,0,0
5.05,24.2,85.77,41.38,10.28,81.92,46.72,126.69,165.49,131.65,26.07,119.59,53,32.33,23.14,18.26,0,0,0,0,0,0
4.59,20.93,70.61,34.88,8.77,64.17,40.52,98.75,128.09,103.62,22.48,101.65,46.36,24.84,18.34,15.53,0,0,0,0,0,0
5.15,22.67,79.6,36.37,9.77,59.73,41.95,92.17,120.35,92.99,23.2,102.74,48.24,22.17,16.17,15.51,0,0,0,0,0,0
10.4,46.63,192.54,74.16,22.59,113.76,83.75,179.3,235.45,159.57,45.68,192.85,91.18,39.14,25.62,26.95,0,0,0,0,0,0
15.22,69.02,294.36,111.82,34.19,166.64,124.61,264.92,347.09,230.6,68.34,284.28,136.37,56.89,35.7,39.35,0,0,0,0,0,0
18.35,80.96,336.88,132.7,39.51,193.14,145.61,306.36,400.74,271.93,82.18,338.74,165.93,67.05,42.51,48.91,0,0,0,0,0,0
19.68,84.63,338.61,138.98,40.4,200.35,150.64,315.25,413.16,288.1,86.83,360.25,177.97,70.95,46.27,54.01,0,0,0,0,0,0
20.05,86.28,339.25,140.76,40.94,205.36,152.06,320.98,421.37,297.32,87.06,369.2,180.38,73.48,48.83,55.47,0,0,0,0,0,0
18.82,84,336.96,137.16,40.02,208.23,148.79,325.94,428.22,299.65,83.86,360.41,172.6,74.75,49.15,53,0,0,0,0,0,0
17.71,83.27,348.31,135.72,40.01,217.52,149.27,343.66,451.37,309.05,83.78,355.21,166.47,78.33,49.97,50.95,0,0,0,0,0,0
17.45,83.39,342.46,132.77,39,223.27,147.24,351.55,462.95,319.13,84.63,357.13,164.61,82.58,53.19,52.56,0,0,0,0,0,0
17.37,84.5,343.19,132.14,38.92,230.22,147.32,362.12,477.56,332.69,86.72,362.92,165.56,87.64,56.36,54.45,0,0,0,0,0,0
16.86,82.87,339.39,129.61,38.35,230.56,145.32,362.76,478.11,332.6,85.69,356.47,161.76,87.87,56.33,53.32,0,0,0,0,0,0
16.49,81.24,336.04,127.44,38.06,226.54,144.54,357.05,469.27,325.56,84.49,349.4,158.89,85.63,54.66,51.42,0,0,0,0,0,0
16.58,81.04,337.56,125.53,38.3,219.86,142.44,346.72,457.1,312.83,83.88,342.63,155.77,82.48,52.29,50.39,0,0,0,0,0,0
14.57,71.05,300.3,111.27,33.96,197.34,126.12,311.02,410.27,279.26,73.57,300.48,136.4,73.12,46.31,43.69,0,0,0,0,0,0
12.2,58.69,240.98,91.85,27.55,164.81,103.44,258.3,341.92,237.57,61,252.18,113.9,62.05,40.2,37.56,0,0,0,0,0,0
13.1,59.84,236.62,92.03,27.96,164.1,102.45,254.1,339.65,238.59,60.91,255.82,114.68,61.81,41.55,38.95,0,0,0,0,0,0
15.36,64.62,239.12,96.94,29.91,170.27,105.48,256.78,348.52,247.79,63.38,274.34,120.91,62.88,45.74,43.22,0,0,0,0,0,0
13.74,56.92,207.58,85.88,26.33,149.39,91.71,223.69,304.56,218.19,55.79,242.87,105.61,54.74,41,38.83,0,0,0,0,0,0
7.24,30.95,106.97,48.84,13.59,90.98,50.29,136.19,183.56,139.93,31.4,141.61,59.83,35.14,26.77,23.62,0,0,0,0,0,0
6.44,28.22,96.98,45.13,12.24,87.59,46.21,131.4,177.32,137.1,28.7,131.74,55.42,34.54,25.84,21.92,0,0,0,0,0,0
6.13,27.82,98.86,45.87,12.06,92.18,47.5,139.62,186.16,143.1,28.4,131.67,55.36,36.02,26.52,21.41,0,0,0,0,0,0
6.33,29.4,104.2,49.36,12.67,100.1,53.37,153.02,201.48,158.47,30.64,142.26,61.43,39.57,28.69,22.38,0,0,0,0,0,0
5.08,24.25,85.85,41.3,10.32,81.7,46.54,126.17,164.88,131.61,26.15,119.46,53.13,32.36,23.1,18.27,0,0,0,0,0,0
4.6,20.99,70.72,34.85,8.79,64.13,40.43,98.57,128.26,103.97,22.57,101.85,46.57,24.96,18.33,15.57,0,0,0,0,0,0
5.16,22.94,81.12,37,9.85,61.42,42.64,94.97,123.91,95.05,23.44,104.45,48.79,22.73,16.52,15.7,0,0,0,0,0,0
10.4,46.73,193.12,74.38,22.61,114.42,83.99,180.35,237.03,160.36,45.77,193.5,91.41,39.35,25.72,27.02,0,0,0,0,0,0
15.21,69.01,294.4,111.77,34.17,166.46,124.56,264.62,346.66,230.12,68.32,284.18,136.35,56.78,35.6,39.31,0,0,0,0,0,0
18.32,80.86,336.62,132.47,39.44,192.58,145.4,305.39,399.61,270.64,82.07,338.13,165.72,66.71,42.25,48.78,0,0,0,0,0,0
19.65,84.38,337.58,138.47,40.29,199.04,150.16,313.08,410.37,285.76,86.57,358.78,177.42,70.31,45.86,53.78,0,0,0,0,0,0
20.04,86.17,338.69,140.49,40.89,204.57,151.76,319.73,419.76,296.29,86.96,368.56,180.18,73.22,48.64,55.38,0,0,0,0,0,0
18.83,84.09,336.26,137.23,40.08,207.83,148.77,325.93,427.84,301.4,83.97,361.36,172.84,75.3,49.49,53.2,0,0,0,0,0,0
17.71,83.38,348.6,135.87,40.04,217.67,149.4,344.12,451.68,309.73,83.87,355.89,166.69,78.57,50.1,51.03,0,0,0,0,0,0
17.66,84.85,349.26,135.64,39.63,231.14,149.96,363.96,479.38,331.39,86.15,365.02,167.77,85.92,55.27,53.74,0,0,0,0,0,0
17.33,84.75,345.71,132.87,38.89,232.84,148.25,365.91,483.71,334.03,86.89,364.66,166.14,87.9,56.43,54.52,0,0,0,0,0,0
16.86,83.08,341.33,130.06,38.37,231.95,145.85,364.72,480.6,332.69,85.84,357.38,162.14,87.9,56.31,53.31,0,0,0,0,0,0
16.42,81.02,335.68,127.22,37.91,226.49,144.45,356.73,470.13,324.37,84.24,348.72,158.54,85.19,54.33,51.26,0,0,0,0,0,0
16.48,80.81,337.73,125.41,38.08,220.18,142.6,346.98,458.49,310.75,83.54,341.92,155.27,81.77,51.83,50.12,0,0,0,0,0,0
14.43,70.37,297.48,110.09,33.6,194.53,125.14,306.55,405.52,274.33,72.83,297.44,135.03,71.68,45.35,43.17,0,0,0,0,0,0
12.31,59.07,242.9,92.59,27.79,167.01,104.06,261.37,345.57,240.58,61.46,253.53,114.65,62.84,40.8,37.85,0,0,0,0,0,0
13.38,60.99,241.53,94.22,28.64,169.94,104.3,263,349.98,248.39,62.24,260.89,117.01,64.5,43.45,39.93,0,0,0,0,0,0
15.39,64.46,237.72,96.54,29.94,168.99,104.95,254.8,345.47,247.24,63.3,273.22,120.58,62.75,45.73,43.2,0,0,0,0,0,0
13.64,56.63,206.82,85.43,26.12,148.11,91.45,221.87,302.05,214.97,55.39,241.71,104.94,53.86,40.42,38.51,0,0,0,0,0,0
7.16,30.84,107.32,48.44,13.4,90.17,49.99,134.57,182.39,136.83,31.2,140.84,59.65,34.34,26.02,23.31,0,0,0,0,0,0
6.31,28.66,101.26,46.46,12.48,90.91,47.35,136.46,183.23,140.02,28.48,134.4,56.16,35.37,26.17,21.75,0,0,0,0,0,0
5.99,28.13,101.59,46.69,12.28,93.82,47.94,142.14,189.31,145.82,28.09,133.74,56.02,36.86,26.73,21.22,0,0,0,0,0,0
6.04,28.78,102.57,48.37,12.52,96.39,52.08,147.32,193,152.97,29.29,139.26,59.99,38.21,27.55,21.4,0,0,0,0,0,0
4.86,24.18,88.32,42.01,10.41,82.88,47.12,128.08,165.14,130.5,25.24,119.52,52.58,32.08,22.92,17.61,0,0,0,0,0,0
4.25,20.29,69.83,34.19,8.56,62.93,39.66,96.76,125.81,100.98,21.08,99.39,44.81,24.15,17.63,14.6,0,0,0,0,0,0
4.65,21.14,74.88,33.75,9.17,56.97,39.29,88.06,114.83,88.86,21.03,95.93,44,21.26,15.47,14.04,0,0,0,0,0,0
9.31,41.88,174.89,64.73,20.48,102.84,74.76,162.09,213.55,142.35,40.52,169.13,78.24,35.03,23.06,23.14,0,0,0,0,0,0
12.64,57.57,251.87,89.12,29.03,138.84,103.05,220.77,291.64,185.54,55.96,226.92,105.61,45.91,28.74,30.08,0,0,0,0,0,0
13.76,61.75,267.55,95.58,31.02,147.41,110.04,233.93,309.48,197.6,60.41,243.97,114.42,48.89,30.78,32.9,0,0,0,0,0,0
14.29,62.29,258.25,96,30.59,147.04,109.37,230.9,306.43,201.65,61.27,250.24,118.08,49.82,32.6,35.28,0,0,0,0,0,0
15.93,67.49,268.36,103.34,32.42,157.09,116.57,244.19,325.36,219.36,66.96,274.59,130.44,54.22,36.64,40.39,0,0,0,0,0,0
16.9,72.56,288.54,112.66,34.49,171.74,126.16,267.72,355.63,241.63,73.48,299.72,143.05,60.05,40.22,44.69,0,0,0,0,0,0
17.93,80.49,330.62,127.88,38.29,199.61,142.64,314.82,415.45,281.05,83.3,336.81,160.48,70.81,45.7,49.85,0,0,0,0,0,0
19.22,88.06,352.97,139.49,40.67,227.2,154.24,357.8,471.09,328.38,92.12,376.71,177.73,84.69,54.96,57.53,0,0,0,0,0,0
19.75,93.49,374.39,148.29,42.56,255.43,163.36,401.75,529.51,372.96,98.3,406.27,188.79,97.84,63.22,62.7,0,0,0,0,0,0
18.59,90.29,366.95,143.66,41.44,255.2,159.1,401.6,530.35,372.25,94.67,394.19,180.78,97.99,62.88,59.98,0,0,0,0,0,0
17.54,85.92,353.88,136.71,40.27,245.16,153.25,386.34,508.18,357.56,89.93,373.68,170.49,93.9,60.12,55.71,0,0,0,0,0,0
17.35,86.07,361,136.1,40.63,245.98,152.48,388.13,509.68,352.69,88.89,369.75,166.77,93.17,59.26,54.36,0,0,0,0,0,0
14.88,74.02,314.3,117.73,35.32,213.76,132.23,337.61,444.87,305.79,76.26,317.97,142.92,80.3,50.79,46.03,0,0,0,0,0,0
12.68,61.99,256.71,98.85,29.26,182.91,109.83,287.15,376.7,266.24,64.11,269.69,120.65,69.9,45.42,40.06,0,0,0,0,0,0
13.68,63.67,256.27,100.65,29.95,187.05,110.57,290.48,382.26,271.58,64.46,275.78,122.08,70.74,47.84,41.77,0,0,0,0,0,0
15.75,67.56,253.56,103.42,31.46,187.64,111.4,284.37,382.47,275.16,66.06,290.35,126.89,70.3,50.67,45.48,0,0,0,0,0,0
13.97,59.28,219.29,91.37,27.54,164.24,96.81,247.56,335.31,242.28,57.78,257.03,110.61,61.19,45.17,40.71,0,0,0,0,0,0
7.28,32.14,113.86,51.69,14.23,98.61,52.79,148.15,198.86,151.43,32.1,148.53,62.29,38.25,28.64,24.29,0,0,0,0,0,0
6.16,27.18,93.99,43.55,11.93,84.94,44.53,127.15,170.56,132.17,27.14,126.46,52.58,33.26,25.09,20.81,0,0,0,0,0,0
5.78,26.69,95.66,43.84,11.65,88.55,45.33,133.58,177.99,136.61,26.73,125.81,52.46,34.39,25.32,20.13,0,0,0,0,0,0
5.88,27.88,98.34,46.57,12.08,94.01,50.46,143.79,189.26,150.27,28.5,135.22,57.76,37.52,27.16,20.91,0,0,0,0,0,0
4.67,23.27,83.25,39.91,9.93,79.79,45.13,123.64,161.11,128.54,24.48,115.76,50.47,31.64,22.52,17.2,0,0,0,0,0,0
4.22,19.92,68.68,33.22,8.41,63.57,38.72,97.33,126.81,101.64,20.93,96.91,43.5,24.42,17.89,14.39,0,0,0,0,0,0
4.49,20.12,71.08,31.39,8.7,54.51,37,83.88,109.08,84.49,20.16,89.94,41.06,20.29,14.9,13.23,0,0,0,0,0,0
8.84,39.6,166.13,60.01,19.39,96.18,70.33,151.38,200.17,131.17,38.2,157.24,72.26,32.23,21.26,21.29,0,0,0,0,0,0
11.89,54.09,239.25,82.37,27.47,130.09,96.67,206.49,273.98,170.29,52.19,209.22,96.46,42.02,26.31,27.23,0,0,0,0,0,0
12.54,56.68,249.48,85.9,28.8,135.1,100.75,214.29,284.73,177.19,54.57,218.89,100.92,43.82,27.5,28.6,0,0,0,0,0,0
12.48,54.97,232.46,82.19,27.43,129.44,96.04,202.96,271.06,172.66,52.67,214.41,98.61,42.64,27.92,29.01,0,0,0,0,0,0
13.38,57.71,235,85.2,28.25,134.99,98.96,209.29,280.63,182.68,55.08,227.3,104.14,45.26,30.71,31.81,0,0,0,0,0,0
13.55,59.93,245.69,89.49,29.15,144,103.6,223.96,300.07,195.97,57.95,239.3,109.12,48.9,32.79,33.6,0,0,0,0,0,0
13.96,65.64,279.98,100.68,32.02,166.59,116.1,262.97,349.66,227.61,64.95,266.12,120.67,57.78,36.96,36.82,0,0,0,0,0,0
15.23,73.34,304.76,113.04,34.5,196.99,128.54,310.11,409.55,276.27,73.67,306.57,137.8,71.95,46.59,44.38,0,0,0,0,0,0
16.45,81.23,333.54,125.86,37.4,228.14,141.43,358.82,473.52,327.32,82.97,347.33,155.65,86.76,55.82,51.67,0,0,0,0,0,0
16.52,82.55,340.18,129.07,38.13,236.53,144.86,372.76,491.53,342.31,85.11,356.64,159.66,90.89,58.15,53.06,0,0,0,0,0,0
16.36,81.18,337.57,127.62,38.02,232.35,144.75,365.59,483.35,334.05,84.44,350.29,158.31,87.87,56,51.52,0,0,0,0,0,0
16.73,82.42,345.25,128.58,38.99,230.68,145.3,363.63,478.89,328.99,85.19,350.35,158.19,86.9,55.21,51.47,0,0,0,0,0,0
14.62,72.32,307.33,114.38,34.55,207.1,129.19,327.03,430.31,294.05,74.57,308.66,138.68,77.17,48.99,44.67,0,0,0,0,0,0
12.32,60.4,250.42,96.17,28.37,178.18,107.7,279.75,369.84,257.47,62.44,263.07,117.19,67.32,43.74,38.96,0,0,0,0,0,0
13.4,62.63,250.9,98.18,29.29,182.09,108.27,282.8,375.96,266.01,63.45,271.65,120.16,69.28,46.43,41.09,0,0,0,0,0,0
15.59,66.97,251,101.98,31.08,184.94,110.1,280.35,377.69,271.04,65.45,287.55,125.44,69.34,49.89,44.97,0,0,0,0,0,0
13.78,58.3,215.38,88.94,27,159.63,94.46,239.72,326.43,234.35,56.87,251.25,108.36,59.17,43.63,39.81,0,0,0,0,0,0
7.15,31.53,110.85,50.32,13.91,96.66,51.51,145.29,195.91,149.46,31.57,145.8,60.77,37.8,28.29,23.93,0,0,0,0,0,0
6.54,28.85,100.68,46.55,12.51,91.69,47.66,137.62,185.07,141.62,29.31,134.84,56.63,35.72,26.68,22.32,0,0,0,0,0,0
6.2,28.16,100.06,46.27,12.23,93.26,47.74,141.14,188.53,145.64,28.81,133.14,56.19,36.77,26.88,21.68,0,0,0,0,0,0
6.13,28.49,99.82,47.53,12.19,95,51.7,145.29,192.01,150.96,29.64,138.02,59.58,37.55,27.28,21.66,0,0,0,0,0,0
5.14,24.67,87.04,42.12,10.53,83.5,47.28,129.48,168.8,136.03,26.6,122.11,54.05,33.61,23.92,18.72,0,0,0,0,0,0
4.59,21.04,71.51,35.11,8.77,65.16,40.78,100.05,130.67,104.44,22.59,102.31,46.67,25.02,18.37,15.59,0,0,0,0,0,0
5.2,22.89,80.52,36.82,9.89,61.03,42.34,94.16,123.07,95.31,23.47,103.9,48.74,22.79,16.57,15.73,0,0,0,0,0,0
10.38,46.58,192.28,74.05,22.56,113.38,83.65,178.78,234.66,159.01,45.62,192.62,91.07,39,25.52,26.9,0,0,0,0,0,0
15.18,68.77,293.22,111.29,34.07,165.17,124.1,262.61,344.12,228.31,68.08,282.95,135.86,56.28,35.29,39.13,0,0,0,0,0,0
18.32,80.88,336.53,132.51,39.45,192.65,145.44,305.57,399.93,271.1,82.09,338.35,165.77,66.83,42.33,48.83,0,0,0,0,0,0
19.68,84.48,337.81,138.66,40.37,199.44,150.29,313.74,410.91,286.86,86.71,359.2,177.62,70.62,46.11,53.9,0,0,0,0,0,0
20.05,86.34,339.85,140.93,40.94,205.89,152.26,321.77,422.48,297.53,87.11,369.58,180.51,73.52,48.85,55.49,0,0,0,0,0,0
18.77,83.93,336.24,137.05,39.95,207.71,148.72,325.53,427.98,299.77,83.76,360.7,172.52,74.79,49.13,53.01,0,0,0,0,0,0
17.67,83.12,347.29,135.51,39.93,216.94,149.1,342.98,450.97,309,83.62,355.01,166.24,78.29,49.93,50.93,0,0,0,0,0,0
17.6,83.86,343.63,133.65,39.34,225.7,147.86,355.32,468.13,325.21,85.26,359.54,165.73,84.19,54.29,53.16,0,0,0,0,0,0
17.27,84,341.59,131.32,38.64,228.27,146.67,358.87,473.59,328.09,86.15,360.32,164.44,86.32,55.54,53.98,0,0,0,0,0,0
16.8,82.54,337.93,129.01,38.2,228.91,144.77,360.21,474.76,329.95,85.34,354.85,161.06,87.14,55.88,53.06,0,0,0,0,0,0
16.52,81.13,335.88,127.44,38.07,227.02,144.53,357.39,470.12,325.7,84.44,348.66,158.67,85.54,54.72,51.4,0,0,0,0,0,0
16.36,80,334.38,123.54,37.69,215.27,140.75,338.78,448.2,302.25,82.7,336.93,153.57,79.51,50.25,49.31,0,0,0,0,0,0
14.4,70.31,297.04,110.12,33.57,194.48,125.24,306.79,405.68,274.6,72.73,297.62,134.89,71.73,45.44,43.19,0,0,0,0,0,0
12.15,58.53,240.09,91.66,27.46,163.99,103.35,257.43,340.17,236.44,60.76,251.71,113.46,61.74,40.09,37.45,0,0,0,0,0,0
13.07,59.69,236.32,91.63,27.88,162.55,102.08,251.73,334.89,234.94,60.68,254.31,114.11,60.93,41.05,38.64,0,0,0,0,0,0
15.41,64.82,239.57,97.26,30.04,170.52,105.73,257.59,348.15,249.02,63.57,275.26,121.22,63.31,46.1,43.39,0,0,0,0,0,0
13.75,57.3,209.53,86.67,26.44,151.51,92.55,227.21,309.35,221.14,56.13,245.29,106.45,55.55,41.45,39.1,0,0,0,0,0,0
7.25,31.19,108.76,49.25,13.62,92.63,50.72,138.31,187.6,141.18,31.64,142.79,60.46,35.44,26.8,23.71,0,0,0,0,0,0
6.48,28.31,98.37,45.5,12.29,89.33,46.62,133.44,180.63,137.79,28.82,131.83,55.6,34.59,25.93,21.93,0,0,0,0,0,0
6.22,28.04,99.42,45.94,12.23,92.39,47.33,139.54,186.17,144.36,28.73,131.96,55.89,36.43,26.7,21.57,0,0,0,0,0,0
6.33,28.95,103.09,48.6,12.55,98.21,52.66,149.47,195.31,153.03,30.18,138.6,60.16,38.06,27.96,21.85,0,0,0,0,0,0
5.21,24.85,89.11,42.62,10.65,85.45,47.79,131.77,171.45,136.3,26.81,122.1,54.28,33.6,24.04,18.71,0,0,0,0,0,0
4.68,21.42,73.47,35.96,8.98,67.78,41.57,103.88,135.86,108.16,23.04,104.16,47.5,25.97,19.03,15.92,0,0,0,0,0,0
5.21,23.06,81.63,37.16,9.95,61.75,42.72,95.37,123.74,95.5,23.59,104.54,48.95,22.88,16.68,15.76,0,0,0,0,0,0
10.41,46.79,193.37,74.54,22.65,114.89,84.15,181.08,237.94,161.12,45.84,193.83,91.53,39.53,25.87,27.08,0,0,0,0,0,0
15.25,69.26,295.67,112.32,34.27,168.09,125.12,267.14,350.12,232.41,68.57,285.58,136.88,57.37,35.99,39.51,0,0,0,0,0,0
18.34,80.95,337.13,132.69,39.48,193.15,145.62,306.3,400.66,271.32,82.16,338.6,165.89,66.89,42.39,48.85,0,0,0,0,0,0
19.64,84.41,337.74,138.56,40.29,199.22,150.27,313.44,410.75,285.98,86.59,359.04,177.48,70.38,45.91,53.8,0,0,0,0,0,0
20.04,86.26,339.28,140.73,40.92,205.29,152.04,320.84,421.19,296.98,87.03,369.08,180.34,73.38,48.77,55.44,0,0,0,0,0,0
18.85,84.14,338.01,137.56,40.1,209.08,149.23,327.36,428.61,299.77,83.95,360.76,172.66,74.8,49.35,53.01,0,0,0,0,0,0
17.62,82.89,346.71,135.05,39.8,215.65,148.73,340.88,447.62,305.69,83.32,353.42,165.6,77.41,49.4,50.62,0,0,0,0,0,0
17.53,83.69,343.93,133.2,39.17,224.3,147.56,352.99,463.99,320.35,84.96,357.93,165.13,82.97,53.47,52.71,0,0,0,0,0,0
17.33,84.41,343.76,131.98,38.82,229.72,147.28,361.19,475.38,329.53,86.53,361.9,165.16,86.82,55.87,54.15,0,0,0,0,0,0
16.73,81.91,335.77,127.7,37.92,225.71,143.52,354.56,467.31,323.18,84.69,350.61,159.61,85.27,54.71,52.4,0,0,0,0,0,0
16.37,80.39,332.13,125.85,37.7,222.39,143.04,350.44,461.02,319.13,83.61,344.99,157.11,83.82,53.54,50.79,0,0,0,0,0,0
16.47,80.34,335.08,124.36,37.96,217.4,141.43,342.36,452.55,307.5,83.15,338.98,154.32,80.88,51.29,49.82,0,0,0,0,0,0
14.44,70.37,296.38,109.97,33.66,193.34,124.92,305.38,402.63,274.7,72.83,297.58,134.97,71.91,45.56,43.27,0,0,0,0,0,0
12.17,58.78,241.43,92.21,27.54,165.64,103.91,259.99,344.05,238.8,61.02,253.32,114.07,62.36,40.43,37.67,0,0,0,0,0,0
13.16,60.38,240.3,93.54,28.17,168.4,104.13,260.86,347.66,242.57,61.36,258.84,115.6,62.79,42.37,39.29,0,0,0,0,0,0
15.37,64.5,238.58,96.75,29.91,169.77,105.27,255.9,346.94,246.94,63.28,273.46,120.6,62.63,45.67,43.14,0,0,0,0,0,0
13.8,57.6,210.55,87.27,26.57,153.19,93.09,229.95,313.57,224.73,56.48,247.27,107.21,56.51,42.01,39.45,0,0,0,0,0,0
7.3,31.41,109.07,49.73,13.78,93.47,51.13,140.08,189.01,143.96,31.89,144.19,60.89,36.23,27.42,24,0,0,0,0,0,0
6.58,29.05,101.25,46.92,12.63,92.56,47.96,139.11,186.93,143.82,29.55,135.98,57.09,36.33,27.08,22.55,0,0,0,0,0,0
6.13,27.49,96.95,44.86,11.97,89.39,46.34,134.89,179.99,139.55,28.14,129.1,54.7,35.13,25.87,21.11,0,0,0,0,0,0
6.26,29.07,102.57,48.44,12.48,97.52,52.42,148.87,196.51,154.73,30.3,140.32,60.82,38.64,27.92,22.04,0,0,0,0,0,0
5.11,24.51,88.37,41.88,10.4,83.58,47.19,128.59,167.46,131.49,26.37,120.04,53.5,32.32,23.12,18.24,0,0,0,0,0,0
4.57,20.89,70.63,34.8,8.71,64.61,40.45,99.03,130.37,104.17,22.48,101.72,46.5,24.9,18.23,15.55,0,0,0,0,0,0
5.13,22.71,79.97,36.48,9.75,60,42.12,92.69,120.89,92.97,23.2,103.07,48.29,22.18,16.16,15.5,0,0,0,0,0,0
10.38,46.62,192.51,74.11,22.56,113.65,83.72,179.15,235.54,159.35,45.65,192.9,91.19,39.08,25.53,26.92,0,0,0,0,0,0
15.21,68.97,294.39,111.74,34.15,166.49,124.56,264.59,346.61,229.76,68.27,283.92,136.24,56.66,35.55,39.26,0,0,0,0,0,0
18.33,80.88,336.51,132.52,39.46,192.68,145.44,305.61,399.9,271.21,82.1,338.32,165.77,66.86,42.37,48.84,0,0,0,0,0,0
19.67,84.51,338.03,138.74,40.35,199.69,150.41,314.2,411.74,287.09,86.71,359.56,177.7,70.68,46.11,53.91,0,0,0,0,0,0
20.08,86.56,340.82,141.34,41.04,207.14,152.64,323.66,425.37,299.66,87.35,370.81,181.04,74.09,49.17,55.68,0,0,0,0,0,0
18.79,83.96,336.61,137.04,39.98,207.77,148.69,325.38,427.49,299.21,83.79,360.34,172.51,74.65,49.06,52.96,0,0,0,0,0,0
17.62,82.66,344.84,134.4,39.76,213.52,147.95,337.68,443.12,304.12,83.14,352.01,165.15,77.05,49.16,50.5,0,0,0,0,0,0
17.45,83.19,341.29,132.15,38.94,221.6,146.53,348.7,459.32,317,84.47,355.53,164.2,82.03,52.8,52.38,0,0,0,0,0,0
17.3,84.17,342.32,131.64,38.73,229.16,146.96,360.28,475.46,329.61,86.33,361.23,164.81,86.73,55.8,54.13,0,0,0,0,0,0
16.63,81.66,334.12,127.2,37.74,224.04,143.13,352.54,465.2,321.84,84.37,350.3,159.21,84.95,54.38,52.28,0,0,0,0,0,0
16.37,80.91,333.96,126.64,37.82,224.5,143.78,354.05,467.34,323.97,84.14,348.6,158.51,85.2,54.12,51.26,0,0,0,0,0,0
16.58,81.02,337.77,125.58,38.28,220.37,142.53,347.28,458.48,313.02,83.86,342.56,155.76,82.45,52.28,50.38,0,0,0,0,0,0
14.42,70.19,295.5,109.62,33.58,192.54,124.59,304.05,401.31,273.59,72.66,296.71,134.63,71.58,45.34,43.15,0,0,0,0,0,0
12.22,58.99,242.06,92.54,27.65,166.62,104.15,261.46,346.54,241.19,61.29,254.5,114.63,63.01,40.78,37.9,0,0,0,0,0,0
13.12,60.06,238.66,92.62,28.03,165.67,103.14,256.44,341.48,238.5,61.04,256.49,114.88,61.79,41.66,38.94,0,0,0,0,0,0
15.3,64.35,239.5,96.76,29.74,169.95,105.57,256.07,346.27,243.46,62.96,272.51,120,61.64,45.15,42.77,0,0,0,0,0,0
13.63,56.37,205.55,85,26.04,147.36,91.02,220.41,301.04,214.07,55.18,240.38,104.48,53.52,40.22,38.39,0,0,0,0,0,0
7.14,30.31,103.66,47.43,13.29,87.2,48.9,130.21,176.51,134.91,30.76,138.33,58.6,33.78,25.8,23.14,0,0,0,0,0,0
6.41,28.33,98.22,45.4,12.2,88.5,46.59,132.71,179.34,136.9,28.74,132.39,55.62,34.47,25.73,21.88,0,0,0,0,0,0
6.18,28.01,100.73,46.05,12.13,93.06,47.63,140.23,186.91,142.22,28.61,131.53,55.69,35.81,26.32,21.33,0,0,0,0,0,0
6.22,28.59,100.58,47.59,12.31,95.9,51.59,145.76,193.62,151.91,29.89,137.63,59.9,37.74,27.37,21.73,0,0,0,0,0,0
5.11,24.64,87.11,42.03,10.47,83.76,47.2,129.58,170.48,136.28,26.6,122.19,54.18,33.62,23.78,18.72,0,0,0,0,0,0
4.67,21.6,73.61,35.98,9.03,67.08,41.52,103.3,134.25,108.38,23.18,105.07,47.85,26.21,19.07,16.01,0,0,0,0,0,0
5.25,23.3,82.27,37.47,10.06,62.34,42.93,96.45,125.11,97.46,23.86,105.81,49.52,23.49,17,15.97,0,0,0,0,0,0
10.42,46.68,192.57,74.22,22.65,113.87,83.75,179.47,235.51,160.2,45.77,193.01,91.3,39.32,25.75,27.02,0,0,0,0,0,0
15.21,68.98,294.19,111.69,34.15,166.23,124.48,264.28,346.27,229.92,68.29,284.04,136.3,56.73,35.56,39.29,0,0,0,0,0,0
18.3,80.68,335.82,132.17,39.36,191.84,145.13,304.19,398.22,269.39,81.88,337.24,165.34,66.34,42.03,48.65,0,0,0,0,0,0
19.67,84.48,338.13,138.69,40.34,199.57,150.38,313.92,411.01,286.27,86.66,359.16,177.56,70.46,46.01,53.83,0,0,0,0,0,0
20.06,86.49,340.51,141.19,40.99,206.55,152.52,322.89,424,298.64,87.25,370.48,180.84,73.85,49.02,55.6,0,0,0,0,0,0
18.85,84.34,338.47,137.96,40.14,210.45,149.61,329.63,433.48,303.36,84.2,362.78,173.39,75.72,49.76,53.34,0,0,0,0,0,0
17.67,83.13,347.55,135.37,39.92,216.63,148.93,342.26,450.06,307.99,83.63,354.61,166.25,78.05,49.71,50.85,0,0,0,0,0,0
17.39,82.97,340.59,131.88,38.8,221.14,146.37,347.95,459.02,315.8,84.22,354.83,163.8,81.64,52.53,52.23,0,0,0,0,0,0
17.32,84.27,343.88,132,38.77,230.13,147.41,361.56,475.66,328.4,86.36,361.03,164.73,86.4,55.75,54,0,0,0,0,0,0
16.84,82.86,340.54,129.73,38.31,230.95,145.58,363.15,477.6,330.45,85.59,355.94,161.52,87.29,56.05,53.1,0,0,0,0,0,0
16.58,81.86,339.36,128.83,38.32,230.59,145.91,363.29,477.79,331.07,85.13,352.88,160.25,87.07,55.59,51.92,0,0,0,0,0,0
16.69,81.89,341.66,127.38,38.65,225.07,144.29,355.01,468.26,320.6,84.74,347.59,157.59,84.53,53.62,51.11,0,0,0,0,0,0
14.42,70.38,296.71,110.02,33.63,193.44,125.03,305.58,402.73,274.18,72.8,297.7,134.95,71.78,45.47,43.21,0,0,0,0,0,0
12.07,57.97,237.54,90.51,27.2,161.3,102.23,252.86,335.46,232.38,60.23,248.8,112.42,60.58,39.25,37.05,0,0,0,0,0,0
13.08,59.72,236.39,91.91,27.9,163.87,102.4,253.69,338.9,237.44,60.75,255.15,114.34,61.46,41.4,38.83,0,0,0,0,0,0
15.35,64.2,236.67,96.13,29.82,168.14,104.6,253.32,344.05,245.61,63.03,271.97,120.05,62.24,45.42,43.02,0,0,0,0,0,0
13.75,57.02,207.97,86.15,26.37,150.49,91.97,225.31,307.82,220.36,55.94,243.83,105.99,55.25,41.27,39.01,0,0,0,0,0,0
7.27,30.89,106.71,48.75,13.61,90.81,50.16,135.75,182.68,139.53,31.37,140.94,59.65,35,26.77,23.58,0,0,0,0,0,0
6.42,27.8,96.02,44.53,12.1,86.28,45.72,128.86,173.21,132.71,28.25,128.81,54.3,33.26,25.22,21.47,0,0,0,0,0,0
6.12,27.55,96.95,44.94,11.98,89.22,46.43,134.98,179.42,139.67,28.15,129.52,54.75,35.23,25.95,21.14,0,0,0,0,0,0
6.13,28.32,99.59,47.18,12.13,94.27,51.36,143.73,189.79,148.56,29.47,136.53,59.14,36.89,26.89,21.42,0,0,0,0,0,0
5.08,24.35,87.3,41.97,10.35,84.2,47.39,129.83,170.3,133.53,26.23,120.44,53.33,32.69,23.45,18.38,0,0,0,0,0,0
4.65,21.3,72.52,35.55,8.93,66.07,41.15,101.57,131.71,106.1,22.87,103.34,47.13,25.53,18.76,15.77,0,0,0,0,0,0
5.16,22.86,80.37,36.67,9.82,60.37,42.24,93.35,121.82,94.23,23.38,103.88,48.66,22.56,16.36,15.64,0,0,0,0,0,0
10.39,46.58,192.16,73.99,22.57,113.29,83.57,178.56,234.62,159.15,45.64,192.57,91.1,39.04,25.52,26.91,0,0,0,0,0,0
15.2,68.88,293.67,111.48,34.12,165.69,124.27,263.4,345.13,229.16,68.19,283.45,136.07,56.52,35.44,39.21,0,0,0,0,0,0
18.3,80.71,335.87,132.21,39.37,191.93,145.17,304.37,398.51,269.76,81.91,337.45,165.42,66.44,42.09,48.69,0,0,0,0,0,0
19.68,84.56,338.23,138.81,40.37,199.88,150.47,314.49,412.14,287.46,86.77,359.8,177.82,70.79,46.17,53.95,0,0,0,0,0,0
20.04,86.31,339.53,140.78,40.92,205.48,152.09,321.12,421.85,297.29,87.08,369.4,180.49,73.48,48.77,55.47,0,0,0,0,0,0
18.81,84.04,336.94,137.28,40.03,208.27,148.94,326.35,428.31,300.09,83.87,360.92,172.65,74.89,49.27,53.05,0,0,0,0,0,0
17.65,83.15,347.06,135.33,39.91,215.95,148.89,341.75,448.71,308.01,83.6,355.05,166.24,78.15,49.76,50.88,0,0,0,0,0,0
17.43,83.3,341.33,132.2,38.94,221.44,146.55,348.78,459.7,317.85,84.56,356.51,164.53,82.35,52.86,52.48,0,0,0,0,0,0
17.36,84.73,345.35,132.84,38.93,232.76,148.17,365.76,483.36,334.45,86.91,364.44,166.09,88,56.55,54.56,0,0,0,0,0,0
16.75,82.32,336.65,128.29,38.05,226.83,144.03,356.94,470.92,327.25,85.1,353.54,160.66,86.49,55.3,52.83,0,0,0,0,0,0
16.45,80.76,333.48,126.51,37.9,224.24,143.57,353.26,465.11,322.96,84.07,346.96,158.01,84.86,54.17,51.16,0,0,0,0,0,0
16.52,80.43,335.24,124.25,38.04,216.64,141.18,341.14,449.79,306.65,83.27,338.64,154.41,80.78,51.23,49.79,0,0,0,0,0,0
14.5,70.62,297.29,110.21,33.78,194.04,125.01,306.24,404.15,276.34,73.15,298.49,135.58,72.4,45.77,43.44,0,0,0,0,0,0
12.24,58.94,242.17,92.54,27.67,166.87,104.16,261.57,346.39,240.73,61.26,253.83,114.44,62.83,40.78,37.84,0,0,0,0,0,0
13.03,59.47,235.82,91.64,27.79,162.73,102.28,252.17,335.1,234.09,60.4,253.66,113.53,60.57,41.03,38.51,0,0,0,0,0,0
15.37,64.41,237.53,96.59,29.91,169.03,105.08,255.09,345.48,247.1,63.2,273.23,120.4,62.69,45.77,43.18,0,0,0,0,0,0
13.61,56.26,204.59,84.66,25.99,146.41,90.63,218.99,299.72,213.71,55.1,239.99,104.37,53.44,40.09,38.37,0,0,0,0,0,0
7.25,31.21,107.86,49.16,13.65,92.04,50.53,137.77,187.17,142.56,31.7,143.36,60.64,35.87,27.01,23.87,0,0,0,0,0,0
6.33,28.51,99.65,46.11,12.49,89.87,46.88,134.95,181.52,140.52,28.42,133.77,55.95,35.5,26.28,21.81,0,0,0,0,0,0
5.99,27.97,100.71,46.62,12.26,93.78,47.9,142.15,189.63,146.26,27.97,133.35,55.73,36.88,26.85,21.24,0,0,0,0,0,0
6,28.99,103.7,48.83,12.51,97.72,52.63,149.61,196.95,154.9,29.45,141.14,60.57,38.73,27.74,21.57,0,0,0,0,0,0
4.78,23.94,86.85,41.42,10.23,81.52,46.56,125.98,164.1,129.39,25,118.88,52.31,31.76,22.51,17.5,0,0,0,0,0,0
4.32,20.8,71.17,34.93,8.8,64.37,40.25,99.51,129.07,105.42,21.63,102.3,45.98,25.49,18.38,15.08,0,0,0,0,0,0
4.62,21.06,74.55,33.48,9.09,56.06,39.03,86.72,112.97,87.39,20.93,95.5,43.84,20.92,15.18,13.92,0,0,0,0,0,0
9.22,41.53,173.5,64.03,20.27,101.03,74.16,159.22,210.15,139,40.12,167.38,77.5,34.11,22.42,22.8,0,0,0,0,0,0
12.6,57.27,250.58,88.56,28.89,137.42,102.54,218.46,288.72,183.11,55.65,225.3,104.96,45.22,28.32,29.84,0,0,0,0,0,0
13.74,61.53,266.73,95.2,30.93,146.43,109.7,232.31,307.18,195.61,60.17,242.67,113.9,48.33,30.47,32.71,0,0,0,0,0,0
14.29,62.21,258.34,95.98,30.56,147.07,109.4,230.83,305.94,200.67,61.18,249.63,117.83,49.52,32.5,35.17,0,0,0,0,0,0
15.92,67.4,268.34,103.24,32.39,156.92,116.53,243.79,324.45,218.14,66.85,273.86,130.16,53.86,36.48,40.27,0,0,0,0,0,0
16.9,72.46,288.37,112.6,34.46,171.77,126.15,267.63,355.53,241.05,73.37,299.16,142.8,59.83,40.15,44.62,0,0,0,0,0,0
17.92,80.35,329.75,127.6,38.25,198.86,142.33,313.63,414.1,280.47,83.19,336.14,160.24,70.64,45.59,49.8,0,0,0,0,0,0
19.2,87.77,352.34,139.16,40.56,227.14,153.99,357.08,471.3,326.96,91.87,375.13,177.18,84.13,54.66,57.33,0,0,0,0,0,0
19.65,92.57,370.47,146.67,42.2,251.24,161.87,394.96,520.24,365.6,97.34,401.13,186.7,95.75,62.06,61.97,0,0,0,0,0,0
18.64,90.02,365.28,143.06,41.46,252.87,158.38,398.08,523.09,369,94.42,391.67,179.87,97.2,62.66,59.73,0,0,0,0,0,0
17.46,85.86,354.65,136.82,40.12,246.27,153.58,387.75,512.02,357.39,89.81,374.1,170.53,93.72,59.86,55.62,0,0,0,0,0,0
17.18,85.51,359.76,135.5,40.23,246.26,152.21,387.71,514.01,351.14,88.33,368.32,166.07,92.37,58.53,54.05,0,0,0,0,0,0
14.78,73.17,310.51,115.84,34.95,209.07,130.35,329.65,435.47,298.25,75.43,312.89,141.21,78.22,49.36,45.31,0,0,0,0,0,0
12.53,61.37,253.61,97.42,28.89,179.11,108.47,281.21,370.33,261.01,63.44,266.81,119.52,68.51,44.3,39.56,0,0,0,0,0,0
13.56,63.56,255.56,100.26,29.73,186.31,110.28,289.44,383.51,271.3,64.31,276.33,122.21,70.67,47.42,41.72,0,0,0,0,0,0
15.79,68.2,256.88,104.85,31.65,191.95,112.9,291.18,392.91,281.41,66.68,294.67,128.43,71.92,51.57,46.03,0,0,0,0,0,0
13.88,58.97,219.64,91.19,27.31,164.9,96.92,247.86,337.3,239.62,57.39,255.61,109.96,60.24,44.57,40.35,0,0,0,0,0,0
7.26,32.29,115.02,52.24,14.23,100.42,53.47,151.05,203.53,153.43,32.2,150.08,62.68,38.71,28.9,24.44,0,0,0,0,0,0
6.23,27.95,98.71,45.15,12.17,89.88,46.19,134.47,181.07,137.47,27.88,130.55,54.25,34.64,25.86,21.27,0,0,0,0,0,0
5.86,27.32,98.89,45.28,11.9,92.78,46.79,140.22,187.35,142.74,27.37,129.67,53.88,35.98,26.32,20.68,0,0,0,0,0,0
5.92,28.29,101.3,47.64,12.2,97.78,51.62,149.19,197.78,154.09,28.91,137.67,58.72,38.4,27.68,21.21,0,0,0,0,0,0
4.73,23.77,85.61,40.82,10.12,82.5,45.97,127.76,167.48,132.93,25.03,118.6,51.69,32.84,23.14,17.62,0,0,0,0,0,0
4.16,19.71,67.3,32.86,8.29,62.11,38.45,95.63,124.04,100.15,20.64,96.36,43,24.06,17.69,14.27,0,0,0,0,0,0
4.42,19.97,70.54,31.36,8.59,54.42,37.15,84.09,109.35,83.97,19.93,89.86,40.69,20.09,14.84,13.15,0,0,0,0,0,0
8.83,39.59,165.88,60.04,19.39,96.34,70.37,151.7,200.98,131.88,38.19,157.46,72.28,32.39,21.36,21.35,0,0,0,0,0,0
11.92,54.24,239.3,82.57,27.55,130.26,96.8,207.1,274.37,171.83,52.35,210.14,96.78,42.5,26.61,27.41,0,0,0,0,0,0
12.56,56.8,249.87,86.13,28.85,135.61,100.96,215.2,285.8,178.25,54.68,219.57,101.16,44.12,27.7,28.71,0,0,0,0,0,0
12.53,55.21,233.63,82.7,27.56,130.77,96.53,205.07,273.33,174.48,52.91,215.52,99.04,43.14,28.3,29.19,0,0,0,0,0,0
13.37,57.64,234.61,85.07,28.23,134.58,98.83,208.68,279.74,182.16,55.01,226.93,103.98,45.12,30.64,31.76,0,0,0,0,0,0
13.56,59.97,245.62,89.51,29.19,143.75,103.58,223.77,299.19,196.11,58,239.45,109.17,48.99,32.87,33.64,0,0,0,0,0,0
13.96,65.61,280.26,100.73,32.01,166.69,116.21,263.1,349.14,226.73,64.88,265.76,120.48,57.53,36.89,36.73,0,0,0,0,0,0
15.13,72.63,301.61,111.66,34.19,193.98,127.21,304.83,404.4,271.53,73,302.83,136.47,70.53,45.62,43.88,0,0,0,0,0,0
16.31,80.17,329,124.01,36.97,223.52,139.74,351.29,464.03,319.42,81.88,341.75,153.38,84.49,54.49,50.87,0,0,0,0,0,0
16.44,82.08,338.18,128.14,37.89,234.05,144.02,368.86,486.57,338.11,84.6,354.2,158.66,89.74,57.4,52.65,0,0,0,0,0,0
16.4,81.2,337.03,127.66,38.1,231.72,144.72,365.11,480.9,334.13,84.45,350.24,158.17,87.98,56.24,51.58,0,0,0,0,0,0
16.85,83.41,350.49,130.89,39.39,237.5,147.65,374.25,493.71,338.44,86.2,356.29,160.38,89.34,56.78,52.31,0,0,0,0,0,0
14.7,72.7,308.55,115.08,34.76,209.32,129.75,330.36,435.82,298.91,75.06,310.86,139.68,78.44,49.74,45.12,0,0,0,0,0,0
12.45,60.81,251.28,96.66,28.65,179.17,107.91,281.35,371.46,261.22,62.98,264.73,118.12,68.44,44.43,39.37,0,0,0,0,0,0
13.52,63.16,252.05,98.9,29.59,183.48,108.71,285.34,378.94,271.04,64.09,274.4,121.4,70.78,47.31,41.64,0,0,0,0,0,0
15.61,66.84,250.18,101.55,31.07,183.73,109.56,278.21,374.62,269.49,65.37,286.21,125.14,68.95,49.65,44.84,0,0,0,0,0,0
13.76,58.36,215.66,89.09,26.99,159.28,94.7,239.8,324.76,233.44,56.81,251.66,108.25,59.04,43.63,39.75,0,0,0,0,0,0
7.2,31.86,114.23,51.36,14.02,100.26,52.72,150.28,202.37,151.03,31.85,147.15,61.3,38.08,28.6,24.01,0,0,0,0,0,0
6.52,28.55,99.76,45.95,12.39,90.53,47.06,135.23,182.58,138.94,29.06,132.82,56.04,34.93,26.16,22.05,0,0,0,0,0,0
6.15,27.82,98.73,45.63,12.08,91.43,47.16,138.25,184.17,142.1,28.43,131.08,55.35,35.82,26.34,21.34,0,0,0,0,0,0
6.37,29.86,106.8,50.3,12.83,102.71,54.33,157.09,206.83,161.53,31.08,144.75,62.4,40.42,29.18,22.66,0,0,0,0,0,0
5.12,24.84,89.11,42.45,10.51,84.73,47.72,130.99,170.85,135.1,26.69,122.57,54.33,33.36,23.68,18.61,0,0,0,0,0,0
4.65,21.46,73.5,36,8.96,67.67,41.65,104.01,136,108.31,23.03,104.7,47.59,26.05,19.03,15.95,0,0,0,0,0,0
4.97,22.3,79.23,36.05,9.59,58.95,41.75,91.28,118.86,91.12,22.94,101.6,47.6,21.65,15.69,15.15,0,0,0,0,0,0
10.21,46.3,192.2,73.94,22.45,113.7,83.5,179.73,235.94,160.1,45.51,192.18,90.78,39.34,25.51,26.73,0,0,0,0,0,0
15.07,68.6,293.72,111.38,34.03,165.92,124.15,264.01,345.41,229.25,68.06,282.56,135.65,56.56,35.36,39,0,0,0,0,0,0
18.12,80.27,335.31,131.8,39.19,191.43,144.72,303.97,397.51,268.9,81.62,335.87,164.7,66.27,41.8,48.35,0,0,0,0,0,0
19.31,83.51,335.85,137.54,39.91,197.56,149.19,311.5,407.81,283.71,85.94,355.68,175.98,69.85,45.26,53.15,0,0,0,0,0,0
19.57,84.9,336.71,139.21,40.32,202.96,150.5,317.93,416.79,292.62,86.02,363.72,177.99,72.31,47.67,54.41,0,0,0,0,0,0
18.45,83.14,335.5,136.43,39.61,206.97,148.12,324.86,426.26,297.47,83.31,357.75,171.2,74.21,48.53,52.43,0,0,0,0,0,0
17.9,84.99,355.2,138.99,40.73,224.65,152.43,355.74,466.14,322.09,85.81,365.03,170.28,82.02,52.27,52.5,0,0,0,0,0,0
17.67,85.05,348.61,135.49,39.6,228.81,150.01,360.42,474.24,328.3,86.66,365.68,168.27,85.22,54.85,54.05,0,0,0,0,0,0
17.72,86.95,352.11,136.08,39.73,238.53,151.5,375.2,494.6,345.22,89.54,375.38,170.82,91.23,58.69,56.6,0,0,0,0,0,0
17.14,84.94,346.08,132.48,38.93,235.42,148.52,370.48,488.14,339.91,88.06,366.73,166.18,90.12,57.74,55.09,0,0,0,0,0,0
16.7,82.78,340.53,129.51,38.42,229.8,147.01,361.97,477.01,330.2,86.33,357.27,162.31,86.99,55.51,52.87,0,0,0,0,0,0
16.94,83.18,345.38,128.8,38.99,226.65,145.99,356.75,470.55,321.7,86.38,352.73,160.3,84.99,54.01,52.21,0,0,0,0,0,0
14.77,72.44,305.22,113.48,34.38,201.52,128.64,317.45,418.65,284.63,75.21,307.42,139.33,74.63,47.39,44.92,0,0,0,0,0,0
12.36,60.06,248.09,94.75,28,171.71,106.7,268.87,355.01,244.36,62.61,259.28,116.68,63.81,41.55,38.65,0,0,0,0,0,0
13.13,61.24,245.92,95.74,28.52,174.15,106.26,270.25,358.98,250.69,62.76,264.08,117.77,65.1,43.69,40.1,0,0,0,0,0,0
14.85,64.06,242.92,98.21,29.8,175.29,106.47,266.24,358.54,254.59,63.71,274.7,120.57,64.79,46.53,43,0,0,0,0,0,0
13.12,55.93,209.84,86.51,25.98,152.3,92.24,229.75,311.77,220.96,55.66,241.71,104.43,55.34,40.91,38.24,0,0,0,0,0,0
7.04,31.23,111.8,50.72,13.79,96.02,52.03,144.74,194.6,146.97,32.28,145.18,60.97,36.9,27.62,23.92,0,0,0,0,0,0
6.19,27.97,99.5,45.65,12.21,89,46.68,133.94,179.27,137.24,28.9,131.38,55.18,34.54,25.6,21.56,0,0,0,0,0,0
5.98,27.76,100.29,46.36,12.19,93.51,47.74,142.04,189.12,146.65,28.85,132.37,55.74,36.96,26.82,21.44,0,0,0,0,0,0
5.99,28.47,101.63,48.06,12.28,96.56,52.15,147.91,195.13,153.45,29.99,138.74,59.9,38.18,27.44,21.61,0,0,0,0,0,0
4.96,24.14,85.96,41.33,10.31,81.19,46.63,125.68,164.11,131.4,26.25,119.65,53.13,32.26,22.88,18.16,0,0,0,0,0,0
4.46,20.67,70.53,34.67,8.69,63.68,40.37,97.87,127.26,102.49,22.43,100.73,46.04,24.45,17.93,15.28,0,0,0,0,0,0
5.02,22.57,80.61,36.67,9.72,60.9,42.35,94.19,123.15,94,23.24,103.15,48.24,22.38,16.16,15.41,0,0,0,0,0,0
10.2,46.13,191.71,73.68,22.38,113.14,83.27,178.7,234.58,158.65,45.34,191.19,90.4,38.91,25.27,26.58,0,0,0,0,0,0
15.06,68.62,293.67,111.38,34.02,165.91,124.15,264.06,345.73,229.51,68.07,282.8,135.73,56.64,35.37,39.03,0,0,0,0,0,0
18.12,80.23,335.11,131.74,39.19,191.25,144.64,303.66,397.03,268.71,81.6,335.64,164.63,66.22,41.78,48.33,0,0,0,0,0,0
19.33,83.55,336.24,137.71,39.94,198.06,149.37,312.23,408.47,284.04,85.98,355.79,176.01,69.92,45.37,53.17,0,0,0,0,0,0
19.61,85.27,337.97,139.89,40.48,204.68,151.11,320.84,420.91,296.35,86.41,366.01,178.87,73.34,48.27,54.78,0,0,0,0,0,0
18.48,83.14,335.44,136.35,39.65,206.71,147.97,324.31,425.22,297.19,83.36,357.35,171.18,74.16,48.52,52.41,0,0,0,0,0,0
17.66,83.47,349.77,136.25,40.02,217.85,150.03,344.36,451.19,307.79,84.15,356.31,166.82,78,49.84,51.07,0,0,0,0,0,0
17.61,84.61,347.33,134.88,39.4,227.37,149.58,358.02,470.57,324.23,86.15,363.21,167.16,84.03,54.24,53.63,0,0,0,0,0,0
17.62,86.52,350.89,135.24,39.47,236.46,150.81,371.71,490.24,340.32,89.03,372.94,169.86,89.88,57.78,56.12,0,0,0,0,0,0
17.18,85.15,347.34,132.93,39.03,236.45,148.97,372.14,489.33,340.73,88.24,367.54,166.49,90.38,57.98,55.18,0,0,0,0,0,0
16.89,83.6,344.6,131.18,38.87,234.52,148.51,369,485.58,336.92,87.26,360.92,163.97,88.79,56.79,53.51,0,0,0,0,0,0
16.97,83.38,346.68,129.6,39.1,229.41,146.88,360.97,476.87,325.36,86.6,354.37,160.76,85.79,54.65,52.5,0,0,0,0,0,0
14.66,71.77,301.01,111.97,34.09,197.33,127.1,311.14,411.6,280.74,74.57,304.48,138.14,73.59,46.59,44.56,0,0,0,0,0,0
12.34,59.93,246.41,94.51,27.97,171.26,106.38,268.34,356.03,246.37,62.57,259.48,116.7,64.28,41.77,38.83,0,0,0,0,0,0
12.94,59.89,238.41,92.78,27.95,165.44,103.29,257.04,341.39,239.82,61.38,257,114.95,62.26,41.82,39.12,0,0,0,0,0,0
14.74,63.51,239.38,96.81,29.53,170.79,105.06,259.73,349.67,249.64,63.12,271.99,119.44,63.6,45.64,42.58,0,0,0,0,0,0
13.05,55.48,206.93,85.33,25.79,148.43,91.01,224.06,303.48,216.49,55.18,239.13,103.43,54.27,40.18,37.87,0,0,0,0,0,0
6.82,29.88,106.25,48.1,13.15,89.21,49.63,133.69,180.56,134.83,30.83,137.78,58.04,33.55,25.48,22.73,0,0,0,0,0,0
6.23,28.32,102.47,46.85,12.34,93.15,48.05,139.98,187.94,140.9,29.23,133.49,55.88,35.32,26.23,21.82,0,0,0,0,0,0
5.97,28.26,103.61,47.67,12.28,97.48,49.26,148.34,198.23,150.84,29.26,135.89,56.84,38,27.43,21.78,0,0,0,0,0,0
6,28.77,104.83,49.34,12.36,100.87,53.73,154.34,203.71,156.24,30.2,140.74,60.36,38.7,27.99,21.77,0,0,0,0,0,0
5.05,24.78,90.06,43,10.57,86.63,48.39,133.71,175.61,137.56,26.91,123.25,54.5,33.74,23.91,18.67,0,0,0,0,0,0
4.52,21.04,72.27,35.4,8.85,65.77,41.05,101.11,131.81,105.84,22.84,102.79,46.89,25.35,18.47,15.6,0,0,0,0,0,0
5.01,22.48,79.84,36.39,9.69,59.91,42.03,92.77,121,93.11,23.15,102.57,48.03,22.18,16.03,15.34,0,0,0,0,0,0
10.2,46.25,192.09,73.9,22.43,113.72,83.48,179.69,236.08,159.89,45.46,191.97,90.68,39.25,25.46,26.7,0,0,0,0,0,0
15.08,68.7,294.05,111.62,34.07,166.63,124.38,265.17,347.32,230.71,68.17,283.34,135.92,56.93,35.58,39.14,0,0,0,0,0,0
18.14,80.37,335.59,131.97,39.25,191.83,144.84,304.61,398.27,269.9,81.74,336.35,164.92,66.55,41.98,48.45,0,0,0,0,0,0
19.33,83.54,336.08,137.6,39.93,197.8,149.23,311.75,408.1,283.85,85.98,355.66,176.02,69.88,45.29,53.16,0,0,0,0,0,0
19.62,85.19,337.5,139.68,40.48,204.2,150.85,319.95,419.9,295.89,86.37,365.42,178.73,73.21,48.19,54.73,0,0,0,0,0,0
18.61,84.06,339.1,138.05,40.06,211.11,149.52,331.49,434.68,305.33,84.33,362.47,173.21,76.43,49.9,53.21,0,0,0,0,0,0
17.85,84.45,352.37,137.81,40.54,221.52,151.2,350.61,459.65,317.87,85.31,361.8,169.15,80.86,51.54,52.1,0,0,0,0,0,0
17.79,85.72,349.99,136.49,39.94,231.01,150.73,364.43,479.84,335.62,87.46,369.7,169.93,87.32,56.05,54.81,0,0,0,0,0,0
17.74,86.69,350.68,135.54,39.7,236.97,150.88,372.6,490.55,343.17,89.33,373.46,170.2,90.67,58.45,56.42,0,0,0,0,0,0
17.17,84.98,346.35,132.87,38.99,237.19,148.93,372.97,492.83,342.82,88.17,367.47,166.43,90.71,58.19,55.31,0,0,0,0,0,0
16.88,83.6,344.26,131.36,38.88,235.13,148.73,370.19,487.84,338.83,87.27,361.7,164.1,89.23,57.09,53.67,0,0,0,0,0,0
16.81,82.62,342.64,127.6,38.68,223.32,144.89,351.69,464.54,316.89,85.75,350.11,159.18,83.7,53.07,51.76,0,0,0,0,0,0
14.68,72.06,301.92,112.3,34.19,197.4,127.37,311.77,411.06,281.52,74.81,305.86,138.65,73.98,46.79,44.7,0,0,0,0,0,0
12.36,60.15,246.81,94.29,28.04,169.65,105.98,266.13,351.57,244.85,62.76,259.72,117.07,64.18,41.51,38.79,0,0,0,0,0,0
13.07,60.72,242.14,94.12,28.31,169.32,104.44,262.78,349.83,246.27,62.31,261.06,116.89,64.06,42.78,39.75,0,0,0,0,0,0
14.69,63.08,237.8,96.18,29.37,169.72,104.49,257.59,347.93,247.3,62.72,269.81,118.61,62.81,45.19,42.31,0,0,0,0,0,0
13.11,55.57,206.56,85.46,25.91,148.65,90.99,224.48,304.01,218.59,55.36,239.59,103.68,54.84,40.59,38.08,0,0,0,0,0,0
7.06,31.42,113.26,51.07,13.85,97.19,52.39,146.25,196.53,147.43,32.45,145.76,61.31,37.02,27.69,23.96,0,0,0,0,0,0
6.16,27.89,99.5,45.7,12.15,89.5,46.83,134.61,180.7,137.26,28.79,131.23,55.01,34.44,25.58,21.52,0,0,0,0,0,0
5.87,27.39,100.04,46,11.93,92.95,47.71,140.99,187.73,142.49,28.33,130.63,54.78,35.72,26.11,20.98,0,0,0,0,0,0
6.06,29.2,105.24,49.6,12.56,100.4,53.72,154.33,202.57,158.8,30.67,142.86,61.34,39.69,28.44,22.13,0,0,0,0,0,0
5.08,25.06,89.93,43.17,10.73,85.5,48.41,133.07,172.04,138.41,27.14,124.61,54.9,34.27,24.27,18.87,0,0,0,0,0,0
4.56,21.24,72.53,35.67,8.98,65.82,41.23,101.64,131.16,107.11,23.04,103.72,47.21,25.81,18.82,15.77,0,0,0,0,0,0
5.06,22.71,80.92,36.85,9.81,60.99,42.46,94.53,122.57,94.64,23.39,103.56,48.42,22.63,16.38,15.5,0,0,0,0,0,0
10.19,46.11,191.81,73.68,22.37,113.11,83.3,178.63,234.13,158.02,45.29,190.9,90.26,38.74,25.21,26.52,0,0,0,0,0,0
15.06,68.59,293.6,111.39,34.01,165.95,124.18,264.15,345.88,229.5,68.04,282.78,135.68,56.62,35.37,39.02,0,0,0,0,0,0
18.12,80.34,335.61,131.98,39.22,191.94,144.91,304.82,398.69,269.81,81.7,336.4,164.87,66.51,41.95,48.43,0,0,0,0,0,0
19.33,83.54,336.42,137.71,39.93,198.21,149.39,312.34,408.73,283.77,85.97,355.66,175.98,69.83,45.31,53.14,0,0,0,0,0,0
19.62,85.28,338.07,139.89,40.5,204.56,151.1,320.66,420.07,295.91,86.41,365.81,178.8,73.25,48.26,54.74,0,0,0,0,0,0
18.45,83.28,335.75,136.62,39.65,207.17,148.29,325.52,427.07,298.7,83.44,358.83,171.55,74.61,48.72,52.56,0,0,0,0,0,0
17.64,83.48,349.06,136.24,39.99,217.92,149.99,344.72,453.24,309.95,84.2,357.33,167.13,78.55,50.04,51.27,0,0,0,0,0,0
17.64,84.81,346.62,134.88,39.51,227.02,149.34,357.84,471.42,327.54,86.47,364.76,167.91,85.04,54.66,54,0,0,0,0,0,0
17.71,86.87,351.94,136.02,39.69,238.39,151.49,374.99,494.07,344.51,89.43,374.96,170.59,91.01,58.61,56.53,0,0,0,0,0,0
17,84.04,342.54,130.95,38.51,231.64,147.19,364.32,480.51,332.74,87.09,362.1,164.23,88.05,56.5,54.36,0,0,0,0,0,0
16.78,83.14,342.21,130.26,38.62,231.97,147.68,365.22,481.21,333.58,86.75,358.97,163.07,87.87,56.14,53.19,0,0,0,0,0,0
16.84,82.68,343.73,128.1,38.75,224.83,145.5,353.96,466.39,317.32,85.78,350.25,159.08,83.73,53.34,51.76,0,0,0,0,0,0
14.66,71.87,302.68,112.49,34.1,198.7,127.81,313.3,412.97,279.95,74.55,304.77,138.04,73.34,46.62,44.46,0,0,0,0,0,0
12.31,59.64,245.18,93.81,27.85,169.19,105.68,265,350.95,242.71,62.25,257.39,115.98,63.34,41.19,38.5,0,0,0,0,0,0
12.98,60.19,240.22,93.49,28.07,167.59,104.03,260.27,345.69,242.22,61.68,258.58,115.56,62.87,42.24,39.33,0,0,0,0,0,0
14.67,63.04,237.34,95.87,29.32,168.51,104.14,255.87,345.34,245.93,62.66,269.43,118.51,62.55,44.93,42.21,0,0,0,0,0,0
12.98,55.14,205.06,84.6,25.6,146.62,90.3,221.2,300.99,214.54,54.85,237.77,102.88,53.72,39.7,37.67,0,0,0,0,0,0
6.97,30.7,109.8,49.75,13.57,93.6,51.13,140.64,189.12,142.17,31.73,142.01,59.76,35.55,26.83,23.45,0,0,0,0,0,0
6.25,28.32,101.16,46.47,12.37,91.54,47.47,137.81,184.97,141.22,29.29,133.47,56,35.54,26.26,21.91,0,0,0,0,0,0
5.81,27.04,98.43,44.93,11.75,89.56,46.59,135.63,179.65,136.92,27.93,127.9,53.91,34.37,25.16,20.5,0,0,0,0,0,0
6.12,29.17,105.71,49.78,12.63,101.93,53.86,155.85,205.92,160.14,30.76,142.36,61.37,39.84,28.63,22.19,0,0,0,0,0,0
5.06,24.55,88.38,42.19,10.54,83.74,47.42,129.27,168.22,134.06,26.7,121.1,53.87,32.96,23.43,18.41,0,0,0,0,0,0
4.47,20.81,71.1,34.92,8.74,64.3,40.61,98.94,128.84,103.73,22.58,101.68,46.39,24.8,18.11,15.4,0,0,0,0,0,0
5.04,22.65,80.86,36.77,9.78,60.88,42.41,94.28,122.39,94.1,23.33,103.27,48.31,22.46,16.27,15.44,0,0,0,0,0,0
10.19,46.09,191.6,73.54,22.35,112.71,83.13,177.97,233.5,157.7,45.28,190.77,90.27,38.68,25.1,26.5,0,0,0,0,0,0
15.06,68.58,293.72,111.39,34,166.14,124.18,264.27,346.34,229.46,68.04,282.63,135.67,56.58,35.34,39.01,0,0,0,0,0,0
18.14,80.32,335.46,131.94,39.24,191.86,144.84,304.63,398.37,269.77,81.69,336.16,164.82,66.49,41.97,48.42,0,0,0,0,0,0
19.35,83.7,336.83,137.98,40,198.89,149.61,313.5,410.65,285.66,86.15,356.74,176.41,70.35,45.58,53.32,0,0,0,0,0,0
19.59,85.07,337.39,139.62,40.4,204.19,150.89,319.89,419.83,294.89,86.21,364.94,178.43,72.88,48.03,54.61,0,0,0,0,0,0
18.45,83.07,335.07,136.19,39.59,206.29,147.84,323.72,424.81,296.63,83.26,357.17,171.07,74.01,48.37,52.36,0,0,0,0,0,0
17.73,84.04,351.42,137.23,40.26,220.36,150.86,348.65,457.86,314.18,84.8,360.1,168.3,79.77,50.81,51.7,0,0,0,0,0,0
17.64,84.98,348.33,135.32,39.52,228.66,149.87,360.05,474.82,328.11,86.59,365.54,168.24,85.13,54.69,54.01,0,0,0,0,0,0
17.68,86.72,351.61,135.78,39.6,238.68,151.25,374.78,496.29,344.7,89.37,374.45,170.58,90.91,58.4,56.49,0,0,0,0,0,0
17.18,84.9,345.72,132.33,38.98,234.98,148.26,369.59,486.56,339.54,88.08,365.99,166.06,90.03,57.74,55.07,0,0,0,0,0,0
16.79,83.07,341.63,130.05,38.61,231.43,147.42,364.33,480.31,333.42,86.72,358.61,163,87.84,56.08,53.18,0,0,0,0,0,0
16.78,82.41,341.96,127.28,38.58,222.87,144.61,350.68,463.97,315.68,85.56,349.04,158.79,83.29,52.81,51.61,0,0,0,0,0,0
14.65,72.23,303.6,113,34.17,200.32,128.26,316.01,418.92,284.56,74.96,307.72,139.21,74.6,47.1,44.9,0,0,0,0,0,0
12.32,60.12,246.84,94.64,28,170.77,106.5,268.22,354.75,246.39,62.68,260.62,117.04,64.47,41.79,38.89,0,0,0,0,0,0
12.94,60.14,239.81,93.29,28.02,166.71,103.85,259.18,344.02,241.27,61.59,258.51,115.46,62.69,42.06,39.26,0,0,0,0,0,0
14.58,62.81,237.14,95.59,29.13,167.77,104.1,254.82,343.51,242.69,62.28,268.37,117.86,61.65,44.39,41.88,0,0,0,0,0,0
12.97,55.14,205.95,84.76,25.58,146.97,90.58,221.72,300.54,213.01,54.77,237.46,102.67,53.31,39.55,37.52,0,0,0,0,0,0
6.92,30.86,110.48,50.07,13.53,94.98,51.53,142.83,194.48,144.94,31.88,144,60.45,36.23,27.01,23.67,0,0,0,0,0,0
6.04,28.11,101.55,46.75,12.39,92.13,47.6,138.89,186.64,142.19,28.48,133.69,55.55,35.73,26.25,21.54,0,0,0,0,0,0
5.78,27.81,102.6,47.41,12.3,95.92,48.71,146.12,193.59,148.87,28.18,133.99,55.65,37.47,27.14,21.13,0,0,0,0,0,0
5.87,28.78,104.14,49.36,12.61,99.22,53.11,152.48,199.92,158.37,29.64,141.41,60.44,39.51,28.24,21.59,0,0,0,0,0,0
4.87,24.83,91.51,43.26,10.74,85.78,48.22,132.78,171.86,136.57,26.19,123.51,54.32,33.74,23.67,18.13,0,0,0,0,0,0
4.17,20.18,70.05,34.24,8.6,62.78,39.7,96.65,125.07,101.1,21.2,99.14,44.73,24.14,17.55,14.5,0,0,0,0,0,0
4.5,20.59,73.96,33.18,8.98,55.87,38.8,86.22,112.21,85.95,20.65,93.42,42.97,20.38,14.86,13.57,0,0,0,0,0,0
9.08,41.11,172.82,63.7,20.17,100.79,73.74,159.12,209.55,139.13,39.91,165.81,76.85,34.16,22.33,22.55,0,0,0,0,0,0
12.49,57.1,250.72,88.6,28.87,137.92,102.49,219.59,289.75,184.48,55.65,225.04,104.81,45.63,28.46,29.77,0,0,0,0,0,0
13.56,61.13,266.13,94.86,30.78,146.22,109.3,232.36,307.27,195.8,59.95,241.49,113.35,48.42,30.32,32.45,0,0,0,0,0,0
13.94,61.18,255.75,94.66,30.11,144.67,108.02,227.7,301.87,197.56,60.4,245.71,116.12,48.77,31.65,34.44,0,0,0,0,0,0
15.45,66.1,265.5,101.78,31.82,154.5,114.99,241.01,320.33,214.9,65.91,269.13,128.01,53.13,35.56,39.36,0,0,0,0,0,0
16.6,72.03,288.76,112.58,34.25,172.47,126.09,269.53,357.76,242.3,73.31,298.64,142.39,60.27,40.07,44.39,0,0,0,0,0,0
18.06,81.83,337.1,130.81,38.82,207.12,145.65,326.63,431.9,292.16,84.97,344.83,163.61,73.71,47.53,51.12,0,0,0,0,0,0
19.3,88.84,357.08,141.03,40.84,230.74,156.19,362.65,478,330.12,93.19,380.49,179.41,85.05,55.32,58.2,0,0,0,0,0,0
19.98,94.92,378.29,150.16,42.97,257.82,165.53,405.64,533.75,376.82,100.06,413.05,191.79,99.11,64.16,64.04,0,0,0,0,0,0
18.98,92.69,376,147.3,42.22,262.65,163.01,412.7,544.55,381.68,97.43,405.34,185.79,100.73,64.73,61.93,0,0,0,0,0,0
17.86,88.42,364.38,140.79,40.97,254.34,157.82,400.09,527.38,367.96,92.69,386.22,175.82,96.8,61.93,57.67,0,0,0,0,0,0
17.63,87.87,365.71,138.47,41.18,249.63,155.06,394.02,518.01,360.22,91.07,378.93,170.79,95.44,60.68,56.11,0,0,0,0,0,0
15.16,75.44,318.32,119.58,35.86,216.46,134.12,341.71,449.28,310.93,78.03,324.18,145.9,81.88,51.91,47.31,0,0,0,0,0,0
12.84,63.6,263.26,101.67,29.79,188.97,112.77,296.93,389.68,275.59,66.03,278.52,124.26,72.56,47.01,41.46,0,0,0,0,0,0
13.41,63.55,256.57,100.5,29.7,186.34,110.45,290.03,383.01,271.68,64.8,276.75,122.52,70.96,47.4,41.83,0,0,0,0,0,0
15.01,65.84,251.09,102.19,30.78,185.32,110,282.88,378.51,272.51,65.14,285.21,124.19,69.75,49.73,44.38,0,0,0,0,0,0
13.41,58.41,220.71,91.61,27.32,164.86,96.65,250.45,336.21,243.96,57.81,255.42,109.53,61.81,45.04,40.13,0,0,0,0,0,0
7.02,32.33,119.04,53.56,14.34,103.55,54.69,156.66,209.25,156.6,32.79,151.77,63.1,39.51,29.21,24.4,0,0,0,0,0,0
6.17,28.5,102.54,47.11,12.67,94.25,47.73,142.58,189.17,147.34,29.05,134.85,55.8,37.39,27.5,21.92,0,0,0,0,0,0
5.62,26.94,98.25,45.04,11.85,91.36,46.35,138.99,184.49,143.05,27.42,128.96,53.48,36.15,26.13,20.44,0,0,0,0,0,0
5.75,28.13,103.01,48.16,12.25,99.07,52.19,151.57,199.03,154.69,29.05,137.48,58.48,38.5,27.71,20.97,0,0,0,0,0,0
4.75,24.11,88.96,42.15,10.41,86.02,47.37,133.01,172.99,136.19,25.61,120.31,52.34,33.53,23.76,17.79,0,0,0,0,0,0
4.09,19.71,68.57,33.37,8.37,63.62,39.02,97.95,126.89,101.78,20.86,96.89,43.15,24.36,17.86,14.26,0,0,0,0,0,0
4.3,19.67,70.44,31.18,8.5,54.57,36.98,84.13,110.17,83.89,19.85,88.85,40.34,19.96,14.61,12.94,0,0,0,0,0,0
8.63,39.09,165.65,59.75,19.17,96.37,70.17,152.03,201.07,130.64,37.81,155.8,71.41,32.03,21.01,20.93,0,0,0,0,0,0
11.73,53.71,238.23,81.98,27.33,129.23,96.25,205.75,272.48,169.91,51.94,208.12,95.86,41.98,26.14,26.99,0,0,0,0,0,0
12.35,56.15,248.37,85.32,28.59,134.07,100.12,213.11,282.68,175.83,54.19,216.9,100.03,43.51,27.13,28.21,0,0,0,0,0,0
12.17,54.17,231.33,81.37,27.1,128.34,95.15,201.76,268.72,170.53,52.12,211.24,97.25,42.17,27.33,28.38,0,0,0,0,0,0
12.9,56.29,231.92,83.61,27.64,132.57,97.34,206.25,276.61,178.79,54.02,221.9,101.75,44.27,29.66,30.81,0,0,0,0,0,0
13.2,59.14,244.35,88.71,28.79,142.46,102.79,222.38,297.21,193.78,57.51,236.64,107.88,48.43,32.16,33.06,0,0,0,0,0,0
14.08,66.85,285.34,102.93,32.49,171.61,118.32,271.03,360.14,235.68,66.48,272.74,123.44,60.03,38.29,37.86,0,0,0,0,0,0
15.38,74.33,308.08,114.24,34.82,198.96,129.76,312.63,413.59,279.44,75.1,310.89,140.15,72.93,47.09,45.28,0,0,0,0,0,0
16.68,82.69,337.69,128.02,37.83,232.18,143.92,364.91,482.7,333.91,84.84,354.88,158.96,88.58,57.08,53.21,0,0,0,0,0,0
16.95,85,349.33,133.45,39,247.2,149.59,388.69,514.87,357.79,88.05,369.57,165.13,94.91,60.94,55.47,0,0,0,0,0,0
16.79,84.21,349.1,132.81,39.05,243.72,150.26,383.65,506.84,350.8,87.78,366.21,164.73,92.56,59.11,54.14,0,0,0,0,0,0
17.14,85.43,357.28,133.76,39.97,242.67,150.84,382.26,504.17,345.71,88.5,366.12,164.65,91.52,58.19,54.02,0,0,0,0,0,0
14.93,74.11,312.25,116.63,35.22,210.82,131.31,332.84,438.31,302.86,76.79,317.2,142.73,79.83,50.53,46.33,0,0,0,0,0,0
12.48,61.66,254.69,97.83,28.81,180.64,109.29,283.77,374.37,262.44,64.06,269,120,68.94,44.62,40.01,0,0,0,0,0,0
13.23,62.77,253.67,98.83,29.24,183.74,108.98,285.56,379.02,266.71,64.04,272.91,120.8,69.6,46.36,41.2,0,0,0,0,0,0
14.86,65.28,249.62,101.05,30.4,184.25,109.09,280.82,377.22,269.02,64.58,282.45,122.82,68.8,49.01,43.87,0,0,0,0,0,0
13.15,57.08,216.04,88.85,26.6,159.36,94.2,241.35,324.77,232.68,56.43,248,106.33,58.81,43.06,38.88,0,0,0,0,0,0
6.94,31.51,115.46,51.47,13.98,100.28,52.52,150.66,202.78,151.67,32.16,146.45,61.16,38.24,28.29,23.76,0,0,0,0,0,0
6.25,28.35,101.26,46.61,12.39,92.33,47.61,138.9,187.6,142.85,29.37,134.04,56.23,35.9,26.44,22.04,0,0,0,0,0,0
5.87,27.37,99.49,45.67,11.92,92.19,47.23,139.55,186.95,142.55,28.39,130.37,54.95,35.77,25.96,21,0,0,0,0,0,0
6.04,28.91,105.45,49.38,12.42,101.06,53.65,154.33,204.04,156.67,30.4,140.99,60.74,38.87,27.98,21.83,0,0,0,0,0,0
5.04,24.76,90.08,43.03,10.57,86.42,48.46,133.59,174.47,136.8,26.84,123.09,54.32,33.56,23.88,18.61,0,0,0,0,0,0
4.57,21.33,73.31,35.92,9,67,41.5,103.17,134.23,108.31,23.15,104.28,47.49,26.05,18.93,15.85,0,0,0,0,0,0
5.07,22.87,82.04,37.16,9.85,62.17,42.78,96.11,125.37,95.79,23.56,104.39,48.83,22.91,16.48,15.59,0,0,0,0,0,0
10.22,46.25,191.99,73.79,22.45,113.25,83.3,178.91,234.62,159.36,45.48,191.62,90.65,39.16,25.4,26.67,0,0,0,0,0,0
15.04,68.45,292.93,111.06,33.95,165.06,123.84,262.68,343.98,228.09,67.89,281.86,135.36,56.24,35.12,38.89,0,0,0,0,0,0
18.12,80.22,335.28,131.84,39.19,191.85,144.77,304.42,398.56,269.25,81.6,335.69,164.64,66.29,41.85,48.35,0,0,0,0,0,0
19.34,83.63,336.49,137.79,39.98,198.24,149.41,312.51,408.91,284.62,86.08,356.17,176.22,70.1,45.44,53.24,0,0,0,0,0,0
19.59,84.99,336.57,139.29,40.39,202.95,150.49,318.08,416.98,293.86,86.14,364.29,178.24,72.68,47.88,54.55,0,0,0,0,0,0
18.5,83.31,335.57,136.52,39.73,206.82,148.06,324.8,425.74,298.75,83.54,358.42,171.59,74.66,48.78,52.59,0,0,0,0,0,0
17.71,83.93,350.95,137.05,40.21,219.82,150.71,347.87,456.6,313.2,84.67,359.53,168.02,79.5,50.67,51.61,0,0,0,0,0,0
17.64,84.77,346.9,134.99,39.51,227.35,149.52,358.33,471.41,326.93,86.39,364.43,167.68,84.83,54.66,53.92,0,0,0,0,0,0
17.66,86.44,350.6,135.18,39.51,236.2,150.72,371.24,488.65,339.63,88.97,372.11,169.56,89.68,57.82,56.05,0,0,0,0,0,0
17.05,84.29,343.87,131.38,38.63,232.97,147.57,366.18,483.03,334.39,87.37,363.13,164.76,88.51,56.77,54.52,0,0,0,0,0,0
16.71,82.56,339.49,129.1,38.39,228.88,146.56,360.28,474.81,328.92,86.17,355.82,161.85,86.59,55.33,52.74,0,0,0,0,0,0
16.95,83.37,346.05,129.42,39.06,229.01,146.65,360.43,477.58,326.33,86.63,354.87,161,86.07,54.63,52.6,0,0,0,0,0,0
14.87,73.07,307.69,114.92,34.69,205.71,130.03,324.21,428.51,292.42,75.92,311.61,140.85,76.64,48.69,45.63,0,0,0,0,0,0
12.32,59.95,246.7,94.42,27.95,170.44,106.33,267.33,353.14,244.31,62.5,259.17,116.53,63.85,41.52,38.67,0,0,0,0,0,0
12.86,59.54,237.46,92.08,27.74,163.92,102.7,254.28,338.44,236.02,60.99,254.97,114.22,61.19,41.07,38.73,0,0,0,0,0,0
14.64,63.09,238.46,96.12,29.27,169.74,104.53,257.48,348.32,246.06,62.67,269.87,118.65,62.5,44.85,42.18,0,0,0,0,0,0
13.19,56.27,211.08,86.91,26.15,153.08,92.49,230.95,312.84,222.76,56.04,242.98,105.13,55.94,41.23,38.45,0,0,0,0,0,0
6.99,30.99,110.69,49.99,13.66,93.86,51.28,141.27,189.91,143.53,32.01,143.49,60.45,36.06,26.98,23.62,0,0,0,0,0,0
6.27,28.55,101.59,46.75,12.47,91.71,47.68,138.54,185.18,142.76,29.51,134.78,56.47,36.08,26.56,22.1,0,0,0,0,0,0
6.06,28.6,105.56,48.28,12.47,99.03,49.8,150.53,199.94,152.11,29.61,136.82,57.37,38.39,27.77,21.92,0,0,0,0,0,0
6.1,28.95,103.88,48.94,12.55,98.48,52.92,151,197.3,155.99,30.48,140.5,60.68,38.96,28.07,21.89,0,0,0,0,0,0
5.14,25.08,90.55,43.35,10.81,86.42,48.55,133.97,173.08,138.65,27.22,124.09,54.86,34.24,24.39,18.87,0,0,0,0,0,0
4.48,21.02,72.27,35.34,8.8,65.23,41.07,100.58,130.35,104.59,22.73,102.78,46.74,25.08,18.3,15.49,0,0,0,0,0,0
5.03,22.67,80.93,36.74,9.76,60.86,42.37,94.19,122.76,94.14,23.34,103.44,48.41,22.48,16.2,15.44,0,0,0,0,0,0
10.21,46.24,192.21,73.82,22.42,113.26,83.39,178.99,234.37,158.69,45.42,191.55,90.55,38.98,25.32,26.61,0,0,0,0,0,0
15.06,68.6,293.88,111.43,34.01,166.08,124.24,264.29,345.82,229.15,68.03,282.69,135.65,56.53,35.33,38.99,0,0,0,0,0,0
18.13,80.33,335.66,132,39.23,191.95,144.93,304.83,398.4,269.56,81.68,336.24,164.8,66.44,41.95,48.4,0,0,0,0,0,0
19.34,83.67,336.59,137.9,39.98,198.5,149.54,313.03,409.67,285.16,86.1,356.57,176.3,70.24,45.53,53.29,0,0,0,0,0,0
19.59,85.14,337.53,139.69,40.43,204.14,150.95,320,419.65,295.19,86.27,365.35,178.57,73.02,48.09,54.66,0,0,0,0,0,0
18.48,83.43,336.6,136.85,39.72,207.86,148.48,326.42,428.17,299.41,83.61,359.29,171.85,74.82,48.84,52.64,0,0,0,0,0,0
17.71,83.65,349.37,136.51,40.15,218.32,150.13,345.46,453.15,311.4,84.42,357.81,167.39,78.99,50.44,51.44,0,0,0,0,0,0
17.64,84.63,346.78,134.88,39.46,227.49,149.47,358.18,471.55,326.05,86.26,363.54,167.37,84.49,54.51,53.8,0,0,0,0,0,0
17.67,86.47,350.19,135.2,39.54,236.66,150.64,371.78,491.09,341.88,89.1,372.69,169.9,90.22,58.05,56.25,0,0,0,0,0,0
17.11,84.56,344.11,131.81,38.8,234.02,147.83,368.04,486.12,338.5,87.74,364.97,165.54,89.63,57.43,54.93,0,0,0,0,0,0
16.7,82.57,338.18,128.86,38.4,227.63,146.19,358.92,473.21,329.98,86.21,356.39,162.03,87,55.46,52.89,0,0,0,0,0,0
16.85,83.17,345.34,128.95,38.87,227.6,146.29,358.38,475.16,323.64,86.33,354.09,160.59,85.39,54.07,52.34,0,0,0,0,0,0
14.63,71.9,302.44,112.36,34.06,198.55,127.63,313.01,414.1,280.83,74.62,305.31,138.35,73.59,46.57,44.54,0,0,0,0,0,0
12.35,60.21,246.75,94.56,28.06,169.98,106.32,267.21,352.23,245.96,62.76,260.6,117.11,64.49,41.81,38.9,0,0,0,0,0,0
13.06,60.82,243.17,94.73,28.33,171.03,105.22,265.72,353.23,247.71,62.34,262.19,116.99,64.36,43.12,39.85,0,0,0,0,0,0
14.68,63.33,239.11,96.6,29.4,170.73,104.96,259.37,350.35,248.49,62.91,271.36,119.14,63.19,45.33,42.43,0,0,0,0,0,0
13.06,55.61,207.58,85.56,25.83,149.32,91.21,225.29,306.01,218.04,55.35,239.99,103.85,54.67,40.34,38,0,0,0,0,0,0
7.04,31.07,111.26,50.35,13.75,95.08,51.64,143,191.95,144.92,32.12,143.77,60.54,36.35,27.32,23.73,0,0,0,0,0,0
6.27,28.37,100.39,46.46,12.45,90.81,47.37,137.24,183.09,142.04,29.35,133.81,56.04,35.86,26.53,22.04,0,0,0,0,0,0
5.88,27.52,99.84,45.93,11.98,92.43,47.48,140.34,187.16,143.52,28.51,131.31,55.2,36.11,26.2,21.12,0,0,0,0,0,0
5.94,28.28,101.61,47.93,12.16,96.43,52.18,147.58,194.49,151.36,29.74,137.76,59.38,37.55,27.12,21.37,0,0,0,0,0,0
4.97,24.27,87.24,41.96,10.36,83.03,47.4,128.64,167.43,132.71,26.32,120.6,53.26,32.53,23.22,18.25,0,0,0,0,0,0
4.51,21.18,72.32,35.71,8.89,66.27,41.38,102.42,133.51,107.86,22.95,104.2,47.22,25.92,18.82,15.8,0,0,0,0,0,0
5.02,22.54,80.75,36.74,9.72,61.16,42.47,94.56,123.29,93.76,23.2,102.93,48.1,22.28,16.18,15.37,0,0,0,0,0,0
10.19,46.08,191.72,73.59,22.36,112.96,83.2,178.29,233.94,157.76,45.27,190.7,90.24,38.66,25.13,26.49,0,0,0,0,0,0
15.07,68.72,294.37,111.64,34.05,166.67,124.43,265.21,347.2,230.16,68.15,283.34,135.91,56.8,35.48,39.08,0,0,0,0,0,0
18.12,80.3,335.57,131.95,39.2,191.93,144.89,304.74,398.62,269.45,81.65,336.15,164.77,66.39,41.9,48.39,0,0,0,0,0,0
19.35,83.77,337.2,138.05,40.02,198.96,149.67,313.63,410.46,285.55,86.21,356.92,176.51,70.36,45.58,53.33,0,0,0,0,0,0
19.62,85.36,338.71,140.08,40.51,205.37,151.3,321.74,422.27,296.81,86.51,366.38,179.07,73.45,48.33,54.81,0,0,0,0,0,0
18.47,83.27,336.03,136.62,39.66,207.54,148.26,325.68,427.7,298.59,83.47,358.43,171.54,74.52,48.67,52.53,0,0,0,0,0,0
17.68,83.71,349.71,136.38,40.1,217.88,149.99,344.76,452.74,310.68,84.46,358.11,167.61,78.89,50.16,51.39,0,0,0,0,0,0
17.66,84.86,348.89,135.38,39.51,229.05,150.04,360.3,473.99,326.11,86.44,364.29,167.73,84.51,54.52,53.79,0,0,0,0,0,0
17.63,86.34,350.37,135.05,39.42,236.62,150.62,371.45,491.06,340.12,88.92,371.95,169.58,89.68,57.69,56.05,0,0,0,0,0,0
17.05,84.38,344.46,131.74,38.65,234.33,147.98,368.24,486.73,336.37,87.47,364.11,165.06,88.94,57.03,54.67,0,0,0,0,0,0
16.77,83.09,342.29,130.19,38.59,232.06,147.65,365.15,481.54,333.1,86.7,358.66,162.99,87.7,56.01,53.12,0,0,0,0,0,0
16.8,82.5,342.36,127.38,38.63,223.15,144.66,351.02,464.45,316.12,85.66,349.31,158.99,83.43,52.87,51.66,0,0,0,0,0,0
14.72,72.18,302.74,112.84,34.28,199.24,127.96,314.56,414.93,283.89,74.95,306.76,138.89,74.5,47.25,44.88,0,0,0,0,0,0
12.33,60.05,246.21,94.24,27.97,169.67,106,266.31,352.52,245.3,62.65,259.82,116.94,64.23,41.54,38.81,0,0,0,0,0,0
12.93,60.06,239.76,93.35,27.98,167.63,103.97,260.23,346.93,242.24,61.55,258.44,115.43,62.78,42.12,39.29,0,0,0,0,0,0
14.73,63.39,240.13,96.83,29.47,171.72,105.19,260.4,351.29,248.3,62.99,270.95,119.13,63.07,45.38,42.39,0,0,0,0,0,0
13.15,55.87,209.39,86.22,26.01,151.31,91.85,228.06,308.76,219.63,55.63,240.71,104.22,55.05,40.76,38.14,0,0,0,0,0,0
7.01,31.05,111.47,50.44,13.71,95.37,51.82,143.55,192.77,144.84,32.07,144.01,60.51,36.3,27.29,23.71,0,0,0,0,0,0
6.33,28.88,103.35,47.82,12.66,95.09,48.82,143.82,192.57,147.62,29.87,137.1,57.18,37.23,27.45,22.51,0,0,0,0,0,0
5.92,27.54,99.31,45.89,12.05,92,47.35,139.88,185.99,144.16,28.57,131.35,55.23,36.33,26.38,21.21,0,0,0,0,0,0
6,28.57,102.61,48.34,12.32,97.28,52.48,148.98,195.73,153.25,30.05,138.93,59.95,38.13,27.49,21.58,0,0,0,0,0,0
4.91,24.07,86.72,41.49,10.22,81.97,46.99,126.73,165.4,130.17,26.09,119.37,52.84,31.84,22.7,18,0,0,0,0,0,0
4.42,20.65,70.81,34.71,8.62,63.88,40.51,98.25,128.08,102.08,22.36,100.96,46.01,24.32,17.81,15.22,0,0,0,0,0,0
4.99,22.37,79.3,36.14,9.63,59.14,41.79,91.6,119.31,91.93,23.03,101.93,47.77,21.88,15.83,15.24,0,0,0,0,0,0
10.18,45.98,190.69,73.25,22.33,111.73,82.8,176.59,231.5,157.07,45.19,190.24,90.06,38.54,25.02,26.46,0,0,0,0,0,0
15.02,68.37,292.59,110.93,33.91,164.7,123.73,262.13,343.24,227.5,67.81,281.51,135.19,56.08,35.02,38.83,0,0,0,0,0,0
18.12,80.24,335.12,131.76,39.19,191.37,144.68,303.85,397.44,268.94,81.6,335.75,164.66,66.27,41.81,48.35,0,0,0,0,0,0
19.34,83.56,336.14,137.68,39.95,197.96,149.32,312.09,408.35,284.2,86,355.83,176.05,69.98,45.38,53.19,0,0,0,0,0,0
19.59,85.11,337.61,139.69,40.41,204.34,150.98,320.16,420.04,295.02,86.24,365.14,178.49,72.93,48.06,54.63,0,0,0,0,0,0
18.53,83.54,336.86,137,39.82,208.1,148.53,326.79,428.11,300.2,83.76,359.53,172.03,75.06,49.04,52.73,0,0,0,0,0,0
17.76,83.86,350.68,136.96,40.26,219.74,150.55,347.43,455.71,312.89,84.66,358.65,167.81,79.37,50.7,51.57,0,0,0,0,0,0
17.64,84.71,347.26,134.99,39.47,227.7,149.57,358.52,471.83,326.09,86.32,363.85,167.51,84.54,54.51,53.81,0,0,0,0,0,0
17.6,86.12,348.62,134.56,39.37,234.44,150.12,368.68,485.69,337.97,88.65,370.8,168.95,89.22,57.51,55.9,0,0,0,0,0,0
16.98,84.05,342.33,130.77,38.48,230.98,146.97,363.37,479.46,332.26,87.09,362.15,164.31,88,56.34,54.34,0,0,0,0,0,0
16.74,82.91,340.7,129.53,38.51,229.88,146.88,361.92,477.4,331.4,86.54,357.66,162.71,87.35,55.65,53,0,0,0,0,0,0
16.76,82.23,341.33,126.98,38.51,222.01,144.36,349.34,461.82,313.85,85.35,347.99,158.34,82.79,52.54,51.43,0,0,0,0,0,0
14.55,71.3,299.49,111.16,33.81,195.02,126.48,307.6,406.43,275.56,73.98,302,136.99,72.18,45.73,44.05,0,0,0,0,0,0
12.23,59.09,242.05,92.44,27.62,165.11,104.25,258.7,342.61,237.65,61.71,254.27,114.87,62.07,40.28,38.05,0,0,0,0,0,0
12.95,60.14,239.4,93.2,28.03,166.87,103.67,259.18,345.49,242.63,61.67,258.69,115.67,63,42.15,39.37,0,0,0,0,0,0
14.67,63.36,238.36,96.43,29.41,169.61,104.72,258.15,348.19,248.56,62.92,271.69,119.21,63.34,45.35,42.49,0,0,0,0,0,0
13.1,56.09,209.11,86.41,26.01,151.19,92.01,228.78,310.57,222.48,55.82,243.17,104.95,55.96,41.07,38.46,0,0,0,0,0,0
6.93,30.79,109.24,49.43,13.53,92.12,50.71,138.77,187.1,142.01,31.8,142.74,60.13,35.7,26.63,23.49,0,0,0,0,0,0
6.29,28.46,101.23,46.72,12.49,92.12,47.63,138.85,186.36,143.45,29.49,134.32,56.35,36.15,26.67,22.14,0,0,0,0,0,0
5.93,27.81,100.71,46.47,12.13,93.82,47.94,142.68,190.51,146.85,28.85,133.13,55.92,37.02,26.75,21.45,0,0,0,0,0,0
5.99,28.56,102.07,48.28,12.3,97.48,52.38,149.25,197.87,155,30.1,139.54,60.21,38.55,27.61,21.73,0,0,0,0,0,0
5.01,24.47,87.21,42.16,10.48,83.53,47.44,129.52,169.4,135.72,26.61,121.89,53.88,33.37,23.66,18.56,0,0,0,0,0,0
4.44,20.77,70.88,34.89,8.67,64.5,40.62,99.24,130.4,104.28,22.53,101.95,46.44,24.89,18.08,15.43,0,0,0,0,0,0
4.95,22.21,78.84,35.9,9.54,58.77,41.61,90.87,119.03,90.94,22.87,101.3,47.5,21.56,15.59,15.12,0,0,0,0,0,0
10.18,46.07,191.44,73.58,22.35,112.91,83.18,178.31,234.25,158.29,45.28,190.92,90.29,38.8,25.19,26.54,0,0,0,0,0,0
15.06,68.63,293.85,111.49,34.03,166.33,124.28,264.67,346.71,229.97,68.09,282.99,135.77,56.73,35.44,39.06,0,0,0,0,0,0
18.12,80.33,335.56,131.95,39.21,191.89,144.88,304.72,398.66,269.73,81.69,336.33,164.86,66.48,41.93,48.42,0,0,0,0,0,0
19.32,83.56,336.35,137.67,39.93,198.02,149.33,312.09,408.51,283.81,85.98,355.78,176.05,69.87,45.28,53.15,0,0,0,0,0,0
19.59,85.19,337.76,139.68,40.43,204.11,150.92,319.88,419.6,295.09,86.32,365.46,178.68,73.02,48.04,54.66,0,0,0,0,0,0
18.47,83.09,334.76,136.24,39.64,206.2,147.85,323.79,424.43,297.33,83.3,357.35,171.09,74.22,48.57,52.44,0,0,0,0,0,0
17.81,84.53,354.5,138.4,40.48,223.76,152.08,353.79,463.94,317.53,85.27,362.38,169.17,80.63,51.48,52,0,0,0,0,0,0
17.7,85.05,349.31,135.8,39.62,230.57,150.39,362.6,478.4,329.79,86.72,365.81,168.36,85.42,55.05,54.12,0,0,0,0,0,0
17.69,86.84,351.46,135.65,39.65,237.36,151.03,373.26,492.57,343.74,89.43,374.65,170.67,90.87,58.33,56.48,0,0,0,0,0,0
17.1,84.41,343.1,131.47,38.76,232.89,147.48,366.4,483.54,337.27,87.59,364.06,165.17,89.32,57.27,54.83,0,0,0,0,0,0
16.79,82.83,340.7,129.81,38.57,231.29,147.2,363.78,480.23,332.96,86.53,357.39,162.53,87.57,56.02,53.09,0,0,0,0,0,0
16.84,82.91,344.29,128.5,38.79,226.34,145.86,356.34,471.88,321.23,86.07,352.42,159.93,84.73,53.75,52.11,0,0,0,0,0,0
14.67,71.98,301.74,112.31,34.14,198.21,127.42,312.66,414.06,282.7,74.78,305.89,138.67,74.14,46.85,44.75,0,0,0,0,0,0
12.23,59.56,243.8,93.42,27.74,167.52,105.29,263.12,348.86,242.41,62.12,257.85,115.97,63.39,41.02,38.51,0,0,0,0,0,0
12.97,60.09,239.75,93.19,28.02,167.29,103.68,259.38,346.13,242.08,61.64,258.09,115.56,62.77,42.04,39.29,0,0,0,0,0,0
14.75,63.57,239.95,97.12,29.56,171.9,105.42,261.37,352.14,250.84,63.18,272.54,119.58,63.84,45.85,42.67,0,0,0,0,0,0
13.16,56.16,210.33,86.61,26.08,151.88,92.2,229.37,310.13,221.28,55.88,242.43,104.84,55.61,41.01,38.33,0,0,0,0,0,0
6.88,30.27,107.04,48.46,13.33,89.72,49.77,134.73,181.96,137.88,31.29,139.76,59.01,34.53,25.93,23.09,0,0,0,0,0,0
6.05,27.99,101.58,46.52,12.36,91.51,47.4,137.66,184.01,139.72,28.33,132.31,55.11,35.07,25.93,21.3,0,0,0,0,0,0
5.63,27.15,100.33,45.87,11.9,91.58,47.32,139.12,183.93,140.13,27.39,129.85,54.1,35.21,25.58,20.32,0,0,0,0,0,0
5.87,29.15,107.63,50.47,12.67,102.91,54.46,157.85,207.24,160.24,29.91,143.42,61.09,39.89,28.53,21.7,0,0,0,0,0,0
4.69,23.98,87.71,42.1,10.32,83.01,47.35,128.75,167.82,132.31,25.26,120.46,52.63,32.38,22.89,17.65,0,0,0,0,0,0
4.17,20.51,71.94,35.04,8.68,65.24,40.58,100.54,131.08,104.39,21.51,101.51,45.54,24.98,18.01,14.78,0,0,0,0,0,0
4.47,20.8,75.09,33.59,8.99,56.97,39.27,88.09,115.13,87.35,20.81,94.93,43.47,20.77,15,13.69,0,0,0,0,0,0
9.1,41.44,174.94,64.43,20.26,102.99,74.52,162.43,214.2,141.32,40.22,167.63,77.55,34.73,22.66,22.74,0,0,0,0,0,0
12.47,57.1,251.17,88.68,28.83,138.48,102.64,220.28,291.29,184.44,55.63,225.16,104.84,45.57,28.38,29.74,0,0,0,0,0,0
13.55,61.06,266.03,94.8,30.74,146.18,109.27,232.22,307.17,195.28,59.87,241.14,113.2,48.25,30.23,32.39,0,0,0,0,0,0
13.95,61.22,255.92,94.77,30.14,144.99,108.12,228.2,302.54,198.1,60.45,245.95,116.21,48.9,31.75,34.49,0,0,0,0,0,0
15.45,66.07,265.41,101.74,31.82,154.46,114.95,240.89,320.23,214.79,65.89,268.96,127.96,53.08,35.54,39.35,0,0,0,0,0,0
16.57,71.83,287.72,112.16,34.16,171.32,125.67,267.73,355.47,240.75,73.1,297.58,141.98,59.84,39.8,44.24,0,0,0,0,0,0
17.97,81.13,333.53,129.16,38.52,202.16,143.98,318.92,420.91,284.89,84.23,340.52,162.02,71.85,46.32,50.47,0,0,0,0,0,0
19.46,89.72,360.1,142.42,41.29,233.71,157.31,367.75,483.27,336.78,94.14,384.74,181.23,87.05,56.57,58.91,0,0,0,0,0,0
20.03,95.25,380.6,150.84,43.1,259.68,166.23,408.34,536.39,377.81,100.36,414.22,192.32,99.4,64.4,64.13,0,0,0,0,0,0
18.97,92.11,372.76,146.35,42.1,259.87,162.06,408.51,537.98,378.42,96.88,402.16,184.43,99.79,64.4,61.62,0,0,0,0,0,0
17.78,87.76,360.57,139.51,40.73,250.53,156.56,394.46,519.59,363.58,92.02,382.97,174.4,95.61,61.26,57.26,0,0,0,0,0,0
17.55,87.01,362.46,137.07,40.85,247.09,153.76,389.06,513.52,355,90.28,374.24,169.1,93.75,59.68,55.52,0,0,0,0,0,0
15.07,74.83,317.08,118.85,35.58,215.39,133.65,339.37,446.76,305.93,77.36,320.86,144.5,80.31,51.07,46.75,0,0,0,0,0,0
12.55,61.9,255.67,98.63,28.98,181.32,110.07,284.84,375.51,263.31,64.23,270.38,120.75,69.03,44.78,40.22,0,0,0,0,0,0
13.37,63.46,255.62,100.62,29.66,187.16,110.63,291.51,387.08,274.67,64.77,277.73,122.66,71.6,47.76,42.06,0,0,0,0,0,0
15.04,66.31,254.17,103.17,30.9,188.48,111.03,287.47,385.46,275.64,65.6,287.73,125.25,70.55,50.13,44.65,0,0,0,0,0,0
13.28,58.18,220.32,91.22,27.06,164.43,96.46,249.59,337.36,242.24,57.5,255.07,109.28,61.26,44.44,39.91,0,0,0,0,0,0
6.99,32.06,115.78,52.57,14.26,100.43,53.48,152.2,204.52,156.28,32.62,150.82,62.84,39.53,29.01,24.43,0,0,0,0,0,0
5.94,27.31,97.23,44.8,12.06,88.35,45.63,133.21,178.52,137.99,27.78,129.13,53.43,34.78,25.7,20.99,0,0,0,0,0,0
5.62,26.74,97.57,44.9,11.81,91.49,46.25,138.89,185.04,142.86,27.26,128.05,53.1,35.96,26.11,20.38,0,0,0,0,0,0
5.68,27.86,101.01,47.38,12.08,96.64,51.38,148.08,195.03,152.61,28.77,136.46,58.06,38.03,27.23,20.8,0,0,0,0,0,0
4.67,23.63,86.02,40.89,10.18,82.04,46.07,127.08,164.86,131.43,25.09,117.67,51.33,32.37,22.92,17.39,0,0,0,0,0,0
4.12,19.97,69.97,33.85,8.46,64.85,39.49,99.88,129.15,103.22,21.11,98.14,43.67,24.79,18.12,14.41,0,0,0,0,0,0
4.25,19.49,69.89,30.96,8.39,54.16,36.85,83.46,109.77,82.74,19.64,88.24,40,19.6,14.37,12.81,0,0,0,0,0,0
8.63,39.03,165.37,59.56,19.15,95.88,69.94,151.11,199.82,129.82,37.77,155.19,71.26,31.82,20.87,20.86,0,0,0,0,0,0
11.72,53.64,238.3,81.87,27.28,129.2,96.17,205.44,272.41,169,51.86,207.57,95.7,41.7,25.95,26.89,0,0,0,0,0,0
12.35,56.21,248.75,85.5,28.6,134.75,100.33,214.12,284.4,176.67,54.24,217.35,100.17,43.7,27.25,28.27,0,0,0,0,0,0
12.18,54.3,231.7,81.68,27.14,129.23,95.47,203.31,271.19,172.48,52.25,212.36,97.6,42.67,27.63,28.55,0,0,0,0,0,0
12.91,56.4,232.17,83.73,27.69,132.58,97.42,206.48,276.41,179.29,54.13,222.45,101.96,44.48,29.78,30.88,0,0,0,0,0,0
13.24,59.35,245.25,89.07,28.88,143.47,103.11,223.93,299.5,195.59,57.75,237.77,108.38,48.93,32.44,33.23,0,0,0,0,0,0
14.09,66.75,284.76,102.75,32.48,171.12,118.11,270.2,358.91,235.06,66.39,272.04,123.19,59.85,38.22,37.8,0,0,0,0,0,0
15.43,74.57,309.97,115.07,34.93,202.18,130.66,317.11,420.91,283.02,75.39,312.41,140.76,73.69,47.63,45.55,0,0,0,0,0,0
16.72,82.6,337.21,127.47,37.84,230.51,143.2,361.88,478.04,331.21,84.8,353.17,158.69,87.96,56.64,53,0,0,0,0,0,0
16.92,84.5,347.04,131.99,38.83,242.48,148.01,381.11,502.51,349.84,87.52,365.19,163.77,92.98,59.74,54.8,0,0,0,0,0,0
16.93,84.8,350.62,133.61,39.41,245.01,150.79,386.1,508.36,355.11,88.44,368.73,165.89,93.92,60.01,54.64,0,0,0,0,0,0
17.17,85.36,357.43,134,40,243.98,151.13,383.93,507.07,346.94,88.49,365.92,164.54,91.67,58.43,54.08,0,0,0,0,0,0
14.96,74.48,313.95,117.69,35.36,214.04,132.45,338.1,446.24,308.17,77.17,320.22,143.65,81.15,51.4,46.79,0,0,0,0,0,0
12.61,62.39,257.85,99.38,29.17,184.84,110.76,290.5,383.07,269.43,64.84,273.09,121.56,70.81,45.87,40.68,0,0,0,0,0,0
13.44,63.69,258.44,101.05,29.75,190.2,111.12,295.41,391.51,275.74,65.07,277.65,122.67,71.9,48.08,42.02,0,0,0,0,0,0
14.98,65.96,252.85,102.49,30.73,187.89,110.48,286.73,383.87,274.34,65.27,285.95,124.13,70.27,50.06,44.39,0,0,0,0,0,0
13.11,56.91,214.65,88.82,26.53,159.59,94.25,242.02,327.15,234.67,56.28,248.4,106.18,59.2,43.33,39.03,0,0,0,0,0,0
6.87,31.31,113.58,51.16,13.88,98.85,52.28,149.29,200.8,151.61,31.91,146.52,60.81,38.26,28.3,23.78,0,0,0,0,0,0
6.25,28.34,100.61,46.54,12.41,91.43,47.52,138.05,185.04,142.47,29.32,134,56.07,35.9,26.52,22.05,0,0,0,0,0,0
6.05,28.49,103.2,47.59,12.46,96.09,48.9,146.71,194.21,151.46,29.53,136.39,57.23,38.44,27.67,21.95,0,0,0,0,0,0
6.01,28.33,101.35,47.86,12.28,96.19,51.93,146.98,193.32,151.95,29.88,137.37,59.48,37.73,27.29,21.46,0,0,0,0,0,0
4.98,24.39,87.91,42.07,10.4,83.57,47.47,129.21,168.79,133.37,26.47,121.03,53.59,32.71,23.25,18.31,0,0,0,0,0,0
4.45,20.78,70.94,34.98,8.71,64.45,40.72,99.35,129.47,104.06,22.53,101.89,46.34,24.86,18.17,15.42,0,0,0,0,0,0
5.01,22.58,80.53,36.72,9.72,60.82,42.42,94.28,122.81,94.03,23.22,103.27,48.19,22.41,16.22,15.42,0,0,0,0,0,0
10.22,46.34,192.45,74.06,22.48,113.96,83.62,180.17,236.17,160.36,45.55,192.36,90.83,39.42,25.6,26.76,0,0,0,0,0,0
15.02,68.36,292.54,110.91,33.91,164.65,123.71,262.05,343.12,227.39,67.79,281.43,135.16,56.05,35.01,38.82,0,0,0,0,0,0
18.11,80.22,335.03,131.73,39.18,191.23,144.65,303.68,397.07,268.68,81.57,335.64,164.59,66.2,41.78,48.32,0,0,0,0,0,0
19.31,83.48,335.96,137.51,39.89,197.53,149.18,311.37,407.44,283.09,85.9,355.35,175.87,69.68,45.17,53.08,0,0,0,0,0,0
19.63,85.38,338.65,140.07,40.53,205.09,151.28,321.45,421.22,296.49,86.51,366.32,179.03,73.41,48.33,54.8,0,0,0,0,0,0
18.57,84.03,339.29,138.14,40,211.47,149.71,332.14,435.85,305.25,84.25,362.73,173.16,76.36,49.85,53.18,0,0,0,0,0,0
17.74,83.98,351.66,137.11,40.25,219.94,150.76,347.82,455.63,312.11,84.71,359.06,167.96,79.24,50.57,51.51,0,0,0,0,0,0
17.68,84.79,347.83,134.81,39.52,226.75,149.3,356.89,468.14,323.82,86.39,363.12,167.49,84.09,54.21,53.65,0,0,0,0,0,0
17.56,85.85,348.52,133.94,39.19,233.35,149.57,366.2,483.02,333.79,88.35,368.59,168.34,88.05,56.68,55.47,0,0,0,0,0,0
17.1,84.52,344.41,131.58,38.75,233.39,147.61,366.79,484.14,336.26,87.66,364.13,165.36,89.08,57.02,54.73,0,0,0,0,0,0
16.76,83.08,342.27,130.29,38.57,232.34,147.79,365.72,482.42,333.55,86.67,358.96,162.98,87.8,56.09,53.15,0,0,0,0,0,0
16.86,82.95,345.13,128.66,38.82,226.6,146.08,356.67,470.8,319.92,86.05,352.03,159.77,84.4,53.68,51.99,0,0,0,0,0,0
14.79,72.56,306.11,113.76,34.43,202.26,128.95,318.6,419.68,284.99,75.31,307.91,139.5,74.73,47.5,44.95,0,0,0,0,0,0
12.32,59.92,246.52,94.25,27.92,170.03,106.13,266.58,352.51,243.85,62.49,258.93,116.54,63.75,41.37,38.63,0,0,0,0,0,0
13.04,60.43,241.16,93.94,28.22,168.93,104.38,262.24,348.56,244.83,61.99,259.79,116.14,63.56,42.68,39.58,0,0,0,0,0,0
14.66,63.06,238.49,96.31,29.3,170.54,104.76,258.63,349.96,246.91,62.65,269.84,118.55,62.61,45.06,42.23,0,0,0,0,0,0
13.1,55.88,208.27,86.17,25.97,150.7,91.79,227.87,309.13,221.32,55.62,241.88,104.42,55.56,40.96,38.32,0,0,0,0,0,0
7,30.79,109.88,49.98,13.64,94.35,51.33,141.87,191.26,144.19,31.86,142.81,60.05,36.05,27.16,23.63,0,0,0,0,0,0
6.24,28.09,99.62,46,12.33,90.11,46.95,135.67,181.93,140.04,29.1,132.23,55.51,35.23,26.11,21.81,0,0,0,0,0,0
6.01,28.01,101.45,46.85,12.29,95.08,48.19,144.37,192.99,149.28,29.14,133.89,56.39,37.64,27.18,21.68,0,0,0,0,0,0
6.06,29,105.06,49.49,12.51,100.87,53.69,154.49,203.56,158.03,30.5,141.67,60.91,39.3,28.3,22,0,0,0,0,0,0
4.98,24.53,88.5,42.33,10.43,83.93,47.75,130.09,169.34,133.92,26.56,121.91,53.81,32.92,23.37,18.38,0,0,0,0,0,0
4.51,20.99,71.51,35.2,8.84,64.88,40.81,99.99,130.01,105.51,22.79,102.62,46.79,25.32,18.44,15.59,0,0,0,0,0,0
5.04,22.7,81.19,36.99,9.78,61.71,42.68,95.57,124.7,95.26,23.37,103.9,48.47,22.71,16.42,15.53,0,0,0,0,0,0
10.17,45.96,190.85,73.29,22.31,112,82.89,176.92,232.05,156.91,45.15,190.14,90,38.46,24.99,26.43,0,0,0,0,0,0
15.06,68.53,293.28,111.22,33.99,165.47,124,263.34,344.65,228.75,67.98,282.26,135.52,56.43,35.26,38.96,0,0,0,0,0,0
18.12,80.23,335.29,131.8,39.19,191.47,144.73,303.98,397.29,268.64,81.59,335.6,164.59,66.18,41.8,48.32,0,0,0,0,0,0
19.34,83.67,336.86,137.97,39.99,198.77,149.63,313.35,409.93,285.02,86.1,356.48,176.27,70.19,45.53,53.27,0,0,0,0,0,0
19.59,85.1,337.62,139.59,40.4,203.98,150.87,319.58,419.08,294.29,86.22,364.89,178.44,72.77,47.93,54.57,0,0,0,0,0,0
18.46,83.38,336.61,136.88,39.69,208.16,148.56,326.82,429.08,299.42,83.55,359.25,171.77,74.76,48.82,52.61,0,0,0,0,0,0
17.78,84.32,352.48,137.65,40.4,221.05,151.22,349.98,458.48,315.53,85.07,361.29,168.78,80.24,51.13,51.87,0,0,0,0,0,0
17.83,85.95,351.61,137.01,40.05,231.95,151.31,366.08,479.88,335.4,87.6,370.34,170.09,87.34,56.23,54.81,0,0,0,0,0,0
17.82,87.44,354.25,137.1,39.98,241.19,152.44,379.45,499.66,349.57,90.06,377.9,171.82,92.41,59.52,57.02,0,0,0,0,0,0
17.19,85.18,347.73,133.24,39.05,237.93,149.33,374.19,493.34,342.79,88.32,368.18,166.7,90.78,58.26,55.32,0,0,0,0,0,0
16.96,84.27,347.71,132.77,39.13,239.62,150.13,376.94,498.32,345.38,88,365.67,165.71,90.91,58.05,54.25,0,0,0,0,0,0
16.87,82.99,344.07,128.5,38.87,225.75,145.77,355.75,469.92,321.39,86.15,352.61,160.01,84.88,53.88,52.18,0,0,0,0,0,0
14.72,72.31,303.84,113.06,34.3,199.82,128.21,315.34,415.56,283.56,75.04,307.11,139.07,74.44,47.2,44.85,0,0,0,0,0,0
12.29,59.42,243.3,92.99,27.78,166.17,104.73,260.62,344.19,239.75,62.04,255.84,115.49,62.73,40.72,38.29,0,0,0,0,0,0
12.97,60.18,239.42,93.28,28.07,166.83,103.74,259.31,345.03,242.89,61.71,258.89,115.71,63.1,42.26,39.42,0,0,0,0,0,0
14.66,63.08,237.99,96.12,29.3,169.76,104.49,257.59,348.74,247.01,62.69,270,118.68,62.72,45.02,42.27,0,0,0,0,0,0
13.01,55.45,207.33,85.3,25.7,148.77,91.05,224.33,305.11,216.15,55.14,239.26,103.51,54.13,39.95,37.8,0,0,0,0,0,0
6.91,30.39,108.12,49.03,13.4,92,50.42,137.96,187.23,140.48,31.44,140.73,59.33,35.05,26.35,23.27,0,0,0,0,0,0
6.23,28.46,101.39,46.74,12.4,92.22,47.76,139.19,187.43,143.33,29.42,134.88,56.42,36.12,26.54,22.11,0,0,0,0,0,0
5.88,27.78,101.17,46.42,12.03,93.88,48,142.67,190.95,145.65,28.75,133.06,55.85,36.69,26.45,21.31,0,0,0,0,0,0
6.04,28.96,104.25,49.14,12.47,99.28,53.27,152.38,200.06,156.72,30.43,141.34,60.79,39.1,28.09,21.92,0,0,0,0,0,0
5,24.47,88.55,42.3,10.44,83.77,47.75,129.78,167.89,132.77,26.48,121.17,53.51,32.6,23.31,18.27,0,0,0,0,0,0
4.51,21.14,72.6,35.4,8.86,65.35,41.02,100.64,130.56,105.28,22.9,103.1,47.04,25.31,18.38,15.58,0,0,0,0,0,0
4.98,22.35,79.81,36.28,9.61,59.85,42.02,92.51,120.74,91.76,22.98,101.88,47.69,21.76,15.8,15.19,0,0,0,0,0,0
10.21,46.09,191.58,73.61,22.39,112.88,83.19,178.24,233.43,157.93,45.29,190.66,90.21,38.72,25.22,26.52,0,0,0,0,0,0
15.05,68.5,293.47,111.26,33.97,165.62,124.08,263.53,344.73,228.22,67.92,282.08,135.4,56.26,35.19,38.9,0,0,0,0,0,0
18.12,80.29,335.39,131.89,39.2,191.67,144.81,304.41,398.15,269.41,81.65,336.15,164.78,66.4,41.88,48.39,0,0,0,0,0,0
19.36,83.75,337.09,138.02,40.02,198.9,149.64,313.53,410.27,285.5,86.19,356.79,176.46,70.34,45.59,53.32,0,0,0,0,0,0
19.58,85.06,337.45,139.61,40.39,204.05,150.9,319.71,419.22,294.36,86.18,364.8,178.35,72.76,47.97,54.57,0,0,0,0,0,0
18.51,83.54,337.03,137.23,39.8,209.04,148.87,328.3,430.78,301.42,83.74,360.12,172.09,75.29,49.22,52.81,0,0,0,0,0,0
17.76,83.98,351.75,137.25,40.28,220.86,150.88,348.93,458.25,313.64,84.78,359.29,168.11,79.54,50.76,51.62,0,0,0,0,0,0
17.7,85.2,349.01,135.8,39.67,229.77,150.29,361.97,476.71,330.47,86.84,366.69,168.66,85.78,55.2,54.25,0,0,0,0,0,0
17.65,86.62,350.84,135.47,39.54,236.81,151,372.59,491.01,341.93,89.14,373.73,170.07,90.34,58.12,56.28,0,0,0,0,0,0
17.1,84.49,345.38,132.12,38.74,235.65,148.36,370.03,488.89,337.55,87.61,364.44,165.24,89.19,57.31,54.76,0,0,0,0,0,0
16.65,82.31,339.87,129.09,38.23,229.42,146.82,360.77,475.34,326.32,85.81,354.5,161.13,85.72,54.95,52.42,0,0,0,0,0,0
16.89,83.23,346.02,129.18,38.94,228.04,146.54,359.06,474.56,323.19,86.37,353.89,160.49,85.28,54.18,52.31,0,0,0,0,0,0
14.69,71.89,301.72,112.39,34.17,198.01,127.58,312.57,411.7,281.13,74.63,305.01,138.14,73.72,46.87,44.61,0,0,0,0,0,0
12.35,59.59,243.47,93.44,27.93,167.33,105.11,262.64,346.58,242.82,62.27,256.95,115.84,63.51,41.35,38.58,0,0,0,0,0,0
13.06,60.75,242.33,94.5,28.32,170.6,104.91,264.93,353.14,248.27,62.33,261.93,116.99,64.48,43.14,39.9,0,0,0,0,0,0
14.74,63.55,240.49,97.1,29.52,172.2,105.45,261.48,352.63,249.87,63.14,272.13,119.5,63.54,45.64,42.55,0,0,0,0,0,0
13,55.35,206.13,84.96,25.69,147.6,90.62,222.7,303.06,215.98,55.07,238.85,103.37,54.13,39.91,37.81,0,0,0,0,0,0
6.94,30.59,109.11,49.44,13.49,92.85,50.83,139.46,188.38,141.54,31.62,141.68,59.65,35.38,26.61,23.38,0,0,0,0,0,0
6.19,28.29,100.5,46.32,12.31,90.62,47.37,136.97,183.61,140.88,29.19,133.89,55.95,35.54,26.18,21.91,0,0,0,0,0,0
6.01,27.73,99.42,46.15,12.24,92.37,47.42,140.55,185.99,146.22,28.85,131.9,55.58,36.94,26.87,21.45,0,0,0,0,0,0
6.03,28.68,103.03,48.55,12.38,97.93,52.65,149.94,197.29,154.58,30.2,139.58,60.25,38.48,27.69,21.71,0,0,0,0,0,0
4.96,23.98,85.59,41.13,10.28,80.8,46.45,124.82,162.59,129.9,26.1,118.43,52.69,31.81,22.71,18.01,0,0,0,0,0,0
4.49,20.75,70.46,34.82,8.75,63.92,40.47,98.45,127.92,103.87,22.54,101.36,46.25,24.84,18.19,15.42,0,0,0,0,0,0
5.03,22.64,80.8,36.74,9.75,60.99,42.39,94.37,123.21,94.36,23.32,103.4,48.37,22.51,16.23,15.45,0,0,0,0,0,0
10.23,46.34,192.41,74.01,22.49,113.83,83.54,179.89,235.78,160.21,45.56,192.17,90.82,39.38,25.57,26.75,0,0,0,0,0,0
15.05,68.49,293.04,111.13,33.97,165.21,123.91,262.97,344.26,228.47,67.93,282.09,135.44,56.35,35.2,38.93,0,0,0,0,0,0
18.11,80.21,335.24,131.76,39.17,191.37,144.71,303.83,397.17,268.34,81.55,335.53,164.54,66.1,41.73,48.28,0,0,0,0,0,0
19.33,83.6,336.57,137.79,39.95,198.36,149.45,312.65,409.29,284.36,86.03,356.11,176.16,70.01,45.38,53.2,0,0,0,0,0,0
19.55,84.85,336.51,139.18,40.29,202.94,150.5,317.92,417.03,292.57,85.96,363.66,177.91,72.27,47.64,54.39,0,0,0,0,0,0
18.41,82.89,334.45,135.86,39.49,205.47,147.56,322.36,423.14,294.9,83.06,356.21,170.67,73.52,48.05,52.18,0,0,0,0,0,0
17.71,83.76,350.95,136.78,40.15,219.6,150.47,346.93,455.66,311.17,84.52,358.06,167.62,78.88,50.31,51.38,0,0,0,0,0,0
17.77,85.6,351.31,136.68,39.85,232.22,151.17,365.71,481.21,333.31,87.25,368.65,169.44,86.54,55.73,54.51,0,0,0,0,0,0
17.65,86.15,348.8,134.49,39.43,234.3,149.94,368.13,484.65,337.63,88.74,370.27,168.98,89.15,57.48,55.88,0,0,0,0,0,0
17,83.82,341.8,130.5,38.45,230.6,146.72,362.33,477.72,330.44,86.89,360.38,163.7,87.41,56.14,54.14,0,0,0,0,0,0
16.8,82.69,339.46,129.44,38.58,229.53,146.77,361.43,475.14,331.09,86.38,356.18,162.01,87.17,55.92,52.97,0,0,0,0,0,0
16.93,82.96,344.31,128.5,38.93,226.31,145.69,355.96,470.57,321.46,86.21,351.77,159.94,84.8,53.92,52.16,0,0,0,0,0,0
14.79,72.41,304.18,113.42,34.43,201.03,128.5,317.07,417.85,285.78,75.22,307.57,139.29,74.95,47.66,45.05,0,0,0,0,0,0
12.37,60.09,246.83,94.64,28.06,170.98,106.44,268.22,354.48,246.38,62.7,259.96,116.91,64.42,41.87,38.88,0,0,0,0,0,0
13.07,60.72,242.16,94.42,28.34,169.97,104.81,264.12,350.76,247.17,62.29,261.42,116.77,64.25,43.09,39.82,0,0,0,0,0,0
14.67,62.92,236.61,95.63,29.3,167.85,103.89,254.82,343.82,245.17,62.54,268.69,118.23,62.33,44.84,42.14,0,0,0,0,0,0
13.01,55.27,205.76,84.98,25.69,147.64,90.68,222.87,302.87,215.98,54.99,238.55,103.13,54.08,40.01,37.8,0,0,0,0,0,0
6.94,30.62,109.29,49.41,13.49,92.64,50.78,139.14,187.67,141.07,31.64,141.65,59.69,35.3,26.54,23.35,0,0,0,0,0,0
6.3,28.29,100.93,46.34,12.45,90.84,47.25,136.67,181.84,140.03,29.29,132.47,55.73,35.28,26.25,21.83,0,0,0,0,0,0
5.94,27.55,99.6,45.88,12.08,91.88,47.31,139.55,184.8,143.26,28.58,130.85,55.13,36.11,26.31,21.14,0,0,0,0,0,0
6.06,29,105.13,49.4,12.5,100.35,53.6,153.76,201.88,156.93,30.47,141.39,60.82,39.07,28.16,21.91,0,0,0,0,0,0
4.83,23.52,85.09,40.62,9.96,79.84,46.3,123.16,160.38,124.82,25.46,116.28,51.54,30.32,21.83,17.46,0,0,0,0,0,0
4.4,20.47,70.04,34.34,8.55,62.81,40.16,96.54,125.49,100.15,22.16,99.81,45.56,23.81,17.51,15.04,0,0,0,0,0,0
5.02,22.61,80.87,36.77,9.73,60.99,42.48,94.47,122.92,93.82,23.25,103.28,48.23,22.36,16.19,15.4,0,0,0,0,0,0
10.21,46.24,192.21,73.95,22.44,113.81,83.55,179.83,235.83,159.62,45.44,191.79,90.58,39.17,25.48,26.67,0,0,0,0,0,0
15.04,68.47,293.21,111.19,33.96,165.47,123.99,263.29,344.68,228.38,67.91,282.03,135.39,56.3,35.19,38.91,0,0,0,0,0,0
18.11,80.21,335.14,131.77,39.17,191.4,144.71,303.9,397.43,268.68,81.56,335.64,164.58,66.19,41.78,48.32,0,0,0,0,0,0
19.34,83.61,336.56,137.87,39.97,198.68,149.53,313.12,410.02,284.97,86.06,356.21,176.18,70.14,45.5,53.25,0,0,0,0,0,0
19.56,84.92,336.59,139.25,40.32,202.93,150.54,318.07,416.97,293.02,86.02,364.03,178.04,72.43,47.73,54.45,0,0,0,0,0,0
18.49,83.34,336.12,136.77,39.73,207.72,148.39,326.13,427.58,299.21,83.54,358.7,171.6,74.71,48.87,52.61,0,0,0,0,0,0
17.75,83.96,351.26,137.02,40.26,219.5,150.64,347.28,454.62,312.07,84.7,358.97,167.92,79.26,50.59,51.52,0,0,0,0,0,0
17.71,85.02,347.75,135.28,39.66,227.84,149.67,359.06,471.54,328.11,86.67,365.11,168.13,85.24,54.93,54.07,0,0,0,0,0,0
17.7,86.49,349.58,134.86,39.59,234.48,150.18,368.93,484.39,339.39,89.07,371.87,169.63,89.81,57.86,56.12,0,0,0,0,0,0
17,83.98,341.34,130.65,38.52,230.22,146.81,362.56,477.38,332.35,87.03,361.82,164.08,88.06,56.51,54.37,0,0,0,0,0,0
16.83,83.48,342.66,130.78,38.79,232.8,148.08,367.14,483.47,337.34,87.12,361.28,163.89,88.99,56.79,53.59,0,0,0,0,0,0
16.84,82.7,342.8,127.81,38.74,223.92,145.07,352.68,465.84,318.3,85.86,350.65,159.37,84.06,53.34,51.89,0,0,0,0,0,0
14.76,72.13,302.59,112.47,34.3,198.4,127.43,312.66,412.5,282.37,74.98,305.5,138.79,74.13,46.96,44.76,0,0,0,0,0,0
12.37,60.17,246.42,94.25,28.06,169.5,105.88,265.98,351.78,245.76,62.82,260.04,117.22,64.44,41.63,38.88,0,0,0,0,0,0
12.94,60.15,240.66,93.57,27.99,168.68,104.19,261.51,349.57,243.09,61.67,258.93,115.73,62.95,42.16,39.35,0,0,0,0,0,0
14.65,62.92,236.61,95.59,29.27,168.02,103.85,254.94,345.03,245.63,62.57,268.91,118.37,62.42,44.79,42.17,0,0,0,0,0,0
13.18,56.21,209.68,86.81,26.15,152.81,92.33,230.9,313.94,225.1,56.05,243.63,105.26,56.53,41.55,38.67,0,0,0,0,0,0
6.96,30.67,108.75,49.49,13.56,93.05,50.76,139.81,189.73,143.66,31.78,142.38,60.01,35.95,26.9,23.59,0,0,0,0,0,0
6.09,28.42,102.47,46.92,12.52,92.15,47.6,138.98,186.23,143.16,28.81,134.7,56.2,36.16,26.39,21.69,0,0,0,0,0,0
5.69,27.36,101.15,46.39,12.03,93.52,47.77,141.9,188.88,143.84,27.7,131.27,54.74,36.1,26.13,20.64,0,0,0,0,0,0
5.8,28.62,104.46,49.17,12.44,99.25,53.1,152.15,200.42,156.21,29.41,140.67,60.12,38.85,27.74,21.34,0,0,0,0,0,0
4.73,23.96,87.47,42.05,10.37,83.03,47.23,128.56,167.69,132.68,25.3,120.09,52.61,32.45,22.98,17.68,0,0,0,0,0,0
4.14,20.14,69.81,34.29,8.56,63.02,39.82,97.18,126.3,101.7,21.14,99.46,44.71,24.25,17.61,14.54,0,0,0,0,0,0
4.5,20.88,75.01,33.68,9.05,56.94,39.31,88.28,114.95,88.23,20.9,95.39,43.63,21.06,15.2,13.8,0,0,0,0,0,0
9.06,41.18,173.04,63.76,20.15,100.91,73.81,159.4,210.32,139.54,39.96,166.4,77.06,34.3,22.33,22.59,0,0,0,0,0,0
12.45,56.96,250.28,88.35,28.78,137.35,102.3,218.67,288.9,183.23,55.49,224.47,104.55,45.28,28.19,29.64,0,0,0,0,0,0
13.57,61.2,266.75,95.01,30.79,146.62,109.46,232.92,307.8,195.78,60.01,241.72,113.46,48.42,30.32,32.45,0,0,0,0,0,0
13.97,61.31,256.47,95,30.19,145.7,108.35,229.23,303.83,198.89,60.55,246.35,116.37,49.09,31.91,34.55,0,0,0,0,0,0
15.48,66.21,266.02,102,31.89,155.23,115.16,241.99,321.84,216.11,66.06,269.62,128.29,53.43,35.76,39.47,0,0,0,0,0,0
16.61,71.93,287.61,112.17,34.25,171.03,125.56,267.38,354.52,241.47,73.25,297.84,142.19,60.12,39.96,44.35,0,0,0,0,0,0
18.02,81.47,334.84,129.84,38.69,203.92,144.61,321.82,424.62,288.2,84.6,342.46,162.76,72.76,46.92,50.79,0,0,0,0,0,0
19.38,89.13,357.62,141.62,41.04,232.56,156.63,365.5,482.72,334.98,93.61,382.42,180.24,86.3,56.11,58.66,0,0,0,0,0,0
19.93,94.68,378.16,149.97,42.83,258.21,165.48,405.67,535.2,375.54,99.82,411.94,191.36,98.58,63.83,63.84,0,0,0,0,0,0
18.98,92.22,372.7,146.22,42.13,259.78,161.77,408.09,539.14,379.79,97.08,402.73,184.95,100.19,64.4,61.77,0,0,0,0,0,0
17.78,87.78,360.71,139.28,40.7,250.2,156.24,393.52,519.52,363.15,92.09,382.76,174.61,95.53,61,57.23,0,0,0,0,0,0
17.4,86.43,359.34,135.63,40.5,242.62,152.4,382.49,504.85,348.9,89.6,371.41,167.9,92.24,58.53,54.98,0,0,0,0,0,0
15.02,74.95,315.55,118.34,35.54,213.29,132.9,336.77,445.08,307.52,77.54,322.32,145.21,80.98,51,46.99,0,0,0,0,0,0
12.59,62.24,256.55,99.25,29.13,183.01,110.6,287.71,380.26,267.67,64.63,272.81,121.67,70.21,45.42,40.64,0,0,0,0,0,0
13.38,63.61,257.22,101,29.69,188.25,111.11,293.06,388.36,274.2,64.84,278.12,122.79,71.47,47.74,42.01,0,0,0,0,0,0
14.95,66.07,252.69,102.6,30.71,186.8,110.54,285.16,383.25,273.88,65.29,287.12,124.86,70.11,49.69,44.48,0,0,0,0,0,0
13.18,57.43,217.29,89.75,26.74,160.43,95.09,243.1,328.2,234.83,56.69,250.52,107.52,59.24,43.24,39.2,0,0,0,0,0,0
6.97,31.85,116.41,52.34,14.13,100.56,53.39,151.57,203.96,152.97,32.37,148.98,62.27,38.52,28.42,24.06,0,0,0,0,0,0
6.09,28.16,102.24,46.59,12.45,93.55,47.38,140.88,187.93,143.63,28.66,132.89,55.08,36.27,26.74,21.51,0,0,0,0,0,0
5.69,27.29,100.51,45.78,12.01,93.8,47.05,142.33,189.21,145.54,27.81,130.41,54.23,36.78,26.53,20.66,0,0,0,0,0,0
5.69,28.05,102.07,47.82,12.14,97.99,51.86,150.19,198.04,154.33,28.94,137.63,58.47,38.47,27.51,20.95,0,0,0,0,0,0
4.64,23.62,87.02,41.16,10.12,83.46,46.5,128.9,168.17,131.52,25.05,117.81,51.33,32.25,22.86,17.33,0,0,0,0,0,0
4.07,19.88,68.99,33.69,8.39,64.34,39.36,99.41,129.3,103.73,21,98.39,43.6,24.91,18.12,14.45,0,0,0,0,0,0
4.25,19.53,70.27,31.02,8.39,53.88,36.95,83.26,108.2,81.63,19.61,88.21,39.9,19.38,14.28,12.73,0,0,0,0,0,0
8.64,39.12,165.15,59.56,19.2,95.55,69.87,150.86,199.29,130.63,37.87,155.73,71.49,32.12,21.01,20.97,0,0,0,0,0,0
11.75,53.85,238.88,82.27,27.38,129.93,96.54,206.92,273.82,170.91,52.07,208.87,96.12,42.26,26.33,27.09,0,0,0,0,0,0
12.35,56.19,248.63,85.47,28.6,134.52,100.3,213.86,283.73,176.42,54.22,217.26,100.12,43.65,27.24,28.26,0,0,0,0,0,0
12.18,54.19,231.2,81.43,27.12,128.46,95.21,202.08,269.2,171.25,52.15,211.56,97.33,42.36,27.46,28.45,0,0,0,0,0,0
12.94,56.5,232.61,83.92,27.75,133.1,97.58,207.25,277.25,180.12,54.24,222.83,102.15,44.7,29.95,30.97,0,0,0,0,0,0
13.24,59.27,245.24,89.06,28.86,143.85,103.13,224.21,300.35,195.47,57.69,237.3,108.22,48.81,32.41,33.19,0,0,0,0,0,0
14,66.26,283.03,101.89,32.22,169.05,117.39,266.78,354.79,230.76,65.85,269.52,122.14,58.63,37.45,37.37,0,0,0,0,0,0
15.28,73.75,304.89,113.22,34.56,196.28,128.82,308.64,409.31,276.54,74.51,308.56,139.05,72.07,46.53,44.99,0,0,0,0,0,0
16.65,82.59,337.83,127.64,37.73,231.07,143.57,362.94,479.73,330.71,84.68,353.75,158.66,87.8,56.49,52.92,0,0,0,0,0,0
16.89,84.5,347.38,131.67,38.75,241.38,147.69,379.29,499.71,347.16,87.45,364.57,163.68,92.39,59.21,54.57,0,0,0,0,0,0
16.92,84.62,349.6,133.43,39.36,244.78,150.63,385.72,508.49,355.33,88.3,368.18,165.59,93.88,60.05,54.63,0,0,0,0,0,0
17.16,85.75,359.02,134.6,40.06,246.16,151.7,387.23,514.14,351.3,88.92,368.85,165.77,92.82,58.83,54.47,0,0,0,0,0,0
14.89,74.17,312.79,117.06,35.18,212.38,131.9,335.44,443.01,304.99,76.81,318.6,142.99,80.29,50.79,46.48,0,0,0,0,0,0
12.58,62.31,256.79,98.88,29.12,182.74,110.18,287.64,378.39,267.51,64.73,272.5,121.36,70.47,45.56,40.56,0,0,0,0,0,0
13.44,63.97,258.21,101.32,29.85,190.36,111.26,296.41,393.53,279.51,65.38,280.09,123.53,73.05,48.6,42.43,0,0,0,0,0,0
15.02,66.16,253.17,102.73,30.84,189.12,110.56,288.29,388.09,277.93,65.6,287.25,124.89,71.18,50.46,44.72,0,0,0,0,0,0
13.11,57,216.35,89.03,26.5,161.02,94.52,243.42,330.28,234.3,56.38,248.42,106.43,59,43.1,38.94,0,0,0,0,0,0
6.69,30.23,108.2,48.98,13.37,92.8,50.22,139.98,189.01,142.98,30.77,141.1,58.55,35.92,26.77,22.95,0,0,0,0,0,0
6.16,27.78,98.23,45.48,12.15,88.57,46.55,133.51,179.01,137.49,28.71,130.98,54.82,34.53,25.67,21.56,0,0,0,0,0,0
5.97,27.97,102.07,46.99,12.22,95.32,48.52,144.91,192.62,147.69,28.98,133.71,56.09,37.21,27.02,21.51,0,0,0,0,0,0
5.98,28.58,102.83,48.54,12.29,98.5,52.74,150.67,199.84,155.16,30.09,139.7,60.2,38.51,27.65,21.71,0,0,0,0,0,0
5.01,24.15,86.4,41.81,10.4,83.2,47.16,128.47,168.32,133.81,26.33,119.91,53.14,32.69,23.38,18.33,0,0,0,0,0,0
4.45,20.58,70.4,34.62,8.64,63.84,40.38,97.99,127.96,102.26,22.34,100.46,45.89,24.32,17.86,15.23,0,0,0,0,0,0
5.04,22.81,81.54,37.11,9.82,61.77,42.77,95.84,124.71,95.65,23.46,104.49,48.7,22.89,16.49,15.59,0,0,0,0,0,0
10.17,46.02,191.31,73.49,22.32,112.48,83.12,177.74,232.9,157.24,45.19,190.55,90.08,38.55,25.07,26.45,0,0,0,0,0,0
15.01,68.34,292.44,110.85,33.89,164.48,123.66,261.81,342.88,227.19,67.77,281.39,135.14,56,34.96,38.8,0,0,0,0,0,0
18.11,80.19,334.95,131.65,39.16,191.04,144.57,303.34,396.71,268.33,81.55,335.47,164.55,66.12,41.7,48.29,0,0,0,0,0,0
19.32,83.51,335.95,137.6,39.92,197.78,149.26,311.8,408.17,283.84,85.94,355.66,175.96,69.87,45.3,53.15,0,0,0,0,0,0
19.58,85.13,337.66,139.64,40.4,204.18,150.9,319.88,419.93,294.93,86.26,365.22,178.58,72.93,47.99,54.63,0,0,0,0,0,0
18.46,83.33,336.37,136.84,39.67,208,148.54,326.63,428.6,299.11,83.49,359,171.61,74.67,48.81,52.58,0,0,0,0,0,0
17.79,84.22,352.03,137.58,40.4,221.14,151.14,349.95,458.81,315.76,85.01,360.79,168.6,80.22,51.19,51.87,0,0,0,0,0,0
17.73,85.27,349.82,136.08,39.72,230.63,150.61,363.18,477.82,330.71,86.9,366.85,168.71,85.81,55.31,54.26,0,0,0,0,0,0
17.69,86.77,353.71,136.05,39.59,239.27,151.71,375.37,494.37,340.89,89.26,373.38,170.14,89.92,58,56.12,0,0,0,0,0,0
17.19,84.98,347.5,132.97,39,237.48,149.1,373.06,491.39,340.43,88.11,366.5,166.12,90.07,57.94,55.08,0,0,0,0,0,0
16.88,83.69,344.97,131.41,38.89,235.07,148.79,370.07,486.94,337.84,87.32,361.7,164.16,89.04,56.95,53.59,0,0,0,0,0,0
16.85,82.87,344.24,128.39,38.8,225.99,145.73,355.69,470.54,320.34,86.03,351.86,159.78,84.5,53.64,52.04,0,0,0,0,0,0
14.72,72.38,303.9,113.33,34.33,200.61,128.5,316.79,418,285.57,75.12,308.11,139.32,74.94,47.52,45.03,0,0,0,0,0,0
12.34,60.34,247.73,94.95,28.07,171.39,106.79,269.35,355.97,247.52,62.87,261.74,117.48,64.85,41.98,39.01,0,0,0,0,0,0
12.92,59.98,239.08,92.98,27.94,166.05,103.55,258.02,342.92,240.26,61.44,257.69,115.16,62.38,41.85,39.15,0,0,0,0,0,0
14.66,63.16,238.03,96.19,29.34,169.68,104.5,257.65,348.65,247.65,62.78,270.52,118.89,62.96,45.12,42.35,0,0,0,0,0,0
12.98,55.32,206.69,85.17,25.64,148.49,90.98,224.01,304.91,215.86,54.99,238.94,103.25,54.01,39.91,37.76,0,0,0,0,0,0
6.94,30.76,109.23,49.67,13.55,93.35,51,140.53,190.46,143.93,31.82,143.11,60.17,36.06,26.93,23.63,0,0,0,0,0,0
6.33,28.46,101.57,46.88,12.53,92.81,47.79,139.69,187.32,143.81,29.52,134.13,56.31,36.18,26.8,22.15,0,0,0,0,0,0
5.95,27.62,100.04,46.12,12.12,92.61,47.58,140.71,186.25,144.16,28.65,131.31,55.26,36.32,26.49,21.21,0,0,0,0,0,0
6.13,29.02,104.31,49.34,12.62,99.78,53.35,153.05,200.03,157.93,30.58,141.18,60.83,39.39,28.47,22.05,0,0,0,0,0,0
5.08,24.94,90.45,43.3,10.67,86.68,48.68,134.34,174.5,138.04,27.02,123.97,54.62,33.98,24.19,18.76,0,0,0,0,0,0
4.45,20.79,71.04,34.92,8.7,64.39,40.65,99.12,129.5,103.87,22.54,101.84,46.4,24.82,18.09,15.4,0,0,0,0,0,0
4.99,22.38,79.7,36.14,9.62,59.17,41.81,91.53,119.05,91.24,23.03,101.78,47.76,21.71,15.71,15.17,0,0,0,0,0,0
10.16,45.9,190.69,73.19,22.28,111.64,82.8,176.36,231.04,156.08,45.08,189.73,89.83,38.24,24.87,26.35,0,0,0,0,0,0
15.05,68.44,293.01,111.09,33.96,165.21,123.88,262.85,344.13,228.11,67.89,281.78,135.34,56.23,35.14,38.89,0,0,0,0,0,0
18.12,80.25,335.38,131.82,39.19,191.51,144.75,304.06,397.51,268.73,81.6,335.77,164.65,66.22,41.79,48.33,0,0,0,0,0,0
19.32,83.5,336.14,137.64,39.91,197.95,149.33,312.03,408.31,283.59,85.92,355.56,175.9,69.78,45.28,53.12,0,0,0,0,0,0
19.59,85.18,337.88,139.8,40.44,204.4,151.08,320.41,419.88,295.14,86.29,365.47,178.59,73.01,48.11,54.66,0,0,0,0,0,0
18.54,83.7,337.8,137.4,39.87,209.47,148.96,328.84,431.53,302.07,83.93,360.68,172.46,75.52,49.29,52.89,0,0,0,0,0,0
17.62,83.39,349.43,136.19,39.94,217.96,150.03,344.54,452.56,308.19,84.07,356.51,166.8,78.04,49.79,51.08,0,0,0,0,0,0
17.55,84.55,346.67,134.67,39.3,227.01,149.37,357.53,471.72,324.86,86.1,363.66,167.31,84.19,54.12,53.68,0,0,0,0,0,0
17.51,85.78,346.65,133.7,39.15,232.1,149.28,365.13,482.17,335.43,88.29,369.47,168.42,88.57,56.89,55.66,0,0,0,0,0,0
17.17,84.78,345.57,132.46,38.93,235.92,148.51,370.9,489.25,340.34,87.96,365.93,165.87,90.07,57.86,55.09,0,0,0,0,0,0
16.88,83.54,343.75,130.78,38.85,233.08,148.02,366.89,482.51,335.83,87.21,360.35,163.87,88.6,56.59,53.45,0,0,0,0,0,0
16.96,83.59,347.08,129.7,39.13,229.12,146.93,360.96,476.72,326.12,86.77,355.7,161.28,86.16,54.7,52.62,0,0,0,0,0,0
14.64,72.15,303.78,112.99,34.13,200.68,128.3,316.26,419.68,284.03,74.88,307.25,139.05,74.37,46.99,44.81,0,0,0,0,0,0
12.34,60.08,246.67,94.35,28,169.95,106.12,266.67,352.46,244.97,62.66,259.72,116.92,64.14,41.55,38.77,0,0,0,0,0,0
12.86,59.61,237.61,92.06,27.75,163.77,102.63,254.08,338.46,236.28,61.07,255.36,114.45,61.32,41.04,38.77,0,0,0,0,0,0
14.67,63.05,237.94,96.09,29.3,169.77,104.44,257.47,348.62,246.84,62.67,269.7,118.61,62.66,45,42.25,0,0,0,0,0,0
13.04,55.21,204.95,84.63,25.72,146.34,90.19,220.83,299.43,214.93,54.97,237.63,102.95,53.89,39.9,37.75,0,0,0,0,0,0
6.87,30.5,108.44,49.28,13.39,92.08,50.76,138.76,187.43,140.91,31.46,141.88,59.49,35.25,26.48,23.33,0,0,0,0,0,0
6.2,28.25,100.94,46.53,12.3,91.81,47.66,138.46,186.31,141.54,29.17,133.8,55.89,35.57,26.28,21.92,0,0,0,0,0,0
6.02,27.85,100.6,46.37,12.26,93.45,47.66,141.8,188.47,146.73,28.98,132.35,55.91,37.03,26.85,21.47,0,0,0,0,0,0
6.1,28.97,104.66,49.08,12.54,99.51,53.1,152.1,199.75,156.31,30.53,140.51,60.8,38.95,28.03,21.88,0,0,0,0,0,0
5.09,24.8,89.88,42.78,10.64,85.45,48.03,131.89,171.51,135.96,26.94,122.4,54.35,33.45,23.78,18.58,0,0,0,0,0,0
4.48,20.88,71.66,35.15,8.76,64.94,40.88,99.96,129.88,104.13,22.62,102.04,46.47,24.89,18.22,15.43,0,0,0,0,0,0
5.04,22.69,81.8,37.13,9.77,62.64,42.87,96.59,126.8,95.41,23.37,103.8,48.49,22.65,16.39,15.5,0,0,0,0,0,0
10.24,46.29,192.09,73.94,22.49,113.64,83.46,179.6,235.32,160.09,45.52,191.91,90.7,39.34,25.58,26.74,0,0,0,0,0,0
15.07,68.64,293.9,111.52,34.04,166.26,124.31,264.64,346.2,229.77,68.08,282.95,135.73,56.69,35.46,39.05,0,0,0,0,0,0
18.12,80.3,335.47,131.9,39.21,191.73,144.82,304.45,398.22,269.42,81.66,336.15,164.8,66.4,41.89,48.39,0,0,0,0,0,0
19.31,83.5,336.07,137.61,39.9,197.85,149.29,311.88,408.3,283.64,85.93,355.63,175.94,69.81,45.26,53.13,0,0,0,0,0,0
19.58,85.07,337.43,139.58,40.39,204.04,150.86,319.67,419.49,294.59,86.2,364.92,178.43,72.83,47.97,54.59,0,0,0,0,0,0
18.45,83.11,335.06,136.27,39.61,206.48,147.9,324.11,425.58,297.47,83.32,357.62,171.22,74.24,48.49,52.44,0,0,0,0,0,0
17.81,84.48,353.86,138.19,40.47,222.93,151.82,352.66,462.21,317.1,85.23,362.11,169.08,80.57,51.42,51.98,0,0,0,0,0,0
17.69,85.08,349.01,135.94,39.63,230.85,150.54,363.35,479.66,331.24,86.75,366.54,168.49,85.8,55.29,54.26,0,0,0,0,0,0
17.55,85.79,347.39,133.85,39.2,233.11,149.41,366.07,483.79,335.55,88.36,368.96,168.41,88.49,56.92,55.64,0,0,0,0,0,0
17,84.07,342.2,130.64,38.51,230.79,146.74,362.82,479.38,332.55,87.18,362,164.46,88.08,56.31,54.37,0,0,0,0,0,0
16.77,83.23,343.2,130.28,38.6,232.14,147.73,365.24,481.41,332.6,86.8,359.1,163.26,87.66,55.88,53.09,0,0,0,0,0,0
17.06,83.84,348.27,130.2,39.34,229.97,147.32,362.34,476.2,326.98,87.04,356.09,161.52,86.47,55.12,52.74,0,0,0,0,0,0
14.72,72.11,302.43,112.75,34.27,199.03,127.86,314.17,414.35,283.51,74.89,306.32,138.72,74.37,47.22,44.84,0,0,0,0,0,0
12.34,60.19,247.3,94.79,28.03,171.54,106.63,269.16,356.73,247.43,62.78,260.97,117.26,64.7,41.91,38.97,0,0,0,0,0,0
12.9,59.98,240.19,93.07,27.88,166.8,103.75,258.7,344.36,239.1,61.4,257.43,115.14,62,41.56,39,0,0,0,0,0,0
14.75,63.56,239.56,96.83,29.55,171.09,105.03,259.98,350.77,250.36,63.21,272.23,119.65,63.77,45.68,42.65,0,0,0,0,0,0
13.01,55.43,206.48,85.17,25.71,148.29,90.86,223.81,304.77,217.09,55.15,239.46,103.56,54.4,40.09,37.91,0,0,0,0,0,0
6.9,30.46,108.92,49.39,13.41,92.92,50.89,139.54,188.67,140.78,31.45,141.24,59.35,35.1,26.49,23.28,0,0,0,0,0,0
6.13,27.46,97.06,44.91,12.01,87.94,45.99,131.84,178.87,136.18,28.47,129.32,54.36,34.02,25.27,21.38,0,0,0,0,0,0
5.95,27.38,98.5,45.52,12.05,91.16,46.89,138.22,183.72,142.95,28.48,129.93,54.87,35.98,26.22,21.1,0,0,0,0,0,0
6.02,28.58,102.38,48.31,12.36,97.09,52.39,148.72,195.18,153.6,30.1,138.92,59.99,38.25,27.58,21.63,0,0,0,0,0,0
5,24.48,87.46,42.07,10.45,83.1,47.36,128.86,168.1,134.46,26.58,121.68,53.82,33.09,23.44,18.46,0,0,0,0,0,0
4.43,20.75,71.25,34.9,8.65,64.53,40.69,99.22,129.93,103.25,22.47,101.69,46.31,24.62,17.94,15.33,0,0,0,0,0,0
5.04,22.77,81.32,36.9,9.8,61.36,42.51,94.96,124.01,95.12,23.45,104.02,48.67,22.75,16.34,15.54,0,0,0,0,0,0
10.22,46.27,192.48,73.96,22.44,114.01,83.53,179.94,236.36,159.75,45.49,191.85,90.71,39.2,25.45,26.68,0,0,0,0,0,0
15.07,68.62,293.79,111.48,34.03,166.25,124.27,264.57,346.42,229.82,68.07,282.88,135.72,56.69,35.44,39.05,0,0,0,0,0,0
18.15,80.5,336.5,132.36,39.3,193.01,145.28,306.47,400.67,271.13,81.86,337.2,165.18,66.85,42.21,48.55,0,0,0,0,0,0
19.37,83.73,336.8,138,40.04,198.77,149.58,313.38,409.99,285.79,86.2,356.72,176.44,70.42,45.66,53.35,0,0,0,0,0,0
19.61,85.12,337.46,139.59,40.43,204.08,150.8,319.64,419.54,295.05,86.28,364.97,178.55,72.96,48.04,54.64,0,0,0,0,0,0
18.49,83.25,335.54,136.46,39.69,206.85,148.03,324.7,425.88,298.3,83.47,358.07,171.47,74.5,48.68,52.53,0,0,0,0,0,0
17.65,83.36,348.39,135.92,39.98,216.92,149.61,343.08,450.57,308.49,84.1,356.27,166.81,78.19,49.85,51.15,0,0,0,0,0,0
17.68,84.84,347.67,135.01,39.55,227.43,149.5,358.09,470.34,325.83,86.46,363.9,167.69,84.57,54.52,53.83,0,0,0,0,0,0
17.59,85.9,348.89,134.36,39.27,234.71,150.02,368.31,485.75,335.72,88.44,369.14,168.43,88.46,57.1,55.62,0,0,0,0,0,0
17.01,84.1,342.99,130.84,38.53,231.42,147.01,363.66,479.74,331.98,87.17,361.84,164.37,87.9,56.31,54.3,0,0,0,0,0,0
16.75,82.96,342.15,130.17,38.52,232.32,147.72,365.43,482.28,332.63,86.55,358.23,162.72,87.48,55.93,53.04,0,0,0,0,0,0
16.9,82.78,342.93,128.02,38.86,224.8,145.17,353.77,467.71,320.33,86.05,350.92,159.62,84.54,53.71,52.07,0,0,0,0,0,0
14.75,72.16,301.9,112.65,34.33,198.65,127.62,313.63,414.06,284.74,75.02,306.62,138.97,74.75,47.38,44.98,0,0,0,0,0,0
12.31,59.79,244.83,93.79,27.91,168.2,105.55,264.16,348.86,243.32,62.39,258.36,116.3,63.71,41.32,38.63,0,0,0,0,0,0
12.89,59.91,239.77,93.08,27.87,166.89,103.8,258.96,344.66,239.41,61.33,257.3,114.97,62.03,41.67,39.02,0,0,0,0,0,0
14.7,63.43,239.85,96.8,29.44,171.41,105.16,260.25,351.57,248.93,63.01,271.69,119.33,63.3,45.39,42.46,0,0,0,0,0,0
12.99,55.41,206.97,85.3,25.67,148.92,91.08,224.66,306.28,216.94,55.1,239.56,103.53,54.3,40.03,37.86,0,0,0,0,0,0
6.91,30.55,108.97,49.36,13.45,92.56,50.79,139.11,187.86,140.96,31.55,141.58,59.56,35.24,26.5,23.33,0,0,0,0,0,0
6.26,28.21,100.88,46.37,12.36,91.87,47.36,137.88,186.2,141.51,29.25,132.91,55.89,35.5,26.24,21.9,0,0,0,0,0,0
5.81,26.79,96.59,44.4,11.69,88.72,45.94,133.96,179.63,137.61,27.83,126.98,53.73,34.45,25.11,20.54,0,0,0,0,0,0
6.03,28.44,101.78,47.89,12.32,96.57,51.88,147.26,194.77,152.93,30.06,137.83,59.88,38,27.31,21.55,0,0,0,0,0,0
5.1,24.83,90.57,43.34,10.67,87.67,48.74,135.23,176.9,138.5,26.98,123.31,54.48,33.92,24.22,18.74,0,0,0,0,0,0
4.48,20.96,72.59,35.44,8.77,66.11,41.23,101.55,132.58,104.85,22.69,102.56,46.67,25.02,18.29,15.47,0,0,0,0,0,0
5.05,22.78,81.42,36.99,9.81,61.75,42.6,95.49,124.99,95.65,23.48,104.14,48.71,22.85,16.42,15.57,0,0,0,0,0,0
10.22,46.35,192.49,74.02,22.48,113.88,83.55,179.97,236.14,160.3,45.57,192.34,90.88,39.41,25.55,26.76,0,0,0,0,0,0
15.04,68.49,293.1,111.14,33.96,165.26,123.92,263.02,344.37,228.42,67.93,282.09,135.44,56.33,35.18,38.92,0,0,0,0,0,0
18.12,80.26,335.14,131.77,39.2,191.33,144.66,303.81,397.26,269.03,81.63,335.79,164.69,66.31,41.83,48.36,0,0,0,0,0,0
19.34,83.66,336.7,137.9,39.98,198.64,149.54,313.12,409.93,285.1,86.1,356.44,176.29,70.21,45.51,53.27,0,0,0,0,0,0
19.57,84.98,336.8,139.39,40.36,203.34,150.66,318.71,417.87,293.86,86.1,364.41,178.19,72.64,47.88,54.53,0,0,0,0,0,0
18.5,83.4,336.49,136.81,39.74,208.04,148.4,326.44,428.69,299.73,83.63,359.01,171.84,74.85,48.87,52.65,0,0,0,0,0,0
17.72,83.62,349.65,136.35,40.13,218.33,149.94,344.96,453.27,310.64,84.44,357.24,167.4,78.76,50.2,51.35,0,0,0,0,0,0
17.73,85.05,348.91,135.68,39.67,229.8,150.18,361.57,475.94,329.26,86.73,365.41,168.26,85.36,55.07,54.11,0,0,0,0,0,0
17.59,86.07,349.39,134.71,39.32,235.7,150.37,370.05,488.75,338.06,88.61,370.6,168.91,89.08,57.42,55.84,0,0,0,0,0,0
16.96,83.65,340.88,130.41,38.36,231.3,146.68,363.16,481.75,332.48,86.8,360.63,163.73,87.75,56.25,54.26,0,0,0,0,0,0
16.66,82.44,339.8,129.15,38.27,229.75,146.78,361.29,477.53,328.61,86.01,355.62,161.67,86.35,55.16,52.64,0,0,0,0,0,0
16.88,83.16,347.08,129.41,38.89,229.58,146.93,360.81,477.76,322.74,86.28,353.45,160.31,84.97,54.06,52.18,0,0,0,0,0,0
14.67,71.9,302.97,112.52,34.1,199.45,127.79,313.94,415.57,281.13,74.66,304.97,138.33,73.57,46.65,44.54,0,0,0,0,0,0
12.48,60.8,249.69,95.93,28.38,174.42,107.6,273.73,361.95,252.72,63.47,263.86,118.52,66.18,42.92,39.5,0,0,0,0,0,0
12.92,60.07,238.89,92.99,27.97,166.2,103.47,258.25,344.48,242.03,61.59,258.49,115.57,62.86,42,39.33,0,0,0,0,0,0
14.73,63.56,239.94,97.05,29.52,172.14,105.34,261.5,353.79,251.37,63.2,272.74,119.74,63.94,45.77,42.7,0,0,0,0,0,0
13.13,55.79,207.22,85.65,25.98,149.01,91.09,225.12,305.23,220.01,55.6,240.77,104.26,55.31,40.74,38.25,0,0,0,0,0,0
6.87,30.33,107.85,48.85,13.34,91.16,50.28,136.89,185.19,138.99,31.32,140.4,59.12,34.72,26.12,23.15,0,0,0,0,0,0
6.03,27.9,100.73,46.13,12.31,90.53,46.92,136.02,182.84,139.28,28.29,131.87,55.08,34.98,25.72,21.27,0,0,0,0,0,0
5.8,27.67,102.28,46.94,12.26,94.82,48.16,143.88,190.58,146.41,28.09,132.36,55.33,36.83,26.7,20.91,0,0,0,0,0,0
5.9,29.07,105.79,49.99,12.71,101.13,53.76,155.38,204.05,160.69,29.92,143.04,61.07,40.11,28.6,21.8,0,0,0,0,0,0
4.81,24.59,89.89,43.02,10.63,85.38,48.04,132.4,172.71,137.38,25.97,123.33,54.01,33.84,23.73,18.17,0,0,0,0,0,0
4.25,20.56,71.75,34.91,8.81,64.52,40.26,99.27,128.08,103.89,21.63,100.74,45.51,24.94,18.07,14.78,0,0,0,0,0,0
4.53,20.99,75.97,33.87,9.11,57.7,39.47,89.09,115.97,88.4,21.04,95.44,43.82,21.09,15.23,13.81,0,0,0,0,0,0
9.06,41.14,173.52,63.78,20.13,101.12,73.89,159.5,210.1,138.39,39.9,165.89,76.88,33.97,22.17,22.47,0,0,0,0,0,0
12.46,56.96,250.48,88.33,28.77,137.32,102.29,218.52,288.43,182.59,55.47,224.19,104.47,45.11,28.11,29.58,0,0,0,0,0,0
13.54,61.07,265.92,94.73,30.74,145.82,109.19,231.76,306.4,195.02,59.87,241.17,113.22,48.22,30.18,32.38,0,0,0,0,0,0
13.96,61.32,256.33,94.9,30.17,145.22,108.23,228.62,303,198.6,60.55,246.46,116.43,49.07,31.82,34.54,0,0,0,0,0,0
15.44,66.03,265.16,101.6,31.79,154.03,114.8,240.21,319.37,214.22,65.85,268.67,127.87,52.95,35.43,39.3,0,0,0,0,0,0
16.62,71.96,287.51,112.25,34.28,171.23,125.61,267.76,355.12,242.31,73.3,298.11,142.28,60.33,40.12,44.42,0,0,0,0,0,0
18.03,81.58,335.53,130.1,38.71,204.88,144.89,323.21,427.09,289.42,84.72,343.23,163.06,73.05,47.06,50.89,0,0,0,0,0,0
19.45,89.87,361.23,142.92,41.3,235.25,157.93,370.25,486.93,338.34,94.24,386.05,181.56,87.41,56.81,59.03,0,0,0,0,0,0
20.05,95.3,381.09,151.2,43.15,261.04,166.63,410.32,539.37,379.5,100.44,414.7,192.44,99.74,64.72,64.25,0,0,0,0,0,0
18.95,92.36,372.41,146.13,42.13,258.19,161.64,406.6,535.23,378.94,97.12,403.55,185.1,100.24,64.34,61.78,0,0,0,0,0,0
17.79,87.93,359.8,139.26,40.79,248.82,156.08,392.44,516.36,364.18,92.21,383.83,174.86,96.04,61.31,57.42,0,0,0,0,0,0
17.54,86.84,360.94,136.15,40.78,243.93,152.66,384.18,506.34,351.49,90.13,372.5,168.73,93.02,59.04,55.27,0,0,0,0,0,0
15.06,74.73,315.86,118.68,35.56,215.08,133.42,339,447.5,307.34,77.33,320.96,144.5,80.63,51.22,46.87,0,0,0,0,0,0
12.69,62.96,261.21,100.9,29.41,187.92,112.33,295.01,389.48,272.33,65.31,276.27,123.05,71.41,46.27,41.04,0,0,0,0,0,0
13.4,64,259.6,101.91,29.79,191.25,112.08,297.55,395.59,277.9,65.23,280.69,123.77,72.4,48.22,42.32,0,0,0,0,0,0
14.97,66.26,254.82,103.28,30.76,189.38,111.35,288.7,388.61,275.37,65.47,288.14,125.25,70.37,49.9,44.56,0,0,0,0,0,0
13.18,57.57,218.41,90.23,26.76,161.94,95.67,245.49,331.63,236.25,56.79,251.67,107.82,59.56,43.46,39.31,0,0,0,0,0,0
6.91,31.75,114.99,52.23,14.07,99.66,53.33,151.05,203.04,153.71,32.22,149.58,62.12,38.76,28.58,24.15,0,0,0,0,0,0
5.93,27.67,98.82,45.29,12.11,89.53,46.12,135.27,181.89,140.13,28.11,131.41,54.33,35.45,25.89,21.21,0,0,0,0,0,0
5.53,26.65,97.75,44.59,11.64,90.8,46.05,137.69,184.31,140.59,27.09,127.71,52.99,35.39,25.53,20.15,0,0,0,0,0,0
5.73,28.19,102.79,48.08,12.23,98.88,52.06,151.36,199.84,155.63,29.13,138.18,58.81,38.8,27.71,21.07,0,0,0,0,0,0
4.63,23.73,85.97,41,10.17,82.25,46.19,127.73,166.64,133.05,25.18,118.93,51.73,32.84,23.06,17.55,0,0,0,0,0,0
4.03,19.48,67.25,32.75,8.23,61.82,38.39,95.2,123.73,99.6,20.61,95.77,42.75,23.82,17.4,14.07,0,0,0,0,0,0
4.31,19.78,70.4,31.19,8.55,54.01,36.91,83.63,108.73,84.08,19.94,89.37,40.55,20.14,14.68,13.01,0,0,0,0,0,0
8.65,39.1,165.06,59.55,19.21,95.66,69.84,150.94,199.7,130.93,37.88,155.66,71.5,32.17,21.04,20.99,0,0,0,0,0,0
11.71,53.64,237.99,81.81,27.28,128.86,96.1,205.09,271.82,169.08,51.85,207.68,95.71,41.75,25.97,26.91,0,0,0,0,0,0
12.37,56.28,248.96,85.62,28.65,134.91,100.42,214.47,284.53,177.17,54.32,217.69,100.31,43.86,27.37,28.33,0,0,0,0,0,0
12.19,54.27,231.53,81.63,27.15,129.03,95.41,203.01,270.54,172.25,52.23,212.13,97.51,42.61,27.63,28.53,0,0,0,0,0,0
12.91,56.38,232.14,83.72,27.69,132.72,97.41,206.57,276.74,179.38,54.12,222.3,101.92,44.47,29.79,30.88,0,0,0,0,0,0
13.21,59.13,244.74,88.77,28.78,143.1,102.87,222.99,298.85,194.03,57.54,236.54,107.93,48.42,32.14,33.05,0,0,0,0,0,0
14.04,66.42,283.96,102.37,32.33,170.66,117.87,269.13,358.08,232.93,66.05,270.41,122.49,59.14,37.85,37.55,0,0,0,0,0,0
15.32,74.16,307.21,113.99,34.69,198.43,129.59,311.93,413.61,278.94,74.9,310.62,139.9,72.75,46.9,45.21,0,0,0,0,0,0
16.55,81.86,334.41,126.39,37.44,227.98,142.42,358,473.83,326.13,83.95,350.17,157.15,86.44,55.71,52.45,0,0,0,0,0,0
16.92,84.94,348.83,132.93,38.94,244.92,149.02,385.45,508.89,354.28,87.91,368.55,164.82,94.19,60.4,55.21,0,0,0,0,0,0
16.94,84.55,347.93,132.68,39.38,241.56,149.63,381.18,500.8,352.91,88.25,367.04,165.37,93.52,59.71,54.52,0,0,0,0,0,0
17.29,86.22,359.55,134.92,40.38,245.21,151.68,386.63,509.65,352.75,89.42,370.25,166.48,93.6,59.38,54.77,0,0,0,0,0,0
15.02,74.84,315.43,118.38,35.55,215.42,133.1,340.61,448.19,310.51,77.51,321.97,144.27,81.86,51.94,47.04,0,0,0,0,0,0
12.54,62.05,256.6,98.74,28.99,183.32,110.19,287.94,380.22,266.46,64.48,271.31,120.87,69.97,45.3,40.38,0,0,0,0,0,0
13.4,63.85,257.81,100.88,29.75,189.03,110.82,294.24,390.55,276.99,65.22,279.1,123.25,72.44,48.11,42.2,0,0,0,0,0,0
15.02,66.15,252.35,102.51,30.85,187.75,110.27,286.7,384.76,277.26,65.56,287.16,124.78,71.14,50.44,44.71,0,0,0,0,0,0
13.04,56.29,212.01,87.34,26.26,155.62,92.75,235.36,318.25,227.87,55.66,244.21,104.81,57.4,42.13,38.39,0,0,0,0,0,0
6.73,30.38,109.92,49.61,13.46,94.89,50.95,142.94,192.29,143.93,30.9,141.61,58.69,36.07,27.06,23,0,0,0,0,0,0
6.27,28.54,102.45,47.1,12.46,93.57,48.16,140.93,189.61,143.88,29.51,134.98,56.49,36.18,26.69,22.13,0,0,0,0,0,0
5.95,28.01,102.15,46.82,12.18,94.54,48.33,143.83,190.96,146.54,28.98,133.72,56.15,37.01,26.76,21.43,0,0,0,0,0,0
6.07,29.28,105.42,49.42,12.57,100.15,53.41,153.56,202.8,158.99,30.81,142.96,61.7,39.79,28.27,22.16,0,0,0,0,0,0
4.96,24.45,88.74,42.18,10.37,84.04,47.63,129.77,169.87,132.97,26.5,121.3,53.72,32.6,23.1,18.26,0,0,0,0,0,0
4.46,20.89,72.15,35.11,8.72,65.19,40.86,100.01,130.84,103.71,22.63,101.99,46.58,24.76,18.02,15.37,0,0,0,0,0,0
4.93,22.03,78.38,35.56,9.45,58.06,41.31,89.52,117.45,89.03,22.67,100.14,47.1,21.02,15.24,14.92,0,0,0,0,0,0
10.2,46.21,192.4,73.92,22.4,113.91,83.56,179.83,236.07,159.08,45.39,191.6,90.52,39,25.35,26.61,0,0,0,0,0,0
15.04,68.49,293.23,111.22,33.96,165.64,124.02,263.54,345.38,228.86,67.94,282.25,135.49,56.42,35.24,38.95,0,0,0,0,0,0
18.1,80.21,335,131.71,39.16,191.23,144.64,303.67,397.3,268.72,81.56,335.68,164.6,66.21,41.75,48.32,0,0,0,0,0,0
19.34,83.59,336.32,137.76,39.96,198.17,149.39,312.41,408.74,284.43,86.03,355.99,176.11,70.03,45.43,53.21,0,0,0,0,0,0
19.58,84.98,337.01,139.41,40.37,203.56,150.69,318.87,418.17,293.7,86.11,364.25,178.17,72.58,47.86,54.51,0,0,0,0,0,0
18.48,83.46,336.93,136.92,39.72,208.15,148.57,326.79,428.8,299.42,83.63,359.44,171.91,74.81,48.82,52.63,0,0,0,0,0,0
17.8,84.36,353.4,137.88,40.42,222.39,151.47,351.48,461.44,316.19,85.15,361.3,168.92,80.29,51.18,51.88,0,0,0,0,0,0
17.67,85.21,348.79,135.63,39.62,228.99,150.12,361,475.44,329.81,86.82,366.89,168.72,85.7,55.02,54.22,0,0,0,0,0,0
17.57,86.2,348.55,134.5,39.33,234.22,150.02,368.51,486.61,338.86,88.73,371.73,169.33,89.52,57.47,56,0,0,0,0,0,0
17.09,84.66,344.44,131.93,38.81,233.88,147.98,368.21,485.52,338.37,87.78,365.57,165.66,89.69,57.45,54.95,0,0,0,0,0,0
16.77,82.92,340.74,129.82,38.56,230.72,147.21,363.36,478.87,332.65,86.56,357.95,162.65,87.61,55.99,53.1,0,0,0,0,0,0
16.83,82.64,342.32,127.78,38.74,223.79,145.04,352.6,465.8,318.64,85.82,350.6,159.28,84.13,53.42,51.92,0,0,0,0,0,0
14.69,72.03,302.72,112.55,34.18,198.66,127.73,313.33,413.3,281.46,74.76,305.58,138.5,73.82,46.82,44.64,0,0,0,0,0,0
12.36,60.13,247.76,94.64,28.02,171.16,106.49,268.18,354.34,244.94,62.7,259.67,116.92,64.05,41.58,38.73,0,0,0,0,0,0
12.91,59.85,238.86,92.78,27.89,165.79,103.38,257.34,342.31,239.08,61.31,256.83,114.88,62.01,41.63,39.02,0,0,0,0,0,0
14.69,63.31,239.43,96.6,29.4,170.81,104.99,259.32,349.88,247.67,62.88,270.93,119.02,62.96,45.23,42.35,0,0,0,0,0,0
13.02,55.34,207.03,85.2,25.71,148.3,90.97,223.61,302.79,214.69,55,238.23,103.05,53.74,39.89,37.67,0,0,0,0,0,0
7.03,31.23,111.53,50.53,13.79,95.2,51.78,143.55,192.71,146.21,32.28,144.97,60.96,36.78,27.49,23.88,0,0,0,0,0,0
6.3,28.82,102.79,47.23,12.58,93.22,48.1,140.79,188.97,145.41,29.82,136.37,57.17,36.79,26.92,22.35,0,0,0,0,0,0
5.89,27.62,100.78,46.4,12.02,94.05,48.04,142.8,190.72,145.11,28.6,132.17,55.41,36.44,26.48,21.23,0,0,0,0,0,0
6.09,29.13,104.48,49.39,12.59,100.07,53.4,153.58,202.33,159.39,30.7,142.39,61.32,39.81,28.49,22.18,0,0,0,0,0,0
5,24.36,88.17,42.17,10.42,83.86,47.6,129.58,168.56,132.85,26.43,120.61,53.39,32.53,23.27,18.25,0,0,0,0,0,0
4.59,21.34,73.59,36.06,9.04,67.35,41.65,103.67,134.25,108.29,23.16,104.16,47.42,26.03,19.02,15.84,0,0,0,0,0,0
5.07,22.81,81.32,36.95,9.85,61.31,42.52,94.96,123.51,95.36,23.51,104.06,48.7,22.84,16.44,15.57,0,0,0,0,0,0
10.22,46.35,192.46,74,22.47,113.74,83.55,179.83,235.74,160.02,45.55,192.32,90.84,39.35,25.52,26.74,0,0,0,0,0,0
15.07,68.64,293.66,111.41,34.05,165.93,124.15,264.1,345.64,229.76,68.1,282.86,135.77,56.71,35.43,39.06,0,0,0,0,0,0
18.13,80.35,335.59,131.99,39.23,191.89,144.9,304.78,398.61,269.9,81.71,336.47,164.9,66.54,41.97,48.44,0,0,0,0,0,0
19.33,83.56,336.25,137.74,39.94,198.28,149.4,312.53,409.4,284.56,86,356.03,176.11,70.04,45.4,53.21,0,0,0,0,0,0
19.6,85.09,337.26,139.45,40.42,203.44,150.64,318.74,417.79,294.12,86.24,364.62,178.44,72.77,47.91,54.57,0,0,0,0,0,0
18.46,83.22,335.28,136.38,39.65,206.49,147.97,324.32,425.45,298.01,83.42,358.15,171.43,74.45,48.6,52.51,0,0,0,0,0,0
17.82,84.32,352.74,137.82,40.45,222.15,151.36,351.22,461.09,316.89,85.15,361.22,168.87,80.47,51.33,51.95,0,0,0,0,0,0
17.74,85.16,347.82,135.47,39.74,228.32,149.78,359.95,473.27,330.35,86.88,366.19,168.59,85.86,55.26,54.3,0,0,0,0,0,0
17.68,86.57,350.85,135.38,39.58,236.59,150.87,371.97,489.45,340.91,89.12,372.79,169.83,90.06,58.06,56.19,0,0,0,0,0,0
17.09,84.62,346.2,132.25,38.75,235.82,148.5,370.32,488.93,337.2,87.7,364.91,165.46,89.17,57.22,54.74,0,0,0,0,0,0
16.82,83.51,343.84,130.86,38.75,233.75,148.22,367.94,485.57,336.71,87.15,361.08,164,88.74,56.55,53.49,0,0,0,0,0,0
16.9,82.89,343.77,128.27,38.87,225.92,145.45,355.25,470.75,321.54,86.17,351.66,159.96,84.8,53.8,52.16,0,0,0,0,0,0
14.65,71.68,301.7,112.15,34.04,198,127.46,312.06,411.91,279.25,74.4,303.86,137.73,73.1,46.47,44.38,0,0,0,0,0,0
12.29,59.65,245.03,93.63,27.82,168.53,105.46,264.03,349.96,242.21,62.26,257.47,116.09,63.28,41.01,38.47,0,0,0,0,0,0
12.94,60.21,240.87,93.69,28.02,168.49,104.35,261.58,348.21,242.57,61.66,259.08,115.65,62.88,42.21,39.32,0,0,0,0,0,0
14.68,63.11,238.73,96.31,29.34,170.3,104.71,258.24,348.69,246.37,62.7,269.68,118.57,62.53,45.03,42.2,0,0,0,0,0,0
13.06,55.53,207.21,85.52,25.81,149.66,91.17,225.6,307.48,218.78,55.32,239.85,103.8,54.77,40.4,38.04,0,0,0,0,0,0
6.87,30.26,107.01,48.47,13.33,89.58,49.82,134.68,181.35,137.54,31.25,139.73,58.92,34.45,25.93,23.06,0,0,0,0,0,0
6.26,28.65,102.01,46.95,12.48,92.67,47.87,139.89,188.52,144.66,29.65,135.79,56.89,36.54,26.72,22.26,0,0,0,0,0,0
5.94,27.96,101.06,46.58,12.18,93.91,47.99,142.98,190.96,147.76,29,133.97,56.29,37.34,26.85,21.56,0,0,0,0,0,0
6.02,28.79,103.52,48.76,12.39,98.44,52.88,150.88,198.65,155.45,30.29,140.41,60.51,38.73,27.81,21.8,0,0,0,0,0,0
5.05,24.78,89.52,42.58,10.57,85.06,47.83,131.3,172.11,136.15,26.93,122.74,54.52,33.51,23.62,18.6,0,0,0,0,0,0
4.57,21.12,72.2,35.48,8.95,65.58,41.03,100.96,130.52,106.24,22.94,102.82,46.95,25.52,18.67,15.67,0,0,0,0,0,0
5.04,22.66,81.21,36.82,9.77,61.23,42.48,94.64,123.21,93.99,23.33,103.27,48.34,22.4,16.21,15.41,0,0,0,0,0,0
10.22,46.25,192.22,73.87,22.45,113.59,83.42,179.38,235.26,159.36,45.47,191.64,90.62,39.13,25.42,26.66,0,0,0,0,0,0
15.05,68.57,293.53,111.32,34,165.74,124.11,263.8,345.29,229.03,68.01,282.55,135.6,56.5,35.3,38.98,0,0,0,0,0,0
18.1,80.17,334.9,131.65,39.15,191.05,144.6,303.38,396.72,268.23,81.52,335.42,164.49,66.08,41.69,48.28,0,0,0,0,0,0
19.34,83.71,336.94,138.01,39.99,198.93,149.67,313.64,410.64,285.52,86.14,356.82,176.4,70.32,45.57,53.31,0,0,0,0,0,0
19.63,85.33,338.86,140.19,40.51,205.85,151.47,322.4,423.02,296.84,86.47,366.2,178.94,73.39,48.38,54.79,0,0,0,0,0,0
18.47,83.13,335.73,136.59,39.64,207.83,148.29,325.91,428.14,298.3,83.34,357.7,171.2,74.33,48.68,52.47,0,0,0,0,0,0
17.73,83.69,351.24,137.13,40.16,221.19,150.95,349.16,459.1,312.45,84.46,358.06,167.45,79.01,50.59,51.43,0,0,0,0,0,0
17.77,85.57,351.9,136.9,39.84,233.59,151.47,367.37,484.49,334.03,87.24,368.61,169.43,86.56,55.8,54.52,0,0,0,0,0,0
17.63,86.42,351.73,135.33,39.43,237.05,151.03,372.18,490.01,338.21,88.88,371.79,169.41,89.22,57.55,55.88,0,0,0,0,0,0
16.99,84.04,342.88,130.75,38.48,231.08,146.97,363.21,478.82,331.03,87.08,361.53,164.19,87.66,56.17,54.22,0,0,0,0,0,0
16.69,82.59,340.15,129.37,38.36,229.97,146.93,361.86,477.54,329.62,86.18,356.32,161.95,86.7,55.41,52.77,0,0,0,0,0,0
16.79,82.65,343.36,127.99,38.65,224.93,145.43,354.11,468.77,318.39,85.76,350.97,159.33,83.97,53.26,51.84,0,0,0,0,0,0
14.79,72.87,306.11,114.17,34.53,203.05,129.25,320.48,423.51,289.61,75.66,310.69,140.47,76.05,48.11,45.42,0,0,0,0,0,0
12.32,59.89,245.34,93.92,27.93,168.66,105.67,264.79,350.07,243.94,62.49,258.85,116.55,63.88,41.37,38.69,0,0,0,0,0,0
13.14,61.37,245.87,95.73,28.57,173.59,106.16,269.73,357.84,251.14,62.88,264.74,118.06,65.35,43.76,40.19,0,0,0,0,0,0
14.76,63.79,242.03,97.83,29.62,174.04,106.28,264.61,355.83,251.72,63.33,273.63,119.87,64.02,46.08,42.72,0,0,0,0,0,0
13.01,55.23,206.2,85.08,25.67,147.87,90.88,223.2,302.22,214.74,54.89,238.04,102.84,53.73,39.93,37.67,0,0,0,0,0,0
6.84,30.12,107.08,48.75,13.27,90.7,50.31,136.47,183.61,137.66,31.04,139.54,58.49,34.3,26.07,23,0,0,0,0,0,0
6.21,28.07,100.36,46.25,12.28,90.72,47.41,136.8,182.34,138.92,28.95,132.23,55.24,34.89,26.04,21.68,0,0,0,0,0,0
5.94,27.82,101.42,46.75,12.14,94.59,48.34,143.9,191.02,146.36,28.79,133.02,55.71,36.84,26.82,21.38,0,0,0,0,0,0
6.01,28.44,102.35,47.95,12.28,96.21,52.05,146.97,192.44,150.66,29.93,137.44,59.57,37.47,27.09,21.35,0,0,0,0,0,0
4.95,24.23,87.26,41.82,10.31,83.04,47.27,128.36,168.17,132.49,26.3,120.45,53.3,32.43,23.05,18.21,0,0,0,0,0,0
4.55,21.64,74.74,36.56,9.05,68.72,42.21,106.17,138.9,111.18,23.41,106.71,48.27,26.84,19.3,16.11,0,0,0,0,0,0
5.07,22.98,82.5,37.53,9.9,63.01,43.17,97.76,127.1,97.33,23.64,105.38,49.04,23.33,16.8,15.72,0,0,0,0,0,0
10.21,46.26,192.13,73.87,22.45,113.44,83.4,179.37,234.95,159.66,45.48,191.85,90.66,39.26,25.47,26.68,0,0,0,0,0,0
15.06,68.68,294.13,111.57,34.03,166.45,124.36,264.98,346.8,230.08,68.11,283.24,135.84,56.79,35.47,39.07,0,0,0,0,0,0
18.11,80.28,335.6,131.93,39.2,191.86,144.86,304.69,398.28,269.3,81.63,336.03,164.72,66.38,41.88,48.35,0,0,0,0,0,0
19.31,83.48,336.06,137.61,39.91,198.03,149.27,312.12,408.79,284.03,85.93,355.58,175.95,69.9,45.3,53.14,0,0,0,0,0,0
19.58,85.12,337.79,139.78,40.42,204.68,151.05,320.77,420.95,295.72,86.27,365.4,178.57,73.12,48.15,54.66,0,0,0,0,0,0
18.52,83.55,336.98,137.08,39.82,208.52,148.61,327.44,429.27,300.97,83.78,359.76,172.11,75.25,49.14,52.77,0,0,0,0,0,0
17.77,84.23,352.41,137.64,40.36,221.73,151.21,350.68,460.92,316.41,85.03,361.15,168.78,80.36,51.15,51.88,0,0,0,0,0,0
17.72,85.47,351.82,136.64,39.74,232.89,151.23,366.31,483.13,332.4,87.08,368.07,169.21,86.18,55.44,54.33,0,0,0,0,0,0
17.63,86.48,351.3,135.41,39.48,237.79,150.95,373.35,493.77,341.95,89.06,372.97,169.94,90.18,57.95,56.16,0,0,0,0,0,0
17.22,85.78,351.6,135.04,39.24,244.21,151.27,383.74,508.84,351.26,88.94,372.88,168.29,92.78,59.46,55.96,0,0,0,0,0,0
16.99,84.94,351.63,134.56,39.36,244.76,152.04,385.37,509.5,352.17,88.58,370.26,167.12,92.66,59.2,54.79,0,0,0,0,0,0
17.04,84.17,350.51,131.07,39.38,233.35,148.27,367.36,485.55,331.57,87.37,358.89,162.54,87.56,55.59,53.06,0,0,0,0,0,0
14.84,72.97,307.3,114.46,34.63,204.04,129.49,321.68,424.22,289.73,75.78,310.52,140.55,76.07,48.23,45.39,0,0,0,0,0,0
12.45,60.96,251.38,96.35,28.37,175.78,108.1,275.79,364.74,253.16,63.57,264.81,118.83,66.3,42.93,39.48,0,0,0,0,0,0
13.04,61,245.09,95.29,28.36,173.14,105.85,268.79,357.69,249.2,62.49,263.24,117.38,64.71,43.3,39.89,0,0,0,0,0,0
14.72,63.85,241.95,97.82,29.6,174.16,106.17,265.04,357.56,253.55,63.43,274.58,120.27,64.58,46.18,42.84,0,0,0,0,0,0
13.18,56.65,212.55,87.71,26.27,155.42,93.23,235.06,319.38,228.02,56.46,246.12,106.23,57.39,41.95,38.89,0,0,0,0,0,0
7.01,30.99,110.2,50.13,13.72,94.59,51.33,142.46,192.28,146.28,32.11,143.98,60.62,36.73,27.43,23.83,0,0,0,0,0,0
6.44,29.35,104.54,48.4,12.94,96.2,49.09,145.77,194.46,151.74,30.46,139.2,58.26,38.51,28.19,22.95,0,0,0,0,0,0
6.19,29.4,107.75,49.56,12.89,101.65,50.78,155.45,205.36,159.7,30.5,141.32,59.16,40.66,29.14,22.7,0,0,0,0,0,0
6.09,29.23,105.4,49.73,12.62,101.04,53.78,155.19,203.95,160.05,30.76,142.95,61.44,39.99,28.65,22.21,0,0,0,0,0,0
4.95,24.17,87.29,41.88,10.31,83.23,47.36,128.7,167.88,132.11,26.22,120.04,53.05,32.31,23.09,18.15,0,0,0,0,0,0
4.47,20.77,71.59,35.11,8.73,65.12,40.87,100.1,130.04,103.68,22.52,101.43,46.21,24.72,18.18,15.35,0,0,0,0,0,0
5.03,22.66,80.97,36.81,9.76,61.05,42.45,94.59,123,94.35,23.32,103.49,48.36,22.54,16.27,15.45,0,0,0,0,0,0
10.2,46.26,192.4,73.87,22.43,113.65,83.42,179.51,235.54,159.44,45.48,191.78,90.68,39.17,25.38,26.65,0,0,0,0,0,0
15.1,68.76,294.44,111.65,34.1,166.67,124.36,265.17,346.91,230.54,68.24,283.31,136.01,56.94,35.57,39.12,0,0,0,0,0,0
18.12,80.33,335.57,131.98,39.23,191.94,144.88,304.9,398.68,270.04,81.7,336.4,164.87,66.59,41.99,48.43,0,0,0,0,0,0
19.34,83.69,337.11,137.99,40,198.97,149.62,313.6,410.34,285.22,86.14,356.51,176.34,70.25,45.54,53.26,0,0,0,0,0,0
19.61,85.21,338.32,139.8,40.48,204.51,151,320.38,419.52,294.99,86.36,365.17,178.64,73,48.09,54.62,0,0,0,0,0,0
18.52,83.66,337.75,137.41,39.85,209.35,149.01,328.86,430.75,301.6,83.85,360.46,172.26,75.41,49.29,52.83,0,0,0,0,0,0
17.76,84.02,351.52,137.31,40.31,220.71,150.9,349.1,457.99,314.46,84.81,359.75,168.19,79.82,50.94,51.7,0,0,0,0,0,0
17.73,85.18,348.02,135.66,39.76,229.09,149.97,361.2,475.28,331.7,86.9,366.61,168.68,86.17,55.46,54.37,0,0,0,0,0,0
17.62,86.18,349.46,134.9,39.43,235.61,150.45,370.46,487.6,339.04,88.7,371.08,169,89.46,57.74,55.92,0,0,0,0,0,0
17.02,84.15,343.36,131.1,38.57,232.16,147.27,365.01,481.2,333.21,87.21,362.36,164.45,88.22,56.56,54.37,0,0,0,0,0,0
16.82,83.49,344.02,131.01,38.79,233.93,148.38,368.53,485.02,336.7,87.09,360.98,163.8,88.77,56.69,53.43,0,0,0,0,0,0
16.89,83.05,344.44,128.83,38.95,226.77,146.07,357.44,471.87,323.16,86.23,353.11,160.12,85.31,54.25,52.29,0,0,0,0,0,0
14.88,73.28,308.3,115.19,34.76,206.42,130.19,325.46,430.73,294.68,76.15,312.96,141.43,77.31,48.97,45.83,0,0,0,0,0,0
12.33,59.92,246.46,94.29,27.96,170.08,106.12,266.78,352.35,244.35,62.5,258.91,116.51,63.9,41.5,38.65,0,0,0,0,0,0
13.05,60.92,243.69,94.97,28.37,172,105.4,267.26,356.06,249.82,62.48,263.12,117.36,64.92,43.37,39.98,0,0,0,0,0,0
14.76,64,242.12,97.87,29.7,173.98,106.08,264.81,356.85,254.34,63.62,275.01,120.6,64.89,46.33,42.96,0,0,0,0,0,0
13.2,56.69,212.62,87.67,26.3,155.03,93.14,234.5,317.82,227.4,56.48,245.89,106.2,57.29,41.91,38.86,0,0,0,0,0,0
7.02,31.23,111.99,50.56,13.77,95.97,51.79,144.36,195.02,146.98,32.33,145.02,61.12,36.93,27.47,23.89,0,0,0,0,0,0
6.04,28.32,102.73,47.2,12.44,93.34,48.07,141.01,189.28,143.86,28.65,135.05,56,36.22,26.52,21.67,0,0,0,0,0,0
5.87,28.45,104.78,48.27,12.58,97.9,49.33,149.49,198.03,153.92,28.89,137.28,57.15,39.02,27.92,21.65,0,0,0,0,0,0
5.99,29.82,109.78,51.41,13.01,105.48,55.09,161.87,213.34,166.73,30.73,146.89,62.78,41.76,29.51,22.34,0,0,0,0,0,0
5,25.81,95.97,45.66,11.18,92.94,50.6,144.21,188.41,148.48,27.25,130.06,56.64,36.79,25.65,19.18,0,0,0,0,0,0
4.23,20.75,72.98,35.59,8.83,66.9,41.05,103.09,134.45,107.3,21.8,102.76,46.07,25.74,18.54,15.04,0,0,0,0,0,0
4.55,21.19,76.75,34.4,9.19,59.19,39.99,91.66,119.7,91.34,21.25,97.09,44.33,21.86,15.72,14.07,0,0,0,0,0,0
9.08,41.33,173.99,64.1,20.22,101.93,74.12,160.99,212.34,140.87,40.13,167.21,77.4,34.68,22.54,22.7,0,0,0,0,0,0
12.48,57.14,251.21,88.73,28.86,138.35,102.65,220.27,290.59,184.59,55.67,225.3,104.88,45.67,28.47,29.76,0,0,0,0,0,0
13.54,61.04,265.85,94.73,30.74,145.85,109.17,231.87,306.44,195.23,59.86,241.11,113.18,48.28,30.22,32.38,0,0,0,0,0,0
13.93,61.19,256.05,94.8,30.12,145.17,108.17,228.49,302.85,198.03,60.41,245.86,116.14,48.87,31.74,34.45,0,0,0,0,0,0
15.42,65.98,265.39,101.68,31.77,154.48,114.92,240.89,320.23,214.27,65.79,268.55,127.76,52.92,35.44,39.25,0,0,0,0,0,0
16.55,71.57,286.84,111.73,34.08,170.46,125.24,266.12,353.47,238.94,72.87,295.98,141.42,59.31,39.49,44.03,0,0,0,0,0,0
18.02,81.42,334.76,129.9,38.69,204.29,144.69,322.41,425.44,288.69,84.55,342.38,162.65,72.84,47.02,50.79,0,0,0,0,0,0
19.41,89.33,358.21,141.9,41.16,232.66,156.8,366.11,481.82,335.86,93.79,383.18,180.5,86.69,56.4,58.75,0,0,0,0,0,0
20.11,95.82,383.58,152.4,43.37,264.93,167.75,416.38,549,386.28,101.02,418.29,193.81,101.48,65.7,64.8,0,0,0,0,0,0
19.04,93.32,378.27,148.42,42.49,264.95,164.02,417.13,549.12,386.89,98.03,409.07,187.09,102.32,65.68,62.44,0,0,0,0,0,0
17.98,89.15,367.42,142.25,41.34,258.11,159.09,406.33,535,375.04,93.47,390.26,177.4,98.78,63.19,58.31,0,0,0,0,0,0
17.73,88.71,370.32,140.41,41.53,255.69,156.98,403.29,531.46,368.8,91.95,383.93,172.73,97.63,62.03,56.82,0,0,0,0,0,0
15.46,77.43,327.05,123.65,36.78,227.83,137.92,359.8,474.08,330.37,80.19,335.65,150.4,87.11,55.17,49.12,0,0,0,0,0,0
12.85,63.8,263.72,101.91,29.84,190.13,112.89,298.66,394.15,279.13,66.31,280.2,125.04,73.49,47.34,41.75,0,0,0,0,0,0
13.6,64.56,261.28,102.77,30.24,193.55,112.49,300.89,399.14,283.86,66.03,282.59,124.99,74.08,49.37,42.88,0,0,0,0,0,0
15.12,67.14,258.08,104.94,31.23,193.54,112.72,295.71,396.94,284.18,66.47,292.93,127.19,72.87,51.49,45.39,0,0,0,0,0,0
13.32,58.22,221.72,91.54,27.13,166.08,96.76,251.56,339.84,242.76,57.6,254.67,109.3,61.31,44.56,39.86,0,0,0,0,0,0
7.04,32.47,118.65,53.63,14.42,103.95,54.56,157.39,211.74,160.1,33.05,153.01,63.72,40.48,29.63,24.72,0,0,0,0,0,0
6.14,28.93,104.94,48.04,12.72,97.31,48.74,147.49,197.61,151.88,29.45,138.24,56.99,38.59,28,22.29,0,0,0,0,0,0
5.82,28.53,106.24,48.33,12.5,100.5,49.56,153.45,203.44,156.26,29.03,137.75,56.9,39.76,28.36,21.66,0,0,0,0,0,0
5.84,28.67,105.1,49.13,12.52,101.63,53,155.75,204.43,159.89,29.67,140.42,59.72,39.98,28.6,21.46,0,0,0,0,0,0
4.68,23.71,86.91,41.54,10.24,84.77,46.8,131.08,171.74,135.17,25.24,118.92,51.69,33.15,23.49,17.64,0,0,0,0,0,0
4.16,20.18,70.17,34.24,8.59,66.15,39.74,101.99,133.2,107.38,21.42,99.81,44.37,25.88,18.72,14.78,0,0,0,0,0,0
4.31,19.89,71.24,31.6,8.57,55.56,37.36,85.95,112.59,86.06,20.06,90.36,40.87,20.59,14.95,13.15,0,0,0,0,0,0
8.66,39.31,166.19,60.05,19.28,97.19,70.34,153.41,203.33,133.33,38.1,157.11,72.02,32.8,21.4,21.18,0,0,0,0,0,0
11.74,53.82,238.79,82.2,27.36,129.97,96.45,206.88,274.35,171.1,52.06,208.8,96.14,42.3,26.29,27.09,0,0,0,0,0,0
12.35,56.22,248.78,85.52,28.62,134.73,100.31,214.2,284.2,176.94,54.27,217.43,100.21,43.81,27.31,28.29,0,0,0,0,0,0
12.16,54.15,231.2,81.45,27.09,128.57,95.25,202.33,269.41,171.23,52.1,211.49,97.23,42.34,27.46,28.41,0,0,0,0,0,0
12.87,56.22,231.55,83.45,27.61,131.93,97.16,205.48,274.95,178.12,53.95,221.53,101.57,44.16,29.58,30.73,0,0,0,0,0,0
13.21,59.06,243.73,88.48,28.8,141.82,102.47,221.35,295.7,193.51,57.48,236.02,107.73,48.39,32.13,33.03,0,0,0,0,0,0
14.02,66.62,284.63,102.52,32.36,170.51,117.98,269.36,357.7,233.29,66.19,271.52,122.88,59.4,37.88,37.61,0,0,0,0,0,0
15.4,74.45,309.12,115,34.91,201.37,130.63,316.58,418.54,282.47,75.2,312.16,140.34,73.61,47.72,45.48,0,0,0,0,0,0
16.67,82.62,338.56,128.34,37.81,233.74,144.36,367.08,485.73,334.28,84.73,354.68,158.74,88.52,57.17,53.12,0,0,0,0,0,0
17.11,86.1,354.29,135.38,39.51,252.13,151.27,396.59,524.39,366.05,89.2,375.02,167.47,97.31,62.36,56.26,0,0,0,0,0,0
16.99,85.55,354.65,135.52,39.68,251.41,152.72,395.96,524.37,365.11,89.26,374.25,167.9,96.41,61.43,55.44,0,0,0,0,0,0
17.27,86.53,362.92,136.16,40.42,249.85,153.18,393.42,520.19,356.48,89.66,372.67,167.2,94.35,59.88,54.96,0,0,0,0,0,0
15.15,75.74,320.7,120.24,35.92,220.92,134.9,348.81,458.86,316.91,78.42,326.28,146.12,83.58,53.01,47.6,0,0,0,0,0,0
12.59,62.39,259.29,99.91,29.14,187.25,111.46,293.83,388.36,270.62,64.82,273.48,121.56,70.92,46.03,40.67,0,0,0,0,0,0
13.4,63.95,259.52,101.96,29.82,192.89,112.13,300.31,398.92,281.04,65.3,280.73,123.42,73.26,48.9,42.43,0,0,0,0,0,0
15.05,66.72,256.94,104.14,31.02,193.28,112.05,294.91,396.49,282.53,66.12,290.59,126.04,72.41,51.23,45.07,0,0,0,0,0,0
13.18,57.54,217.67,89.77,26.79,162.27,94.98,246.11,332.78,239.34,57,251.4,107.67,60.6,43.98,39.45,0,0,0,0,0,0
7,32.24,119.39,53.19,14.26,104.99,54.29,158.39,212.49,158.17,32.86,150.91,62.68,40,29.43,24.33,0,0,0,0,0,0
6.75,31.09,114.89,51.6,13.87,102.85,52.83,156.15,207.97,157.73,32.09,146.23,61.16,40.02,29.08,23.64,0,0,0,0,0,0
5.82,27.45,100.95,46.22,12.15,94.61,46.99,143.97,191.45,147.68,28.55,131.44,54.77,37.5,26.98,21.27,0,0,0,0,0,0
5.67,27.46,101.82,46.53,12.06,96.64,47.85,147.89,195.03,151.58,28.61,132.23,55.51,38.61,27.37,21.08,0,0,0,0,0,0
4.81,23.81,87.33,41.17,10.2,83.68,45.07,129.44,169.7,132.99,25.57,117.56,50.95,33.07,23.37,18.11,0,0,0,0,0,0
4.48,20.9,72.23,35.07,8.82,66.36,40.49,102.16,132.92,106.88,22.73,101.79,46.11,25.78,18.74,15.54,0,0,0,0,0,0
3.98,17.44,56.65,28.37,7.16,49.36,33.83,75.95,97.5,80.61,18.85,83.24,39.13,19,14.32,12.82,0,0,0,0,0,0
5.09,22.81,81.33,37.02,9.89,61.36,42.55,95.14,122.94,95.45,23.51,103.9,48.62,22.88,16.56,15.58,0,0,0,0,0,0
10.22,46.24,192.26,73.94,22.46,113.78,83.48,179.76,235.34,159.62,45.46,191.57,90.55,39.19,25.51,26.66,0,0,0,0,0,0
15.04,68.42,293.04,111.14,33.95,165.53,123.94,263.32,344.87,228.46,67.88,281.75,135.29,56.29,35.21,38.89,0,0,0,0,0,0
18.11,80.17,334.89,131.69,39.18,191.27,144.59,303.72,397.22,268.92,81.56,335.46,164.54,66.26,41.81,48.32,0,0,0,0,0,0
19.31,83.48,335.94,137.53,39.9,197.75,149.17,311.67,408.15,283.74,85.93,355.45,175.93,69.84,45.25,53.12,0,0,0,0,0,0
19.53,84.79,336.38,139,40.27,202.55,150.27,317.25,416.19,292.01,85.92,363.21,177.82,72.15,47.5,54.32,0,0,0,0,0,0
18.5,83.6,338,137.44,39.81,209.59,149.13,329.15,431.09,300.86,83.76,360.2,172.09,75.17,49.18,52.73,0,0,0,0,0,0
17.77,84.19,352.7,137.82,40.36,222.37,151.49,351.65,461.7,316.26,84.96,360.94,168.56,80.24,51.23,51.84,0,0,0,0,0,0
17.87,86.19,355.02,138.19,40.13,237.57,152.64,373.38,493.11,340.24,87.94,371.98,170.88,88.2,56.79,55.06,0,0,0,0,0,0
17.78,87.33,355.15,137.16,39.91,242.34,152.59,380.62,502.28,349.02,89.94,377.26,171.63,92.11,59.3,56.84,0,0,0,0,0,0
17.04,84.5,344.58,131.96,38.71,234.46,148.14,369.02,486.99,337.88,87.57,365.14,165.32,89.45,57.33,54.8,0,0,0,0,0,0
16.81,83.48,344.65,131.31,38.76,235.91,148.77,371.01,490.75,338.77,87.13,361.49,164.01,89.08,56.85,53.54,0,0,0,0,0,0
16.89,83.06,345.99,128.76,38.88,227.61,146.05,357.63,473.6,321.32,86.25,352.29,160.19,84.73,53.73,52.06,0,0,0,0,0,0
14.69,72.1,303.31,112.86,34.22,199.91,128.05,315.2,416.48,283.34,74.86,306.33,138.75,74.26,47.08,44.75,0,0,0,0,0,0
12.3,59.81,245.66,94.21,27.91,170.17,106.06,266.96,353.83,245.35,62.41,259.02,116.44,64.07,41.58,38.71,0,0,0,0,0,0
13.04,60.82,243.42,94.88,28.34,171.71,105.35,266.83,354.93,248.85,62.36,262.49,117.05,64.64,43.29,39.89,0,0,0,0,0,0
14.76,63.57,240.96,97.28,29.6,172.85,105.55,262.43,353.11,250.61,63.21,271.93,119.49,63.74,45.85,42.56,0,0,0,0,0,0
13.2,56.64,212.2,87.68,26.31,155.1,93.16,234.71,318.19,228.02,56.45,245.89,106.12,57.42,42.05,38.91,0,0,0,0,0,0
7.11,32.11,115.5,52.33,14.12,100.18,53.54,151.78,204.08,154.69,33.17,150.49,62.98,39.11,28.84,24.65,0,0,0,0,0,0
6.23,28.84,102.9,47.51,12.5,94.4,48.5,142.96,193.5,147.86,29.82,137.85,57.46,37.37,27.15,22.51,0,0,0,0,0,0
5.92,27.8,100.55,46.34,12.12,93.18,47.77,141.94,188.77,146.18,28.81,132.94,55.84,36.94,26.67,21.39,0,0,0,0,0,0
6.29,30.33,110.57,51.63,13.13,106.08,55.45,162.85,213.23,167.58,31.94,147.89,63.73,42.14,29.98,22.97,0,0,0,0,0,0
5.18,25.42,92.29,44.03,10.93,89.07,49.16,137.72,180.11,143.07,27.65,126.31,55.89,35.36,24.92,19.24,0,0,0,0,0,0
4.66,21.91,75.83,37.13,9.28,70.14,42.63,108.36,140.47,113.69,23.76,107.53,48.71,27.55,19.92,16.36,0,0,0,0,0,0
5.08,23.03,82.82,37.65,9.92,63.42,43.29,98.36,128.05,97.84,23.7,105.69,49.17,23.46,16.87,15.77,0,0,0,0,0,0
10.22,46.33,192.72,74.13,22.47,114.36,83.71,180.73,236.92,160.49,45.54,192.3,90.79,39.43,25.61,26.74,0,0,0,0,0,0
15.02,68.4,292.83,111.01,33.92,165.05,123.81,262.66,344.09,228.01,67.85,281.75,135.29,56.21,35.09,38.86,0,0,0,0,0,0
18.08,80.1,334.69,131.55,39.12,190.91,144.49,303.15,396.58,268.03,81.46,335.12,164.38,66.02,41.63,48.23,0,0,0,0,0,0
19.31,83.48,335.94,137.54,39.9,197.67,149.18,311.64,407.91,283.67,85.92,355.51,175.92,69.84,45.25,53.12,0,0,0,0,0,0
19.59,85.15,338.04,139.78,40.43,204.54,151.03,320.52,420.09,295.09,86.28,365.21,178.55,72.99,48.08,54.61,0,0,0,0,0,0
18.46,83.16,335.86,136.63,39.65,207.84,148.31,326.07,428.09,298.55,83.37,357.92,171.28,74.44,48.72,52.49,0,0,0,0,0,0
17.78,84.23,353.27,137.72,40.36,222.2,151.35,351.03,460.84,315.05,85,360.51,168.6,79.95,50.98,51.73,0,0,0,0,0,0
17.71,85.21,348.92,135.53,39.69,228.77,149.88,360.4,474.09,329.43,86.87,366.2,168.67,85.63,54.99,54.16,0,0,0,0,0,0
17.88,88.1,358.04,138.33,40.22,244.96,153.59,385.1,507.85,354.52,90.74,381.35,173.34,93.78,60.19,57.43,0,0,0,0,0,0
17.09,84.72,345.65,132.35,38.82,236.05,148.45,371.08,491.04,340.46,87.87,366.25,165.95,90.08,57.64,55.02,0,0,0,0,0,0
16.88,83.78,345.16,131.63,38.93,236.23,148.9,371.79,491.07,341.07,87.49,362.85,164.66,89.84,57.29,53.82,0,0,0,0,0,0
16.95,83.61,347.08,129.9,39.15,229.62,147.12,362.05,478.06,327.56,86.79,356.32,161.36,86.54,54.96,52.71,0,0,0,0,0,0
14.86,73.1,307.48,114.9,34.7,205.46,129.94,324.08,428.28,293.12,75.96,311.99,140.97,76.89,48.78,45.69,0,0,0,0,0,0
12.38,60.38,247.87,94.96,28.14,171.63,106.65,269.47,356.28,248.39,63,261.61,117.63,65.09,42.11,39.07,0,0,0,0,0,0
13.08,61.02,243.76,95.05,28.45,171.87,105.4,267.22,355.28,250.35,62.6,263.42,117.53,65.14,43.53,40.06,0,0,0,0,0,0
14.82,64.27,244.19,98.63,29.84,176.48,106.89,268.37,361.39,256.44,63.9,276.19,121.08,65.36,46.75,43.12,0,0,0,0,0,0
13.11,56.1,210.22,86.78,26.05,152.67,92.42,230.88,312.65,222.97,55.83,242.99,104.84,56.01,41.25,38.41,0,0,0,0,0,0
7.01,31.12,112.37,50.9,13.75,97.24,52.33,146.32,197.02,146.99,32.16,144.75,60.71,36.76,27.64,23.83,0,0,0,0,0,0
6.38,29.01,104.01,47.83,12.76,94.82,48.66,143.29,190.64,147.13,30.04,136.87,57.35,37.24,27.44,22.49,0,0,0,0,0,0
6,28.32,103.42,47.63,12.36,96.88,49.09,147.71,196.1,150.96,29.34,135.87,56.88,38.17,27.56,21.82,0,0,0,0,0,0
6.18,29.63,107.67,50.46,12.83,102.82,54.44,157.84,206.02,161.66,31.16,144.28,62.11,40.5,29.06,22.39,0,0,0,0,0,0
5.08,25.22,91.22,43.65,10.74,87.51,48.93,135.92,177.39,140.85,27.32,125.97,55.43,34.83,24.52,19.04,0,0,0,0,0,0
4.66,22.14,77.8,37.68,9.3,71.94,43.28,110.96,144.29,114.62,23.93,108.8,49.19,27.77,20,16.42,0,0,0,0,0,0
5.16,23.64,85.48,38.7,10.18,66.15,44.24,102.68,133.65,102.41,24.34,108.8,50.49,24.76,17.63,16.22,0,0,0,0,0,0
10.25,46.57,193.34,74.44,22.58,114.95,83.91,181.81,238.38,162.51,45.81,193.61,91.37,40.04,25.93,26.96,0,0,0,0,0,0
15.08,68.74,294.51,111.74,34.08,167.05,124.51,265.77,347.9,230.8,68.2,283.43,135.96,56.96,35.61,39.13,0,0,0,0,0,0
18.15,80.44,336.14,132.17,39.3,192.52,145.02,305.64,399.56,270.76,81.84,336.69,165.08,66.78,42.13,48.5,0,0,0,0,0,0
19.37,83.79,337.47,138.23,40.06,199.56,149.85,314.62,411.48,286.37,86.25,357.11,176.54,70.56,45.77,53.37,0,0,0,0,0,0
19.59,85.09,337.35,139.6,40.43,203.88,150.81,319.63,418.72,294.97,86.25,364.95,178.44,72.99,48.09,54.62,0,0,0,0,0,0
18.55,83.63,338.17,137.38,39.87,209.3,148.97,328.48,429.33,300.14,83.82,359.58,172.03,75.02,49.15,52.69,0,0,0,0,0,0
17.85,84.46,353.75,138.33,40.55,223.52,151.89,353.46,463,318.29,85.28,361.88,169.01,80.82,51.72,52.05,0,0,0,0,0,0
17.83,85.95,352.21,137.34,40.07,233.39,151.68,368.16,483.04,336.85,87.62,370.63,170.12,87.61,56.48,54.86,0,0,0,0,0,0
17.66,86.61,350.8,135.61,39.61,237.3,151.07,373.43,491.83,343.18,89.16,373.77,170.04,90.65,58.39,56.34,0,0,0,0,0,0
17.22,85.25,347.41,133.13,39.12,237.76,149.01,373.86,493.78,344.51,88.49,368.52,167.05,91.29,58.42,55.46,0,0,0,0,0,0
16.84,83.6,344.25,131.33,38.85,235.02,148.68,370.26,488.14,339.18,87.24,362.02,164.15,89.37,57.06,53.65,0,0,0,0,0,0
16.93,83.62,347.5,130.04,39.12,230.26,147.34,362.97,479.7,327.76,86.76,356.58,161.38,86.54,54.95,52.7,0,0,0,0,0,0
14.87,73.01,306.95,114.5,34.69,204.11,129.44,321.84,424.57,291.05,75.88,310.78,140.69,76.42,48.48,45.53,0,0,0,0,0,0
12.53,61.29,251.83,96.9,28.6,176.84,108.48,277.84,366.98,257.13,63.98,266.7,119.58,67.43,43.68,39.9,0,0,0,0,0,0
12.97,60.77,243.77,94.81,28.2,171.77,105.43,266.88,355.91,247.8,62.23,262.65,117.02,64.34,42.95,39.76,0,0,0,0,0,0
14.72,63.58,240.23,97.43,29.57,173.25,105.73,263.58,355.94,253.3,63.23,273.35,119.77,64.42,46.2,42.81,0,0,0,0,0,0
13.08,56.08,211.27,87.31,25.99,155.48,93.16,234.7,320.3,225.44,55.83,243.86,105.02,56.37,41.49,38.52,0,0,0,0,0,0
6.97,30.89,110.79,50.17,13.62,95.08,51.53,142.99,193.21,144.8,31.94,143.51,60.34,36.24,27.15,23.65,0,0,0,0,0,0
6.24,28.27,101.61,46.67,12.34,93.15,47.72,139.81,189.52,142.87,29.3,133.64,56.08,35.8,26.39,21.97,0,0,0,0,0,0
6.08,28.82,106.54,48.69,12.57,100.18,50.14,152.44,202.5,154.37,29.86,138.13,57.9,39.04,28.13,22.12,0,0,0,0,0,0
6.22,29.99,108.6,51.35,12.99,105.73,55.29,162.55,214.41,168.31,31.62,147.46,63.22,42.16,30.04,22.98,0,0,0,0,0,0
5.1,24.84,89.62,43.06,10.69,86.38,48.29,133.61,174.44,138.78,27.03,123.41,54.59,34.14,24.25,18.81,0,0,0,0,0,0
4.6,21.63,75.55,36.8,9.11,69.9,42.46,107.53,140.26,111.23,23.43,106.11,48.12,26.75,19.42,16.06,0,0,0,0,0,0
5.08,22.98,82.85,37.44,9.9,62.89,43.06,97.28,126.43,96.37,23.66,104.91,49.01,23.09,16.62,15.64,0,0,0,0,0,0
10.19,46.11,191.97,73.74,22.38,113.38,83.35,179.04,234.58,158.34,45.31,190.93,90.27,38.82,25.27,26.53,0,0,0,0,0,0
15.04,68.51,293.7,111.37,33.97,166.09,124.22,264.29,345.92,228.8,67.94,282.34,135.45,56.39,35.27,38.92,0,0,0,0,0,0
18.1,80.19,335.01,131.71,39.16,191.28,144.62,303.77,397.29,268.79,81.55,335.58,164.56,66.24,41.77,48.31,0,0,0,0,0,0
19.31,83.53,336.27,137.67,39.92,198.04,149.33,312.23,408.52,283.92,85.95,355.73,175.98,69.9,45.31,53.14,0,0,0,0,0,0
19.62,85.29,338.58,140.02,40.51,205.15,151.22,321.45,421.13,296.24,86.45,365.83,178.84,73.32,48.3,54.73,0,0,0,0,0,0
18.52,83.57,337.08,137.24,39.84,208.96,148.8,328.23,430.21,301.62,83.8,360.07,172.13,75.4,49.29,52.83,0,0,0,0,0,0
17.8,84.12,351.07,137.23,40.41,219.8,150.67,348.03,455.38,314.77,84.94,359.92,168.33,80.05,51.1,51.79,0,0,0,0,0,0
17.7,85.23,349.57,136.03,39.69,230.58,150.55,363.26,478.29,331.14,86.85,366.99,168.69,85.93,55.32,54.26,0,0,0,0,0,0
17.84,87.76,356.12,137.76,40.1,243.52,153.04,382.91,505.43,353.12,90.42,379.9,172.68,93.34,59.95,57.28,0,0,0,0,0,0
17.21,85.39,347.96,133.26,39.15,237.91,149.12,374.22,494.24,344.94,88.61,369.28,167.38,91.48,58.44,55.52,0,0,0,0,0,0
16.96,84.34,347.96,132.91,39.19,239.69,150.2,377.38,497.98,346,88.04,366.06,165.8,91.15,58.21,54.28,0,0,0,0,0,0
17.12,84.29,350.79,131.53,39.56,234.73,148.65,369.47,487.87,334.35,87.58,359.47,162.75,88.22,56.23,53.31,0,0,0,0,0,0
14.88,73.14,307.61,114.97,34.75,205.71,129.97,324.37,428.65,293.58,76.02,312.02,141.05,77.01,48.88,45.73,0,0,0,0,0,0
12.35,60.26,248.36,95.12,28.07,172.71,106.99,270.83,358.59,247.94,62.84,261.21,117.34,64.8,42.03,38.96,0,0,0,0,0,0
13.01,60.51,241.93,94.23,28.22,170.02,104.69,264.01,351.34,246.28,62.06,260.6,116.38,63.93,42.84,39.64,0,0,0,0,0,0
14.81,64.01,241.99,98.06,29.77,175.36,106.19,266.46,360.98,257.28,63.77,275.38,120.87,65.5,46.73,43.19,0,0,0,0,0,0
13.18,56.44,212.09,87.44,26.22,154.9,93,233.94,317.41,225.99,56.25,244.54,105.65,56.78,41.7,38.68,0,0,0,0,0,0
7.01,31.11,112.81,50.9,13.71,97.63,52.37,146.59,198.05,146.62,32.15,144.59,60.73,36.61,27.5,23.77,0,0,0,0,0,0
6.44,29.83,107.51,49.67,13.05,100.22,50.53,152.09,204.14,156.6,30.88,142.72,59.39,39.7,28.89,23.35,0,0,0,0,0,0
6.21,29.49,108.33,49.67,12.93,102.22,50.85,156.05,206.67,160.31,30.63,141.55,59.4,40.8,29.18,22.75,0,0,0,0,0,0
6.21,29.56,107,50.41,12.86,103.17,54.31,158.08,207.48,163.16,31.2,144.02,62.1,40.78,29.28,22.51,0,0,0,0,0,0
5.1,25.11,91.91,43.89,10.74,89.28,49.28,137.9,181.03,141.24,27.26,125.27,55.19,34.68,24.59,18.98,0,0,0,0,0,0
4.56,21.46,74.94,36.5,9,69.43,42.21,106.6,140.03,110.27,23.26,105.42,47.86,26.43,19.15,15.95,0,0,0,0,0,0
5.12,23.13,83.38,37.88,10.01,64.14,43.49,99.33,129.03,98.7,23.83,105.92,49.33,23.67,17.08,15.85,0,0,0,0,0,0
10.26,46.58,193.6,74.51,22.59,115.22,84,182.15,238.7,162.47,45.82,193.57,91.36,40.02,25.94,26.95,0,0,0,0,0,0
15.05,68.59,293.67,111.36,34,165.95,124.14,264.13,345.96,229.45,68.04,282.76,135.69,56.62,35.33,39.01,0,0,0,0,0,0
18.09,80.15,334.84,131.62,39.14,191.05,144.54,303.39,396.82,268.38,81.51,335.34,164.47,66.13,41.7,48.27,0,0,0,0,0,0
19.32,83.55,336.21,137.67,39.93,198.03,149.3,312.22,408.78,284.38,86,355.95,176.1,70.04,45.36,53.19,0,0,0,0,0,0
19.55,84.87,336.44,139.18,40.32,202.8,150.43,317.89,416.63,293.08,86.01,363.8,177.98,72.46,47.74,54.43,0,0,0,0,0,0
18.45,83.25,335.53,136.53,39.66,207.07,148.13,325.27,427.06,299.02,83.46,358.64,171.57,74.7,48.73,52.58,0,0,0,0,0,0
17.69,83.72,350.1,136.68,40.13,219.21,150.33,346.69,455.84,312.34,84.49,358.48,167.67,79.22,50.45,51.48,0,0,0,0,0,0
17.76,85.66,350.6,136.81,39.89,232.92,151.18,367.04,485.05,337.3,87.4,370.08,169.94,87.56,56.21,54.84,0,0,0,0,0,0
17.92,87.95,357.52,138.44,40.27,245.59,153.72,385.9,508.49,355.14,90.65,380.53,172.92,93.78,60.48,57.44,0,0,0,0,0,0
17.26,85.52,350.47,134.3,39.25,241.29,150.42,379.15,499.18,345.77,88.65,369.68,167.24,91.48,58.89,55.52,0,0,0,0,0,0
16.97,84.27,346.25,132.35,39.2,237.17,149.46,374.03,492.3,344.82,87.99,365.41,165.61,91.04,58.09,54.25,0,0,0,0,0,0
16.98,83.7,347.91,130.09,39.19,230.71,147.28,363.23,480.58,328.47,86.92,356.53,161.62,86.71,55.02,52.77,0,0,0,0,0,0
14.72,72.46,305.5,113.75,34.33,202.86,128.99,319.61,423.33,287,75.23,308.62,139.61,75.15,47.61,45.06,0,0,0,0,0,0
12.37,60.24,247.77,94.86,28.09,171.68,106.62,269.29,356.11,247.3,62.85,260.74,117.28,64.71,41.95,38.93,0,0,0,0,0,0
13.09,61.11,244.25,95.21,28.48,172.16,105.57,267.75,355.44,250.43,62.65,263.72,117.62,65.19,43.59,40.08,0,0,0,0,0,0
14.85,64.32,243.64,98.67,29.91,176.44,106.83,268.49,361.71,258.08,64.01,276.65,121.26,65.82,47.05,43.29,0,0,0,0,0,0
13.31,57.26,215.18,89.18,26.63,159.39,94.63,241.44,327.04,234.56,57.13,249.48,107.44,59.1,43.24,39.5,0,0,0,0,0,0
6.99,32.08,117.11,53,14.26,102.59,54,155.02,209.21,157.5,32.66,151.03,62.92,39.69,29.16,24.44,0,0,0,0,0,0
6.32,29.81,108.68,50.22,13.24,101.01,50.81,153.53,204.08,157.65,30.27,142.93,59.07,40.01,29.14,23.03,0,0,0,0,0,0
5.85,28.55,106.67,49.06,12.57,100.73,50.4,153.74,203.93,155.34,28.91,138.4,57.27,39.2,28.2,21.7,0,0,0,0,0,0
6.04,30.22,111.26,52.16,13.19,106.66,55.8,164.39,214.78,169.14,31.08,149.05,63.46,42.55,30.09,22.62,0,0,0,0,0,0
5.01,25.61,94.89,45.22,11.17,90.85,50.15,141.33,181.65,145,26.99,128.2,55.84,35.98,25.37,18.91,0,0,0,0,0,0
4.29,21.15,74.58,36.29,9.03,67.95,41.7,105.29,135.14,109.12,22.15,104.58,46.69,26.39,19.05,15.27,0,0,0,0,0,0
4.58,21.37,77.61,34.71,9.28,59.79,40.3,92.72,120.2,91.99,21.41,97.78,44.6,22.09,15.91,14.15,0,0,0,0,0,0
9.05,41.13,173.4,63.83,20.13,101.31,73.92,159.92,210.81,139.19,39.91,166.11,76.92,34.18,22.29,22.52,0,0,0,0,0,0
12.46,57.05,250.96,88.64,28.81,138.26,102.61,220.11,290.75,184.22,55.57,225.07,104.73,45.53,28.37,29.71,0,0,0,0,0,0
13.55,61.15,266.42,94.88,30.78,146.3,109.29,232.47,307.21,195.67,59.97,241.46,113.38,48.42,30.29,32.43,0,0,0,0,0,0
13.98,61.42,256.76,95.1,30.25,145.83,108.36,229.55,304.13,199.86,60.7,246.89,116.67,49.43,32.05,34.65,0,0,0,0,0,0
15.43,66,265.23,101.56,31.79,154.03,114.73,240.17,319.19,214.09,65.83,268.43,127.82,52.93,35.4,39.25,0,0,0,0,0,0
16.53,71.59,286.56,111.66,34.07,169.88,125.16,265.55,352.36,238.83,72.87,296.27,141.47,59.36,39.48,44.05,0,0,0,0,0,0
18.04,81.41,334.73,129.69,38.7,203.64,144.39,321.19,423.58,287.62,84.58,341.78,162.62,72.61,46.83,50.71,0,0,0,0,0,0
19.46,89.89,361.72,143.14,41.34,236.34,158.12,371.7,489.32,339.58,94.3,386.17,181.64,87.66,57,59.08,0,0,0,0,0,0
20.05,95.67,382.66,151.9,43.26,262.93,167.28,413.66,544.43,383.41,100.79,417.39,193.39,100.85,65.24,64.57,0,0,0,0,0,0
19.04,93.46,378.44,148.9,42.55,265.94,164.55,419.29,551.74,389.52,98.14,410.69,187.4,103.01,66.19,62.69,0,0,0,0,0,0
17.95,89.04,365.1,141.55,41.32,254.77,158.23,402.16,527.79,373.46,93.34,389.76,177.12,98.63,63.02,58.27,0,0,0,0,0,0
17.72,88.4,367.76,139.42,41.45,252.1,155.84,398.07,523.12,365.26,91.65,381.71,171.96,96.86,61.54,56.56,0,0,0,0,0,0
15.3,76.55,324.95,122.38,36.32,225.04,137.02,354.88,467.42,321.56,79.14,330.71,148.27,84.55,53.71,48.2,0,0,0,0,0,0
12.84,64.1,267.53,103.5,29.91,194.97,114.94,306.26,402.85,281.26,66.42,282.4,125.28,73.82,47.95,41.84,0,0,0,0,0,0
13.44,64.32,261.07,102.46,29.95,192.68,112.5,299.9,398.12,280.54,65.58,282.15,124.43,73.19,48.69,42.53,0,0,0,0,0,0
15.08,66.89,256.05,104.09,31.13,191.19,111.73,291.97,393.14,282.62,66.29,291.62,126.89,72.52,51.06,45.27,0,0,0,0,0,0
13.28,58.42,222.01,91.73,27.13,166.08,96.93,252.16,340.93,244.26,57.75,256.43,109.86,61.84,44.7,40.04,0,0,0,0,0,0
6.93,31.63,115.96,52.03,14.05,101.59,53.15,153.33,205.5,154.15,32.25,147.88,61.36,38.9,28.82,23.96,0,0,0,0,0,0
6.14,28.53,103.4,47.33,12.63,95.26,48.03,144.04,191.6,147.72,29.05,135.24,55.9,37.45,27.49,21.9,0,0,0,0,0,0
5.76,27.67,101.55,46.58,12.24,95.79,47.73,145.88,193.55,150.52,28.26,132.85,55.11,38.16,27.45,21.12,0,0,0,0,0,0
5.87,29.1,106.66,49.93,12.67,103.37,53.79,159,208.26,163.44,30.06,143.13,60.63,41.02,29.22,21.83,0,0,0,0,0,0
4.7,23.98,87.62,41.62,10.33,83.93,46.77,130.28,168.77,134.61,25.45,119.75,52.09,33.27,23.48,17.68,0,0,0,0,0,0
4.1,20,69.54,33.71,8.44,64.31,39.27,99.28,128.88,103.85,21.15,98.61,43.88,25.04,18.12,14.48,0,0,0,0,0,0
4.28,19.66,70.85,31.28,8.46,54.92,37.14,84.73,110.89,83.66,19.8,88.99,40.31,19.89,14.56,12.9,0,0,0,0,0,0
8.64,39.09,165.91,59.81,19.18,96.86,70.21,152.58,202.05,131.09,37.85,155.69,71.44,32.12,21.07,20.94,0,0,0,0,0,0
11.71,53.62,237.95,81.8,27.28,128.96,96.07,205.2,272.1,169.29,51.85,207.6,95.69,41.8,25.99,26.91,0,0,0,0,0,0
12.33,56.09,248.32,85.29,28.56,134.21,100.1,213.29,283.15,175.86,54.14,216.71,99.93,43.5,27.11,28.18,0,0,0,0,0,0
12.15,54.1,230.92,81.31,27.07,128.24,95.1,201.78,268.95,170.89,52.06,211.27,97.17,42.26,27.37,28.38,0,0,0,0,0,0
12.89,56.35,232.26,83.77,27.68,132.9,97.48,206.95,276.91,179.38,54.08,222.24,101.83,44.47,29.81,30.85,0,0,0,0,0,0
13.27,59.35,245.22,89.11,28.95,143.56,103.07,224.02,298.84,195.88,57.8,237.39,108.3,49.02,32.6,33.25,0,0,0,0,0,0
14.1,66.73,284.91,102.69,32.5,170.94,118,269.82,357.77,234.41,66.39,271.52,123.08,59.71,38.17,37.73,0,0,0,0,0,0
15.45,74.8,310.09,115.26,35.05,201.78,130.69,317.25,419.73,284.6,75.61,313.73,141.22,74.33,47.97,45.74,0,0,0,0,0,0
16.85,83.49,342.68,129.8,38.25,237.31,145.59,372.51,491.2,339.35,85.67,358.14,160.42,90.05,58.17,53.66,0,0,0,0,0,0
16.94,84.79,349.02,132.84,38.95,245.23,148.9,385.37,508.51,353.21,87.8,367.1,164.4,93.81,60.28,55.03,0,0,0,0,0,0
16.92,84.6,349.9,133.25,39.36,244.27,150.37,384.8,506.67,354.01,88.26,367.48,165.48,93.61,59.81,54.47,0,0,0,0,0,0
17.25,86.3,361.06,135.46,40.35,247.35,152.38,389.82,514.6,354.12,89.43,371.19,166.66,93.83,59.54,54.78,0,0,0,0,0,0
15.08,75.51,319.82,119.94,35.77,220.72,134.69,348.3,460.13,316.6,78.2,325.81,145.86,83.37,52.77,47.52,0,0,0,0,0,0
12.64,62.67,259.11,99.66,29.28,185.59,110.89,291.56,384.58,271.03,65.16,274.19,122.23,71.34,46.05,40.82,0,0,0,0,0,0
13.43,63.79,258.8,101.15,29.79,190.81,111.1,296.29,393.71,277.66,65.23,278.41,123.1,72.44,48.24,42.14,0,0,0,0,0,0
15.01,66.5,255.77,103.53,30.91,191.4,111.42,292.01,392.46,279.85,65.88,289.21,125.56,71.75,50.75,44.83,0,0,0,0,0,0
13.17,57.76,219.3,90.31,26.81,163.47,95.66,248.27,334.68,239.62,57.09,252.68,107.96,60.72,44.09,39.47,0,0,0,0,0,0
7.2,32.77,119.3,53.93,14.4,105.06,55.18,159.18,214.38,160.86,33.85,154.26,64.41,40.66,29.88,25.19,0,0,0,0,0,0
6.34,29.2,104.24,48.14,12.75,95.69,49,145.09,194.71,150.25,30.21,139.11,58.05,38.09,27.76,22.78,0,0,0,0,0,0
5.97,28.22,103.16,47.18,12.27,95.69,48.63,145.61,193.61,148.6,29.22,134.89,56.68,37.59,27.05,21.61,0,0,0,0,0,0
6.16,29.79,108.64,50.79,12.82,104.14,54.83,159.79,210.07,163.49,31.32,145.64,62.62,40.94,29.19,22.53,0,0,0,0,0,0
5.09,24.98,90.44,43.33,10.71,86.91,48.62,134.66,175.38,139.16,27.11,124.28,54.83,34.29,24.33,18.86,0,0,0,0,0,0
4.56,21.59,74.86,36.57,9.06,68.64,42.23,106.08,137.6,110.24,23.34,106.09,47.99,26.61,19.28,16.01,0,0,0,0,0,0
4.99,22.4,79.55,36.27,9.65,59.49,41.93,92.27,119.97,92.45,23.06,102.25,47.84,22.03,15.94,15.27,0,0,0,0,0,0
10.21,46.34,192.63,74.06,22.47,114.02,83.61,180.27,236.26,160.28,45.55,192.33,90.83,39.41,25.56,26.73,0,0,0,0,0,0
15.03,68.44,292.99,111.11,33.95,165.25,123.9,263.03,344.32,228.32,67.89,281.91,135.34,56.3,35.18,38.9,0,0,0,0,0,0
18.1,80.19,334.94,131.7,39.17,191.22,144.61,303.7,397.07,268.81,81.56,335.53,164.55,66.25,41.79,48.31,0,0,0,0,0,0
19.31,83.52,336.07,137.64,39.93,197.9,149.28,312.06,408.37,284.14,85.96,355.76,176,69.97,45.35,53.16,0,0,0,0,0,0
19.58,85.16,338.28,139.83,40.42,204.86,151.11,320.93,421.02,295.28,86.29,365.38,178.61,73.02,48.07,54.62,0,0,0,0,0,0
18.47,83.43,337.52,137.14,39.71,209.01,148.87,328.05,430.09,299.39,83.58,359.29,171.76,74.74,48.88,52.58,0,0,0,0,0,0
17.76,84.27,352.88,137.68,40.36,221.69,151.28,350.63,460.16,315.48,85.02,361.02,168.73,80.15,51.04,51.8,0,0,0,0,0,0
17.72,85.31,349.69,135.92,39.73,230,150.34,362.32,476.59,330.65,86.95,366.92,168.84,85.9,55.24,54.25,0,0,0,0,0,0
17.77,87.4,354.94,137.1,39.92,241.64,152.48,379.92,500.85,348.98,89.99,377.74,171.78,92.23,59.29,56.88,0,0,0,0,0,0
17.16,85.06,347.71,132.99,38.99,237.57,149.06,373.35,492.57,341.47,88.19,367.3,166.46,90.42,57.95,55.14,0,0,0,0,0,0
16.98,85,350.84,134.06,39.37,242.43,151.36,382.17,504.29,350.61,88.64,370.08,167.25,92.52,58.91,54.74,0,0,0,0,0,0
16.97,83.94,349.46,130.53,39.22,232.04,147.77,365.24,483.64,329.62,87.12,357.89,162.16,87.03,55.13,52.87,0,0,0,0,0,0
14.88,73.26,308.23,114.93,34.74,205.41,129.89,323.87,427.9,292.9,76.11,312.33,141.31,76.93,48.69,45.7,0,0,0,0,0,0
12.58,61.35,251.74,96.88,28.67,176.9,108.34,277.74,367.2,258.1,64.12,266.75,119.8,67.7,43.82,40,0,0,0,0,0,0
13,60.56,241.75,94.23,28.23,169.67,104.67,263.79,350.77,246.63,62.1,261.09,116.51,64.1,42.91,39.7,0,0,0,0,0,0
14.68,62.99,237.8,96.03,29.35,169.75,104.28,257.4,347.93,247.1,62.68,269.11,118.47,62.75,45.11,42.22,0,0,0,0,0,0
13.18,56.22,209.94,86.79,26.18,152.43,92.23,230.54,311.92,224.38,56.05,243.25,105.14,56.46,41.53,38.58,0,0,0,0,0,0
7.02,31.31,112.8,50.88,13.79,96.72,52.2,145.65,195.84,146.99,32.34,145.39,61.13,36.92,27.57,23.88,0,0,0,0,0,0
6.28,28.59,103.41,47.22,12.48,93.98,48.28,141.39,189.39,143.05,29.54,134.71,56.48,35.99,26.6,22.03,0,0,0,0,0,0
6.03,28.24,102.79,47.24,12.38,95.63,48.58,145.58,192.72,149.43,29.3,134.71,56.66,37.82,27.34,21.71,0,0,0,0,0,0
6.04,28.99,103.8,49.11,12.5,99.22,53.14,152.51,200.87,158.4,30.52,141.94,61.05,39.58,28.29,22.07,0,0,0,0,0,0
5.03,24.76,90.44,43.24,10.57,87.14,48.74,134.8,175.85,137.34,26.82,123.34,54.28,33.67,24.02,18.63,0,0,0,0,0,0
4.55,21.26,72.99,35.95,8.98,67,41.58,103.46,134.19,108.45,23.05,104.28,47.31,26.08,19.02,15.84,0,0,0,0,0,0
5.02,22.76,81.43,37.05,9.78,61.92,42.71,95.94,125.62,95.92,23.44,104.41,48.7,22.92,16.45,15.58,0,0,0,0,0,0
10.19,46.21,192.25,73.89,22.4,113.83,83.49,179.82,236.13,159.55,45.41,191.74,90.58,39.15,25.4,26.64,0,0,0,0,0,0
15.08,68.69,294.07,111.6,34.08,166.56,124.34,265.09,346.91,230.56,68.16,283.2,135.88,56.91,35.58,39.11,0,0,0,0,0,0
18.16,80.42,335.88,132.14,39.31,192.42,144.98,305.54,399.34,270.95,81.83,336.62,165.03,66.83,42.19,48.52,0,0,0,0,0,0
19.34,83.63,336.54,137.85,39.98,198.54,149.46,313,409.72,285.16,86.08,356.29,176.24,70.23,45.52,53.26,0,0,0,0,0,0
19.61,85.19,337.83,139.76,40.48,204.34,150.93,320.26,419.59,295.6,86.36,365.31,178.65,73.16,48.19,54.68,0,0,0,0,0,0
18.47,83.36,337.21,136.9,39.69,208.43,148.6,326.95,428.73,298.37,83.52,358.59,171.6,74.47,48.68,52.48,0,0,0,0,0,0
17.83,84.7,354.72,138.61,40.56,224.29,152.16,354.77,465.79,319.95,85.49,363.56,169.69,81.33,51.81,52.22,0,0,0,0,0,0
17.86,86.11,353.18,137.47,40.13,233.92,151.74,368.62,483.98,337.2,87.81,370.97,170.5,87.74,56.46,54.9,0,0,0,0,0,0
17.83,87.75,355.38,137.53,40.1,242.09,152.75,381.24,501.9,352.22,90.38,379.79,172.57,93.25,59.89,57.25,0,0,0,0,0,0
17.28,85.76,349.83,134.24,39.35,239.93,150.16,377.94,496.6,347.25,88.89,371.14,167.81,92.15,59.15,55.76,0,0,0,0,0,0
16.91,84.22,346.85,132.43,39.09,237.56,149.72,374.64,493.23,343.63,87.84,365.43,165.44,90.68,57.85,54.11,0,0,0,0,0,0
16.91,83.63,347.61,129.98,39.08,230.37,147.29,363,480.87,328.03,86.79,356.85,161.56,86.6,54.85,52.72,0,0,0,0,0,0
14.74,72.72,306.32,114.16,34.42,203.72,129.36,321.22,425.49,289.14,75.48,310.24,140.21,75.79,47.94,45.28,0,0,0,0,0,0
12.32,60.01,247.13,94.49,27.97,170.79,106.35,267.81,354.08,244.95,62.58,259.48,116.74,64.04,41.55,38.69,0,0,0,0,0,0
13.01,60.65,242.77,94.65,28.26,171.58,105.16,266.37,355.56,248.54,62.21,261.86,116.81,64.45,43.13,39.82,0,0,0,0,0,0
14.82,64.21,243.98,98.67,29.83,176.98,106.93,268.94,362.95,257.24,63.88,276.09,121.04,65.48,46.86,43.17,0,0,0,0,0,0
13.2,56.65,212.95,88.09,26.3,157.11,93.68,237.42,323.32,229.95,56.5,246.47,106.27,57.73,42.29,39.01,0,0,0,0,0,0
7.12,31.97,116.08,52.29,14.08,100.74,53.58,151.92,204.23,152.88,33.04,149.07,62.56,38.49,28.59,24.43,0,0,0,0,0,0
6.43,29.54,107.06,49.19,12.93,99.54,50.1,150.33,202.4,153.74,30.61,140.65,58.76,38.83,28.36,23.04,0,0,0,0,0,0
6.04,28.44,104.46,47.93,12.44,98.17,49.37,149.25,198.57,151.97,29.5,136.12,57.14,38.36,27.71,21.89,0,0,0,0,0,0
6.11,29.17,105.47,49.75,12.63,101.79,53.79,155.83,205.84,160.67,30.77,142.54,61.41,40.02,28.71,22.23,0,0,0,0,0,0
5.22,25.44,91.3,43.99,11.02,88.33,49,137.05,178.19,144.06,27.71,126.44,55.88,35.7,25.23,19.38,0,0,0,0,0,0
4.57,21.5,74.59,36.45,9.04,68.46,42.12,105.64,137.01,109.62,23.26,105.47,47.78,26.4,19.2,15.94,0,0,0,0,0,0
5.07,22.93,81.87,37.24,9.9,62,42.8,96.23,124.85,96.59,23.62,104.89,48.95,23.2,16.68,15.68,0,0,0,0,0,0
10.19,46.18,191.95,73.78,22.41,113.25,83.36,179.05,234.41,158.86,45.37,191.39,90.44,39.02,25.35,26.6,0,0,0,0,0,0
15.05,68.55,293.74,111.41,33.99,166.11,124.24,264.35,345.79,229.03,67.98,282.43,135.5,56.47,35.34,38.95,0,0,0,0,0,0
18.12,80.37,336.08,132.13,39.24,192.4,145.07,305.56,399.24,269.95,81.72,336.48,164.87,66.55,42.02,48.42,0,0,0,0,0,0
19.37,83.88,337.81,138.43,40.1,200.04,150.05,315.46,412.57,287.29,86.33,357.72,176.74,70.81,45.93,53.46,0,0,0,0,0,0
19.57,85.02,337.02,139.49,40.39,203.64,150.72,319.25,418.52,294.65,86.17,364.71,178.33,72.88,48,54.58,0,0,0,0,0,0
18.6,83.85,337.7,137.54,40.02,209.46,148.92,329.07,430.95,303.83,84.15,361.2,172.76,76.09,49.69,53.08,0,0,0,0,0,0
17.93,85.2,356.76,139.37,40.82,225.95,152.76,357.44,468.3,323.03,86.04,365.66,170.7,82.28,52.41,52.56,0,0,0,0,0,0
17.86,85.97,353.26,137.56,40.11,234.37,151.96,369.21,483.9,336.1,87.62,370.06,169.97,87.33,56.44,54.76,0,0,0,0,0,0
17.64,86.65,351.93,135.89,39.57,238.22,151.5,374.78,493.24,342.5,89.12,373.97,169.99,90.42,58.31,56.24,0,0,0,0,0,0
17.17,85.4,348.64,133.58,39.11,238.35,149.64,375.38,494.07,343.95,88.47,369.58,167.12,91.23,58.46,55.42,0,0,0,0,0,0
16.93,84.24,346.44,132.5,39.15,237.57,149.73,374.84,493.24,344.73,87.9,365.68,165.5,90.98,58.1,54.22,0,0,0,0,0,0
17.1,84.35,350.07,131.19,39.54,232.95,148.21,367.26,484.32,333.53,87.6,359.76,162.9,88.22,56.04,53.31,0,0,0,0,0,0
14.87,72.79,306.57,114.32,34.64,203.96,129.35,321.3,423.48,289.31,75.65,309.29,140.08,75.84,48.29,45.32,0,0,0,0,0,0
12.49,60.61,250.19,95.7,28.34,173.75,107.42,272.29,357.68,248.46,63.21,261.5,117.69,65.05,42.44,39.06,0,0,0,0,0,0
13,60.28,240.95,93.71,28.14,168.61,104.17,261.65,347.92,243.8,61.83,258.98,115.83,63.27,42.45,39.41,0,0,0,0,0,0
14.68,63.22,238.43,96.29,29.4,170.28,104.49,258.44,349.82,248.93,62.91,270.62,119.08,63.31,45.31,42.42,0,0,0,0,0,0
13.12,56.43,211.58,87.42,26.13,154.94,93.04,234.34,319.54,227.4,56.22,245.61,105.89,57.14,41.74,38.8,0,0,0,0,0,0
7.03,31.61,114.47,51.77,13.87,99.69,53.19,150.32,203.48,151.36,32.64,147.98,61.94,37.97,28.2,24.24,0,0,0,0,0,0
6.35,29.06,104.69,48.05,12.72,95.64,48.99,144.56,192.79,147.47,30.03,137.47,57.47,37.28,27.44,22.49,0,0,0,0,0,0
6.22,29.09,107.42,49.19,12.84,100.91,50.47,153.7,201.5,155.84,30.19,138.51,58.17,39.53,28.72,22.31,0,0,0,0,0,0
6.22,29.9,110.06,51.04,12.92,104.66,55.08,160.26,208.58,161.85,31.39,144.95,62.5,40.54,29.14,22.39,0,0,0,0,0,0
5.22,25.87,95.31,45.28,11.1,92.22,50.58,142.96,185.26,145.63,27.99,128.76,56.54,36.04,25.56,19.46,0,0,0,0,0,0
4.57,21.61,74.8,36.66,9.08,68.73,42.33,106.38,137.57,110.6,23.35,106.26,47.98,26.71,19.41,16.05,0,0,0,0,0,0
5.09,23.11,83.38,37.92,9.96,64.2,43.61,99.61,129.42,98.58,23.77,106.15,49.28,23.63,17.05,15.83,0,0,0,0,0,0
10.21,46.18,191.99,73.8,22.43,113.57,83.34,179.33,235.33,159.41,45.42,191.36,90.51,39.12,25.41,26.64,0,0,0,0,0,0
15.05,68.57,293.9,111.39,33.99,166.18,124.19,264.32,346.12,229.08,68.01,282.46,135.6,56.49,35.29,38.96,0,0,0,0,0,0
18.11,80.28,335.67,131.94,39.2,191.93,144.88,304.77,398.4,269.29,81.64,336.02,164.72,66.37,41.88,48.35,0,0,0,0,0,0
19.32,83.6,336.49,137.78,39.95,198.28,149.41,312.62,409.05,284.52,86.03,356.08,176.14,70.08,45.41,53.2,0,0,0,0,0,0
19.57,85.03,337.47,139.56,40.38,204.07,150.83,319.74,419.44,294.47,86.17,364.71,178.34,72.8,47.94,54.54,0,0,0,0,0,0
18.56,83.68,337.75,137.42,39.91,209.52,148.94,328.91,430.96,302.18,83.94,360.33,172.35,75.55,49.4,52.88,0,0,0,0,0,0
17.95,85.05,356.82,139.55,40.82,227.09,153.05,358.83,470.24,323.2,85.91,364.87,170.28,82.12,52.55,52.51,0,0,0,0,0,0
17.85,86.11,354.74,138.02,40.1,236.44,152.53,372.01,489.33,337.87,87.76,371.24,170.44,87.67,56.56,54.87,0,0,0,0,0,0
17.78,87.38,355.68,137.3,39.91,242.57,152.78,381.08,502.26,348.61,89.94,377.45,171.63,92.03,59.28,56.81,0,0,0,0,0,0
17.34,85.92,350.73,134.51,39.46,241.1,150.32,379.26,499.05,348.88,89.14,371.56,168.23,92.54,59.37,55.9,0,0,0,0,0,0
16.99,84.48,348.37,133.11,39.27,239.66,150.36,377.67,496.95,346.22,88.15,366.55,165.94,91.31,58.38,54.34,0,0,0,0,0,0
17.03,84.21,350.05,131.06,39.39,232.79,148.23,366.99,484.48,332.01,87.39,359.42,162.61,87.77,55.7,53.14,0,0,0,0,0,0
14.92,73.65,309.84,115.71,34.91,206.99,130.66,326.8,430.5,295.53,76.46,314.46,142,77.73,49.25,45.98,0,0,0,0,0,0
12.47,60.58,249.06,95.51,28.33,173.12,107.15,271.64,357.91,249.98,63.24,262.08,117.88,65.48,42.57,39.22,0,0,0,0,0,0
13.05,60.73,244.09,95.13,28.33,172.46,105.78,267.92,354.77,247.33,62.18,261.68,116.53,64.14,43.27,39.7,0,0,0,0,0,0
14.83,64.18,244.02,98.82,29.86,177.08,107.16,269.37,362,256.73,63.8,275.84,120.74,65.33,46.97,43.12,0,0,0,0,0,0
13.05,55.71,209.4,86.36,25.86,152.26,92.17,229.77,312.08,220.35,55.42,241.07,104,55.12,40.76,38.09,0,0,0,0,0,0
7.08,31.44,113.03,51.25,13.92,97.76,52.5,147.35,198.01,149.51,32.54,146.25,61.43,37.56,28.08,24.12,0,0,0,0,0,0
6.31,29.05,104.85,48.17,12.65,96.31,49.21,145.63,195.4,148.32,30,138.12,57.59,37.44,27.46,22.54,0,0,0,0,0,0
6.16,29.15,107.22,49.28,12.78,101.48,50.61,154.78,205.18,158.13,30.25,139.99,58.62,40.1,28.84,22.5,0,0,0,0,0,0
6.3,30.15,109.63,51.67,13.14,106.6,55.52,163.59,214.72,168.84,31.83,147.44,63.4,42.3,30.27,23.04,0,0,0,0,0,0
5.24,25.92,94.99,45.4,11.13,93.28,50.62,144.33,189.72,148.99,28.15,129.76,57.03,36.81,25.9,19.74,0,0,0,0,0,0
4.55,21.4,74.91,36.46,8.98,68.83,42.25,105.98,137.49,108.5,23.12,104.89,47.49,26.02,19.03,15.8,0,0,0,0,0,0
5.1,23.12,83.44,37.79,9.96,64.05,43.41,99.08,129.41,98.44,23.82,105.96,49.4,23.6,16.93,15.82,0,0,0,0,0,0
10.19,46.21,192.38,73.88,22.41,113.58,83.47,179.49,235,158.81,45.4,191.51,90.49,38.99,25.34,26.58,0,0,0,0,0,0
15.05,68.48,293.2,111.17,33.98,165.34,123.94,263.14,344.17,228.38,67.93,281.95,135.39,56.33,35.22,38.91,0,0,0,0,0,0
18.11,80.23,335.14,131.78,39.18,191.49,144.68,304.1,397.79,269.27,81.6,335.81,164.66,66.36,41.85,48.35,0,0,0,0,0,0
19.34,83.69,337.2,138.03,40,199.1,149.68,313.8,410.64,285.27,86.13,356.55,176.34,70.25,45.55,53.26,0,0,0,0,0,0
19.58,85.05,337.73,139.66,40.39,204.62,150.92,320.39,420.82,295.09,86.22,364.83,178.44,72.91,48.01,54.58,0,0,0,0,0,0
18.52,83.47,336.7,136.94,39.81,208.19,148.46,326.81,428.33,300.27,83.72,359.17,171.92,75.05,49.05,52.71,0,0,0,0,0,0
17.87,84.67,353.8,138.29,40.63,222.73,151.68,352.59,461.51,319.01,85.5,362.84,169.54,81.22,51.78,52.19,0,0,0,0,0,0
17.83,85.86,352.18,137.24,40.04,233.43,151.61,367.92,483.03,336.06,87.53,369.96,169.91,87.33,56.33,54.76,0,0,0,0,0,0
17.82,87.65,355,137.4,40.07,241.94,152.64,380.85,501.69,351.8,90.29,379.24,172.37,93.08,59.81,57.2,0,0,0,0,0,0
17.17,85.28,347.63,133.16,39.06,237.33,149.13,373.65,492.73,343.52,88.41,368.95,167.03,91.12,58.27,55.39,0,0,0,0,0,0
16.84,83.81,344.94,131.6,38.9,235.43,148.93,371.19,489.11,340.35,87.42,363.26,164.6,89.77,57.24,53.79,0,0,0,0,0,0
16.94,83.64,347.62,129.9,39.13,229.74,147.14,362.04,478.12,326.86,86.79,356.22,161.39,86.36,54.8,52.64,0,0,0,0,0,0
14.91,73.29,308.48,115,34.8,205.42,129.92,323.83,426.9,292.5,76.15,312.03,141.24,76.85,48.73,45.67,0,0,0,0,0,0
12.4,60.47,247.85,95.16,28.22,172,106.81,270.26,357.08,249.86,63.11,262.23,117.82,65.49,42.41,39.22,0,0,0,0,0,0
13,60.62,242.27,94.42,28.23,170.66,104.9,265.12,353.72,247.86,62.17,261.72,116.77,64.35,43,39.78,0,0,0,0,0,0
14.79,63.96,241.49,97.88,29.75,174.17,106.03,265.08,357.58,255.71,63.66,274.97,120.59,65.19,46.6,43.08,0,0,0,0,0,0
13.23,56.94,213.46,88.43,26.44,157.05,93.94,238.07,322.46,231.35,56.74,247.99,106.76,58.3,42.66,39.22,0,0,0,0,0,0
6.85,31.31,113.19,51.42,13.9,97.76,52.52,147.89,199.07,150.63,31.81,147.12,61.21,37.9,28.03,23.81,0,0,0,0,0,0
6.24,29.38,107.05,49.09,12.98,98.71,49.66,149.14,200.72,153.68,29.89,140.41,58.44,38.89,28.13,22.62,0,0,0,0,0,0
5.89,28.7,107.51,49.13,12.64,101.26,50.34,154.01,204.98,155.87,29.13,138.51,57.66,39.36,28.19,21.75,0,0,0,0,0,0
5.96,29.59,108.22,50.92,12.93,103.6,54.59,159.35,209.08,164.81,30.48,145.77,62.23,41.31,29.27,22.19,0,0,0,0,0,0
4.88,25.01,91.14,43.84,10.86,87.14,48.75,135.7,176.14,141.71,26.42,125.81,54.89,35.09,24.58,18.6,0,0,0,0,0,0
4.35,21.17,74.37,36.43,9.12,69,41.73,106.48,138.2,111.72,22.31,104.8,46.94,26.95,19.43,15.48,0,0,0,0,0,0
4.58,21.21,76.79,34.5,9.25,59.8,40.04,92.33,121.07,92.47,21.34,97.07,44.43,22.09,15.91,14.15,0,0,0,0,0,0
9.06,41.16,173.88,64.02,20.15,102.28,74.14,161.16,213.15,140.06,39.96,166.34,77.03,34.32,22.4,22.57,0,0,0,0,0,0
12.47,57.04,250.73,88.53,28.82,137.94,102.45,219.55,289.98,184.06,55.58,224.81,104.71,45.5,28.35,29.7,0,0,0,0,0,0
13.52,60.98,265.62,94.59,30.7,145.5,109.04,231.28,305.75,194.51,59.79,240.74,113.04,48.09,30.08,32.31,0,0,0,0,0,0
13.93,61.22,256.02,94.74,30.13,144.93,108.07,228.13,302.44,198.02,60.46,245.94,116.23,48.91,31.7,34.46,0,0,0,0,0,0
15.44,66.15,266,101.96,31.84,155.18,115.16,242.05,321.83,215.76,65.97,269.51,128.15,53.35,35.68,39.4,0,0,0,0,0,0
16.56,71.78,287.3,111.99,34.16,170.69,125.44,266.86,354,240.38,73.07,297.26,141.89,59.8,39.74,44.21,0,0,0,0,0,0
18.11,82,336.96,130.83,38.96,206.27,145.47,325.82,428.98,292.67,85.16,345.23,163.84,74.06,47.76,51.22,0,0,0,0,0,0
19.45,89.77,360.1,142.51,41.29,234.28,157.34,368.65,485.74,338.74,94.23,385.51,181.55,87.55,56.75,59.05,0,0,0,0,0,0
20.16,96.21,384.9,152.64,43.54,264.74,167.82,416.32,547.36,386.66,101.4,419.46,194.52,101.84,65.82,64.93,0,0,0,0,0,0
19.07,93.34,378.94,148.62,42.54,265.39,164.27,417.75,548.55,386.07,98.01,408.66,186.89,102.08,65.72,62.35,0,0,0,0,0,0
17.83,88.4,364.68,141.07,40.96,254.97,158.19,401.52,528.28,368.44,92.58,386.59,175.65,96.91,62.12,57.64,0,0,0,0,0,0
17.62,87.84,367.69,139.08,41.15,252.9,155.89,398.19,525.07,361.37,91.03,378.92,170.73,95.41,60.79,56.04,0,0,0,0,0,0
15.24,76.19,322.14,121.14,36.15,221.04,135.63,348.88,459.55,317.82,78.81,328.61,147.63,83.73,52.97,47.92,0,0,0,0,0,0
12.79,63.69,264.58,102.19,29.73,191.3,113.46,300.41,396.31,277.95,66.08,280,124.64,73.03,47.19,41.57,0,0,0,0,0,0
13.55,64.76,262.07,103.26,30.24,194.48,113.12,303.07,401.85,285.65,66.12,284.64,125.42,74.62,49.65,43.06,0,0,0,0,0,0
15.09,67.11,258.34,105.17,31.19,194.47,113.1,297.2,399.29,284.8,66.4,293.3,127.11,72.94,51.6,45.41,0,0,0,0,0,0
13.31,58.72,223.08,92.38,27.25,167.84,97.58,255.16,345.28,247.77,58.06,258.58,110.58,62.77,45.27,40.37,0,0,0,0,0,0
6.93,31.82,115.77,52.44,14.13,102.2,53.54,155.07,207.81,157.52,32.43,149.9,61.87,39.85,29.41,24.3,0,0,0,0,0,0
6.1,28.87,105.65,48.28,12.65,98.47,49.17,149.08,200.11,151.62,29.33,138.21,56.81,38.38,27.95,22.2,0,0,0,0,0,0
5.73,27.67,102.44,46.73,12.18,96.54,48,146.79,195,149.7,28.2,132.8,55.04,37.87,27.27,21.01,0,0,0,0,0,0
5.81,28.85,106.99,49.44,12.48,102.51,53.43,156.98,205.82,158.84,29.74,141.11,60,39.75,28.35,21.36,0,0,0,0,0,0
4.77,24.49,91.07,43.09,10.54,88.41,48.38,137.12,177.61,139.19,25.92,122.68,53.05,34.36,24.35,18.06,0,0,0,0,0,0
4.14,20.08,69.86,34.13,8.55,65.62,39.69,101.34,131.42,106.02,21.27,99.2,44.01,25.53,18.6,14.66,0,0,0,0,0,0
4.29,19.77,70.64,31.33,8.53,54.71,37.1,84.68,110.62,84.83,19.93,89.67,40.59,20.29,14.77,13.04,0,0,0,0,0,0
8.62,39.02,165.1,59.58,19.16,95.98,69.94,151.44,200.52,130.8,37.78,155.48,71.33,32.08,21.01,20.93,0,0,0,0,0,0
11.73,53.75,238.51,82.1,27.34,129.69,96.37,206.46,273.54,170.54,51.98,208.4,95.96,42.14,26.23,27.03,0,0,0,0,0,0
12.36,56.23,249,85.63,28.64,135.1,100.44,214.74,284.8,177.14,54.28,217.47,100.2,43.83,27.37,28.3,0,0,0,0,0,0
12.21,54.37,232.23,81.88,27.21,129.87,95.63,204.23,272.04,173.29,52.36,212.55,97.73,42.89,27.81,28.61,0,0,0,0,0,0
12.9,56.34,232.2,83.76,27.69,133.03,97.44,207.03,277.45,179.78,54.11,222.22,101.88,44.55,29.84,30.88,0,0,0,0,0,0
13.24,59.37,245.55,89.22,28.91,144.1,103.25,224.85,300.81,196.4,57.79,237.95,108.45,49.12,32.58,33.28,0,0,0,0,0,0
14.11,66.87,285.6,103.1,32.55,172.35,118.43,272,361.47,236.73,66.55,272.72,123.49,60.26,38.5,37.92,0,0,0,0,0,0
15.53,75.3,312.31,116.14,35.28,204.15,131.47,320.9,424.38,288.4,76.14,316.1,142.27,75.39,48.62,46.11,0,0,0,0,0,0
16.73,83.21,340.55,129.16,38.04,235.15,145.03,369.84,488.42,337.93,85.31,357.79,159.99,89.72,57.8,53.54,0,0,0,0,0,0
17.05,85.43,350.44,134,39.3,247.35,149.88,389.7,512.69,359.69,88.47,370.98,165.73,95.71,61.57,55.72,0,0,0,0,0,0
17.05,85.42,353.35,135.15,39.77,248.98,152.24,392.81,515.87,361.95,89.08,372.35,167.09,95.76,61.38,55.23,0,0,0,0,0,0
17.27,86.56,361.51,135.78,40.45,247.81,152.62,390.94,516.1,356.46,89.7,372.87,167.3,94.56,59.9,55.04,0,0,0,0,0,0
15.09,75.49,319.54,119.85,35.78,220.37,134.56,347.77,459.12,316.35,78.19,325.52,145.78,83.32,52.77,47.5,0,0,0,0,0,0
12.78,63.64,264.08,102.27,29.73,193.56,113.59,304.05,402.42,282.83,66.19,280.66,124.44,74.26,48.07,41.85,0,0,0,0,0,0
13.54,64.82,261.73,102.95,30.24,194.25,112.74,303.18,401.22,286.79,66.24,284.85,125.29,75.16,49.92,43.11,0,0,0,0,0,0
15.16,67.13,257.75,104.67,31.31,193.87,112.34,296.25,396.46,285.49,66.59,292.21,126.8,73.38,51.92,45.43,0,0,0,0,0,0
13.24,57.83,218.72,90.42,26.95,163.9,95.59,248.86,335.99,242.41,57.3,253.07,108.25,61.42,44.59,39.74,0,0,0,0,0,0
7.13,31.93,115.42,52.39,14.1,101.42,53.65,152.99,207.11,155.36,33.08,149.63,62.71,39.03,28.93,24.63,0,0,0,0,0,0
6.41,29.08,103.7,47.89,12.81,95.08,48.62,143.72,192.08,149.12,30.18,137.52,57.67,37.76,27.71,22.68,0,0,0,0,0,0
5.99,28.43,103.53,47.56,12.37,96.46,48.95,147.16,195.68,151.19,29.45,136.44,57.21,38.33,27.49,21.87,0,0,0,0,0,0
6.1,29.55,106.72,50.24,12.7,102.57,54.25,157.6,208.25,163.02,31.1,145.06,62.32,40.81,28.99,22.5,0,0,0,0,0,0
5.15,25.57,93.11,44.38,10.92,89.65,49.62,139.08,181.29,143.51,27.7,127.48,56.11,35.53,25.02,19.29,0,0,0,0,0,0
4.54,21.52,74.42,36.31,9,68.04,41.95,105.06,137.03,109.72,23.28,105.83,47.97,26.48,19.08,15.96,0,0,0,0,0,0
5.09,22.96,82.44,37.31,9.9,62.51,42.88,96.68,125.8,96.45,23.66,104.76,49.01,23.12,16.62,15.65,0,0,0,0,0,0
10.26,46.44,192.97,74.23,22.56,114.39,83.7,180.79,236.46,161.03,45.68,192.53,90.99,39.63,25.76,26.82,0,0,0,0,0,0
15.04,68.48,293.24,111.16,33.96,165.36,123.95,263.17,344.4,228.25,67.91,282.01,135.4,56.29,35.16,38.89,0,0,0,0,0,0
18.11,80.2,335.11,131.72,39.18,191.35,144.62,303.79,397.21,268.81,81.58,335.49,164.58,66.24,41.79,48.31,0,0,0,0,0,0
19.34,83.72,336.99,138.01,40.01,198.98,149.62,313.71,410.74,285.9,86.18,356.84,176.47,70.44,45.62,53.33,0,0,0,0,0,0
19.61,85.31,338.05,139.97,40.52,204.87,151.13,321.28,421.37,297.28,86.49,366.35,179,73.63,48.42,54.84,0,0,0,0,0,0
18.45,83.32,336.4,136.65,39.66,207.3,148.3,325.54,426.56,297.93,83.47,358.54,171.55,74.45,48.61,52.48,0,0,0,0,0,0
17.79,84.46,353.77,138.16,40.44,223.28,151.76,353.06,464.07,318.16,85.25,362.39,169.24,80.81,51.45,52.03,0,0,0,0,0,0
17.77,85.75,351.77,137.09,39.92,233.38,151.55,367.82,484.34,336.03,87.4,370.05,169.85,87.26,56.16,54.73,0,0,0,0,0,0
17.73,86.9,352.07,136.12,39.76,238.87,151.48,375.69,495.27,345.96,89.52,375.19,170.75,91.39,58.82,56.6,0,0,0,0,0,0
17.16,84.97,346.15,132.84,39,236.96,148.84,372.86,492.4,343.2,88.16,367.58,166.42,90.86,58.25,55.31,0,0,0,0,0,0
16.84,83.57,342.83,130.99,38.86,233.89,148.17,368.73,487.04,340.38,87.29,362.2,164.32,89.75,57.16,53.8,0,0,0,0,0,0
16.99,83.76,348.18,130.27,39.23,231.42,147.46,364.25,482.44,329.73,87.01,357.02,161.82,87,55.21,52.87,0,0,0,0,0,0
14.76,72.37,303.61,113.07,34.38,200.08,128.04,315.62,416.81,285.65,75.21,307.5,139.4,75,47.47,45.03,0,0,0,0,0,0
12.57,61.01,251.23,96.42,28.56,176.24,107.96,276.02,364.81,254.69,63.78,264.26,118.94,66.66,43.31,39.64,0,0,0,0,0,0
13.29,62.18,249.08,97.19,29.01,177.21,107.34,275.69,364.64,258.42,63.8,268.78,119.8,67.45,45.08,40.88,0,0,0,0,0,0
14.88,64.49,244.97,99.18,29.99,177.75,107.4,270.56,363.4,258.76,64.14,277.31,121.44,65.98,47.29,43.35,0,0,0,0,0,0
13.11,56.12,210.46,86.85,26.06,153.09,92.49,231.37,313.83,223.44,55.88,243.13,104.94,56.1,41.28,38.44,0,0,0,0,0,0
6.85,30.12,107.53,48.62,13.27,90.93,50.07,136.28,184.35,137.64,31.13,139.13,58.65,34.3,25.91,22.96,0,0,0,0,0,0
6.35,28.66,102.06,47,12.63,92.65,47.79,139.74,186.39,144.51,29.72,134.84,56.68,36.53,26.95,22.25,0,0,0,0,0,0
6.05,28.36,102.93,47.58,12.45,96.51,48.9,147.19,195.03,151.72,29.44,135.8,56.96,38.41,27.75,21.92,0,0,0,0,0,0
6.16,29.63,108.47,50.76,12.79,104.58,54.87,160.1,210.78,162.95,31.17,144.71,62.24,40.65,29.14,22.44,0,0,0,0,0,0
5.21,25.89,95.5,45.39,11.08,92.85,50.72,143.84,187.42,146.56,28.01,129.24,56.7,36.23,25.62,19.53,0,0,0,0,0,0
4.59,21.73,75.78,36.79,9.11,69.53,42.42,107.16,139.54,111.14,23.51,106.62,48.35,26.83,19.37,16.09,0,0,0,0,0,0
5.06,22.86,81.89,37.25,9.86,62.39,42.87,96.65,126.02,96.53,23.55,104.68,48.83,23.1,16.63,15.64,0,0,0,0,0,0
10.25,46.41,192.85,74.21,22.54,114.52,83.71,180.95,237.2,161.3,45.66,192.58,90.99,39.66,25.76,26.83,0,0,0,0,0,0
15.09,68.72,294.43,111.62,34.08,166.66,124.37,265.12,346.83,230.11,68.18,283.1,135.89,56.8,35.5,39.07,0,0,0,0,0,0
18.12,80.34,335.74,131.97,39.23,191.94,144.86,304.81,398.57,269.79,81.71,336.33,164.89,66.53,41.94,48.41,0,0,0,0,0,0
19.34,83.75,337.28,138.12,40.01,199.29,149.76,314.21,411.3,286,86.19,357.05,176.5,70.47,45.65,53.34,0,0,0,0,0,0
19.59,85.16,337.75,139.76,40.44,204.47,150.99,320.51,420.41,295.82,86.32,365.52,178.66,73.19,48.17,54.69,0,0,0,0,0,0
18.52,83.4,336.45,136.92,39.79,208.14,148.48,326.79,428.14,300.04,83.64,358.93,171.74,74.96,49.05,52.67,0,0,0,0,0,0
17.84,84.34,352.53,137.89,40.52,222.04,151.36,351.32,460.18,317.44,85.18,361.24,168.82,80.66,51.55,52,0,0,0,0,0,0
17.79,85.73,352.02,137,39.94,232.77,151.45,366.84,481.36,334.01,87.35,369.16,169.56,86.79,55.98,54.56,0,0,0,0,0,0
17.78,87.37,355.01,137.11,39.93,241.08,152.54,379.35,497.91,347.25,89.88,377.12,171.4,91.83,59.23,56.74,0,0,0,0,0,0
17.14,84.89,346.3,132.67,38.94,236.48,148.72,371.96,490.73,341.17,88.03,366.79,166.14,90.34,57.93,55.12,0,0,0,0,0,0
16.92,83.79,345.97,131.95,39,237.4,149.29,373.33,492.37,341.16,87.5,362.55,164.51,89.76,57.46,53.79,0,0,0,0,0,0
16.94,83.55,347.48,129.73,39.1,229.7,146.96,361.57,478.27,326.28,86.74,355.54,161.27,86.15,54.63,52.56,0,0,0,0,0,0
14.77,72.65,305.8,113.97,34.45,202.95,129.12,320.06,422.96,288.19,75.43,309.42,139.95,75.57,47.9,45.21,0,0,0,0,0,0
12.4,60.4,247.84,95.02,28.19,171.77,106.68,269.69,356.31,248.85,63.04,261.62,117.65,65.2,42.23,39.11,0,0,0,0,0,0
13.16,61.47,245.8,95.88,28.66,174.17,106.14,270.74,359.86,254.03,63.09,265.6,118.5,66.15,44.16,40.42,0,0,0,0,0,0
14.89,64.32,244.65,98.91,29.95,177.61,107.12,269.76,363.13,257.73,64.03,276.1,121.15,65.61,47.07,43.22,0,0,0,0,0,0
13.15,56.38,211.58,87.39,26.17,154.54,93.02,233.74,316.91,225.84,56.14,244.64,105.49,56.75,41.7,38.66,0,0,0,0,0,0
7.07,31.65,113.48,51.63,13.96,98.9,52.88,149.39,202.1,152.7,32.76,148.23,62.11,38.41,28.46,24.41,0,0,0,0,0,0
6.28,28.56,103.01,47.49,12.5,94.54,48.63,142.73,190.59,144.44,29.48,135.2,56.34,36.3,26.98,22.15,0,0,0,0,0,0
6.01,28.11,102.96,47.27,12.32,96.35,48.71,146.29,194.36,148.95,29.17,134.06,56.37,37.54,27.24,21.6,0,0,0,0,0,0
6.13,29.31,106.37,49.89,12.68,101.57,53.92,155.67,203.78,159.43,30.85,142.63,61.47,39.83,28.63,22.16,0,0,0,0,0,0
4.98,24.52,88.87,42.78,10.46,85.18,48.34,132.36,171.3,135.04,26.5,122.31,53.63,33.13,23.76,18.44,0,0,0,0,0,0
4.51,21.13,73.44,36.01,8.86,67.89,41.82,104.44,136.5,107.68,22.88,103.84,47.04,25.71,18.81,15.7,0,0,0,0,0,0
5.05,22.73,81.06,36.89,9.81,61.13,42.48,94.79,122.99,94.93,23.41,103.74,48.49,22.72,16.4,15.52,0,0,0,0,0,0
10.23,46.32,192.61,74.06,22.49,114.08,83.59,180.26,236.03,160.2,45.55,192.05,90.76,39.37,25.59,26.72,0,0,0,0,0,0
15.02,68.41,292.89,111.05,33.92,165.1,123.85,262.78,344.06,228,67.85,281.78,135.28,56.21,35.11,38.86,0,0,0,0,0,0
18.1,80.22,335.14,131.77,39.18,191.46,144.67,304.04,397.73,269.14,81.59,335.77,164.65,66.33,41.82,48.34,0,0,0,0,0,0
19.31,83.46,335.77,137.5,39.9,197.58,149.14,311.5,407.75,283.64,85.9,355.41,175.88,69.83,45.25,53.12,0,0,0,0,0,0
19.57,85,337.14,139.45,40.37,203.59,150.71,319.1,418.19,294.02,86.13,364.45,178.23,72.71,47.9,54.52,0,0,0,0,0,0
18.5,83.44,336.62,136.93,39.76,208.09,148.51,326.82,428.35,299.99,83.65,359.28,171.85,74.98,48.99,52.68,0,0,0,0,0,0
17.86,84.66,354.02,138.38,40.6,223.24,151.84,353.32,462.98,319.34,85.48,363.05,169.56,81.25,51.8,52.2,0,0,0,0,0,0
17.87,86.05,352.71,137.25,40.13,233.35,151.46,367.61,482.82,336.74,87.79,370.45,170.4,87.62,56.36,54.87,0,0,0,0,0,0
17.77,87.25,355.16,137.29,39.88,242.67,152.85,381.3,502.5,348.61,89.81,377.08,171.33,91.95,59.35,56.78,0,0,0,0,0,0
17.09,84.51,345.52,132.18,38.77,235.3,148.41,369.91,486.99,336.93,87.57,364.35,165.07,89.12,57.35,54.69,0,0,0,0,0,0
16.89,84.02,346.8,132.32,39,238.03,149.72,374.82,494.41,342.57,87.64,364.37,165.03,90.23,57.63,53.94,0,0,0,0,0,0
16.95,83.61,348.18,130.32,39.14,231.66,147.69,364.73,482.58,328.47,86.77,356.49,161.34,86.57,55.08,52.71,0,0,0,0,0,0
14.72,72.43,304.73,113.76,34.36,202.36,129,319.38,422.06,287.45,75.18,308.82,139.48,75.31,47.82,45.13,0,0,0,0,0,0
12.48,60.97,250.26,96.36,28.46,175.3,108,275.57,363.81,254.86,63.63,265.2,118.87,66.8,43.34,39.68,0,0,0,0,0,0
13.15,61.48,246.26,96.18,28.66,175.26,106.54,272.42,362.37,254.89,63.08,266.05,118.51,66.28,44.33,40.47,0,0,0,0,0,0
14.97,65.05,246.7,100.27,30.27,181.26,108.32,275.98,372.96,266.74,64.86,281.21,123.07,68.05,48.45,44.09,0,0,0,0,0,0
13.12,55.94,209.05,86.48,26.03,152.58,92.02,230.31,314.18,224.31,55.82,242.52,104.84,56.24,41.3,38.5,0,0,0,0,0,0
6.96,30.95,111.41,50.37,13.61,95.6,51.81,143.86,194.04,144.76,31.95,143.88,60.39,36.23,27.17,23.63,0,0,0,0,0,0
6.29,28.71,102.98,47.44,12.56,94.33,48.43,142.41,191.12,145.9,29.7,136.05,56.87,36.77,27.08,22.32,0,0,0,0,0,0
5.98,28.26,104.94,48.05,12.3,98.9,49.77,150.28,199.71,150.15,29.2,135.47,56.58,37.73,27.47,21.65,0,0,0,0,0,0
6.11,29.49,108.11,50.62,12.68,104.57,54.82,159.99,211.79,162.59,31.02,144.5,62.07,40.47,28.96,22.37,0,0,0,0,0,0
5.18,25.23,92,43.73,10.87,88.44,48.88,136.36,177.86,140.69,27.46,124.7,55.36,34.67,24.58,19,0,0,0,0,0,0
4.56,21.11,72.26,35.45,8.94,65.76,40.97,101.13,131.29,106.63,22.96,102.84,47.02,25.62,18.67,15.68,0,0,0,0,0,0
5.14,23.21,83.18,37.84,10.06,63.82,43.33,98.9,128.53,99.45,23.96,106.24,49.57,23.93,17.18,15.95,0,0,0,0,0,0
10.19,46.18,192.16,73.85,22.41,113.69,83.45,179.59,235.6,159.24,45.39,191.49,90.49,39.07,25.38,26.61,0,0,0,0,0,0
15.06,68.62,294.09,111.55,34.02,166.69,124.35,265.12,347.48,230.07,68.08,282.95,135.76,56.73,35.44,39.04,0,0,0,0,0,0
18.13,80.37,335.88,132.09,39.24,192.41,144.99,305.51,399.81,270.59,81.76,336.63,164.99,66.71,42.06,48.47,0,0,0,0,0,0
19.35,83.71,336.97,138.08,40.02,199.31,149.7,314.18,411.57,286.39,86.18,356.92,176.46,70.53,45.71,53.37,0,0,0,0,0,0
19.57,85.05,337.22,139.53,40.39,203.88,150.76,319.54,419.28,294.92,86.2,364.91,178.43,72.94,48,54.6,0,0,0,0,0,0
18.46,83.22,336.08,136.66,39.65,207.64,148.35,325.95,427.41,298.23,83.39,358.16,171.34,74.42,48.69,52.48,0,0,0,0,0,0
17.83,84.34,352.74,137.81,40.49,221.97,151.29,351.03,460.2,316.9,85.18,361.09,168.85,80.52,51.39,51.95,0,0,0,0,0,0
17.87,86.26,353.4,137.77,40.18,234.86,152.02,370.26,487.21,339.88,87.99,372.41,170.99,88.43,56.81,55.15,0,0,0,0,0,0
17.85,88.06,357.99,138.57,40.2,245.45,153.97,386.28,508.69,354.87,90.62,381.68,173.12,93.82,60.38,57.44,0,0,0,0,0,0
17.34,86.28,353.4,135.83,39.56,245.34,151.9,385.97,508.74,353.57,89.44,374.61,169.02,93.6,60.16,56.26,0,0,0,0,0,0
17,84.73,349.99,134,39.34,243.12,151.35,382.75,506.04,351.05,88.44,368.84,166.72,92.38,59.03,54.71,0,0,0,0,0,0
16.83,83.12,345.54,128.99,38.85,227.63,146.38,358.62,474.64,322.96,86.22,353.83,160.35,85.22,54.02,52.23,0,0,0,0,0,0
14.8,72.81,306.56,114.12,34.52,203.22,129.19,320.38,423.12,288.54,75.6,309.88,140.28,75.73,47.95,45.27,0,0,0,0,0,0
12.37,60.33,248.14,95.06,28.12,172.3,106.83,270.3,357.81,248.43,62.94,261.45,117.53,65,42.1,39.03,0,0,0,0,0,0
13.08,61.25,245.31,95.58,28.5,173.05,106.02,269.29,356.95,250.91,62.74,264.59,117.84,65.33,43.71,40.12,0,0,0,0,0,0
14.84,64.27,243.26,98.59,29.9,175.85,106.77,267.88,359.97,257.35,63.92,276.39,121.05,65.66,47.02,43.24,0,0,0,0,0,0
13.18,56.64,213.16,88.04,26.26,156.88,93.67,237.09,322.58,228.93,56.44,246.29,106.18,57.48,42.12,38.92,0,0,0,0,0,0
7.11,31.79,114.94,51.95,14.03,99.86,53.21,150.54,202.74,152.23,32.88,148.2,62.23,38.28,28.47,24.36,0,0,0,0,0,0
6.52,29.85,108.63,49.89,13.14,101.6,50.72,153.32,205.79,156.56,30.99,141.85,59.34,39.55,28.95,23.3,0,0,0,0,0,0
6.21,29.38,108.27,49.88,12.91,103.41,51.16,157.69,209.63,161.42,30.54,141.48,59.22,40.91,29.39,22.79,0,0,0,0,0,0
6.09,29.29,106.55,49.98,12.6,102.63,54.1,157.03,208.02,160.92,30.85,143.31,61.71,40.09,28.64,22.24,0,0,0,0,0,0
5.14,25.25,91.72,43.63,10.82,87.72,48.81,135.69,176.81,140.32,27.42,125.2,55.42,34.67,24.47,18.99,0,0,0,0,0,0
4.53,21.31,73.71,35.91,8.93,67.2,41.56,103.41,134.92,107.74,23.08,104.31,47.47,25.9,18.75,15.76,0,0,0,0,0,0
5.1,23.23,83.73,38.03,9.99,64.67,43.65,100.22,131.24,99.94,23.93,106.94,49.7,24,17.15,15.96,0,0,0,0,0,0
10.23,46.36,192.96,74.18,22.49,114.51,83.74,180.89,237.04,160.5,45.58,192.31,90.84,39.43,25.62,26.74,0,0,0,0,0,0
15.06,68.62,293.81,111.44,34.02,166.21,124.21,264.5,346.39,229.82,68.07,282.84,135.73,56.7,35.42,39.04,0,0,0,0,0,0
18.13,80.34,335.67,132.01,39.24,192.05,144.89,304.98,398.68,270.05,81.72,336.3,164.86,66.58,42.01,48.43,0,0,0,0,0,0
19.34,83.71,337.21,138.1,40,199.46,149.75,314.33,411.93,286.12,86.17,356.9,176.46,70.45,45.64,53.33,0,0,0,0,0,0
19.61,85.34,338.88,140.2,40.51,205.96,151.43,322.64,423.74,297.61,86.52,366.53,179.08,73.62,48.43,54.83,0,0,0,0,0,0
18.43,83.16,335.49,136.37,39.6,206.73,148.02,324.6,426.03,297.59,83.34,357.95,171.32,74.31,48.49,52.43,0,0,0,0,0,0
17.67,83.69,350.49,136.68,40.09,219.32,150.4,346.74,455.77,311.31,84.42,358.17,167.54,78.92,50.27,51.37,0,0,0,0,0,0
17.75,85.62,352.24,136.84,39.83,233.08,151.37,366.79,482.99,333.21,87.24,368.71,169.49,86.47,55.65,54.44,0,0,0,0,0,0
17.81,87.3,354.21,136.95,39.96,241.01,152.29,379.01,498.57,348.38,89.91,376.85,171.43,92.07,59.36,56.84,0,0,0,0,0,0
17.29,85.75,350.41,134.33,39.35,240.82,150.26,378.76,498.73,347.49,88.93,370.91,167.86,92.11,59.11,55.74,0,0,0,0,0,0
17.06,85.04,350.84,134.13,39.5,242.19,151.33,381.84,501.99,350.31,88.71,369.51,167.1,92.49,59.1,54.75,0,0,0,0,0,0
17.07,84.24,349.43,130.88,39.48,232.11,147.87,365.9,482.98,332.63,87.51,359.21,162.75,88,55.82,53.23,0,0,0,0,0,0
14.79,72.77,306.66,114.36,34.51,204,129.54,321.73,424.71,289.12,75.53,310.07,140.12,75.8,48.13,45.29,0,0,0,0,0,0
12.52,61.22,252.55,97.15,28.56,177.43,108.94,278.85,366.51,255.35,63.78,266.11,119.07,66.9,43.62,39.7,0,0,0,0,0,0
13.2,61.83,247.73,96.67,28.79,176.47,106.96,274.33,364.85,257.01,63.44,267.69,119.26,66.93,44.65,40.69,0,0,0,0,0,0
14.75,63.49,240.07,97.1,29.56,172.49,105.34,261.96,353.45,251.36,63.17,271.99,119.48,63.92,45.89,42.63,0,0,0,0,0,0
13.09,55.83,208.58,86.19,25.95,151.51,91.77,228.78,311.48,222.34,55.65,241.77,104.5,55.77,41,38.33,0,0,0,0,0,0
6.8,30.61,109.37,49.83,13.66,93.37,50.84,140.82,189.78,144.99,31.16,142.87,59.74,36.39,27.08,23.29,0,0,0,0,0,0
6.14,28.76,104.54,48.07,12.71,95.5,48.82,144.44,192.87,147.58,29.15,137.05,56.85,37.26,27.28,22.05,0,0,0,0,0,0
5.89,28.72,106.3,49.1,12.68,100.47,50.25,153.61,203.99,157.52,29.16,139.41,57.78,39.89,28.52,21.95,0,0,0,0,0,0
5.89,29.46,108.68,50.82,12.76,103.82,54.68,159.41,210.04,162.9,30.26,145.27,61.95,40.72,28.82,21.96,0,0,0,0,0,0
4.91,25.11,93.46,44.37,10.88,89.32,49.45,138.37,179.35,140.93,26.46,125.67,54.88,34.74,24.5,18.46,0,0,0,0,0,0
4.29,21.2,74.91,36.39,9.03,68.4,41.81,105.89,136.39,109.63,22.2,104.89,46.83,26.5,19.09,15.3,0,0,0,0,0,0
4.62,21.68,79.02,35.25,9.41,61.23,40.77,94.94,123.2,94.34,21.74,99.33,45.29,22.76,16.28,14.38,0,0,0,0,0,0
9.06,41.25,173.69,64.02,20.18,101.67,74.09,160.67,211.71,140.29,40.03,166.89,77.19,34.51,22.48,22.64,0,0,0,0,0,0
12.46,57.08,250.73,88.59,28.83,137.99,102.5,219.76,290.39,184.62,55.62,225.24,104.84,45.67,28.42,29.76,0,0,0,0,0,0
13.54,61.12,266.2,94.86,30.76,146.23,109.29,232.46,307.33,195.84,59.94,241.55,113.36,48.45,30.31,32.44,0,0,0,0,0,0
13.97,61.41,256.78,95.17,30.23,145.96,108.48,229.89,304.4,199.87,60.65,247.04,116.61,49.42,32.08,34.64,0,0,0,0,0,0
15.46,66.13,265.68,101.88,31.86,154.85,115.03,241.57,320.98,215.77,65.98,269.3,128.11,53.37,35.71,39.41,0,0,0,0,0,0
16.54,71.66,287.2,111.89,34.09,170.77,125.41,266.76,354.35,239.64,72.95,296.69,141.65,59.53,39.58,44.1,0,0,0,0,0,0
17.93,80.95,333.36,129.05,38.42,202.46,143.96,319.12,421.96,284.25,84.04,339.8,161.67,71.56,46.16,50.33,0,0,0,0,0,0
19.48,90.02,362.07,143.27,41.39,236.59,158.19,372.13,490.01,340.57,94.45,386.85,181.98,87.97,57.13,59.19,0,0,0,0,0,0
20.17,95.83,383.46,152.27,43.47,264.37,167.49,415.3,546.45,385.49,101.08,417.4,193.69,101.32,65.7,64.76,0,0,0,0,0,0
19.18,93.63,380.47,149.46,42.76,268.74,165.01,422.25,556.25,391.23,98.46,410.21,187.7,103.25,66.54,62.78,0,0,0,0,0,0
17.99,89.55,368.55,142.79,41.46,259.16,159.55,408.44,538.11,378.35,93.87,392.88,178.4,99.79,63.65,58.66,0,0,0,0,0,0
17.77,88.92,371.32,140.88,41.63,257.29,157.43,405.62,535.2,371.3,92.2,385.14,173.25,98.25,62.41,57.04,0,0,0,0,0,0
15.33,76.25,322.02,121.42,36.32,221.99,135.79,350.18,460.96,320.17,78.99,328.67,147.74,84.27,53.52,48.13,0,0,0,0,0,0
12.85,63.77,263.76,102.23,29.87,190.58,113.35,299.86,393.84,279.09,66.2,280.25,124.69,73.45,47.61,41.74,0,0,0,0,0,0
13.55,64.62,261.27,102.89,30.2,193.38,112.69,301.27,399.34,284.25,66,283.65,125.13,74.27,49.42,42.94,0,0,0,0,0,0
15.09,67.07,258.2,105.27,31.19,195.05,113.23,298.05,401.06,285.78,66.38,293.46,127.1,73.11,51.74,45.47,0,0,0,0,0,0
13.31,58.51,222.12,92.11,27.23,166.84,97.33,253.73,341.99,245.99,57.84,257.17,109.94,62.29,45.17,40.21,0,0,0,0,0,0
7.03,32.43,119.1,53.66,14.39,105.9,54.7,160.5,215.35,162.21,33.08,152.87,63.19,41.09,30.17,24.73,0,0,0,0,0,0
6.02,28.17,102.28,46.73,12.37,93.97,47.62,142,190.07,144.76,28.61,133.97,55.23,36.59,26.83,21.58,0,0,0,0,0,0
5.72,27.55,101.8,46.57,12.13,96.32,47.87,146.42,195.16,149.73,28.1,132.51,54.89,37.83,27.23,21,0,0,0,0,0,0
5.74,28.16,101.97,48,12.26,98.14,51.91,150.75,197.92,156.05,29.11,138.18,58.68,39,27.9,21.12,0,0,0,0,0,0
4.68,23.76,86.65,41.37,10.26,83.28,46.58,129.33,167.23,133.43,25.21,118.73,51.56,32.89,23.36,17.55,0,0,0,0,0,0
4.16,20.39,71.44,34.69,8.63,67.03,40.27,103.68,134.48,107.91,21.54,100.98,44.68,26.09,18.87,14.85,0,0,0,0,0,0
4.33,20.15,72.81,32.26,8.66,57.39,38.09,88.92,116.33,88.17,20.29,91.98,41.38,21.14,15.33,13.33,0,0,0,0,0,0
8.65,39.34,166.17,60.08,19.28,97,70.37,153.32,202.66,133.17,38.1,157.26,72.01,32.8,21.42,21.18,0,0,0,0,0,0
11.76,53.93,238.93,82.34,27.43,130.11,96.53,207.28,274.48,172.13,52.19,209.38,96.38,42.63,26.51,27.21,0,0,0,0,0,0
12.35,56.2,248.62,85.45,28.61,134.48,100.23,213.84,283.64,176.67,54.25,217.28,100.16,43.75,27.26,28.27,0,0,0,0,0,0
12.15,54.13,231.27,81.47,27.08,128.78,95.3,202.58,269.97,171.26,52.08,211.45,97.2,42.32,27.45,28.4,0,0,0,0,0,0
12.9,56.34,232.13,83.74,27.69,132.86,97.43,206.84,276.88,179.52,54.09,222.13,101.83,44.5,29.83,30.86,0,0,0,0,0,0
13.19,59.05,244.29,88.62,28.75,142.54,102.71,222.31,297.52,193.5,57.45,236.19,107.75,48.32,32.07,32.99,0,0,0,0,0,0
14.02,66.37,283.19,102.02,32.31,168.99,117.42,266.97,353.91,231.41,65.97,269.87,122.28,58.9,37.66,37.44,0,0,0,0,0,0
15.41,74.6,308.67,114.87,34.97,200.35,130.31,315.39,416.77,283.34,75.38,312.93,140.76,74.02,47.81,45.63,0,0,0,0,0,0
16.73,82.93,340.2,128.92,37.96,235.07,144.89,369.18,487.44,335.74,85.04,355.9,159.27,88.98,57.52,53.28,0,0,0,0,0,0
17.08,85.61,353.53,134.66,39.33,250.2,150.71,393.1,517.5,359.23,88.61,371.11,165.95,95.42,61.47,55.59,0,0,0,0,0,0
17,85.26,354.12,135.14,39.62,250.4,152.41,394.07,520.18,361.39,88.93,371.79,166.96,95.36,61.03,55.07,0,0,0,0,0,0
17.34,86.58,362.5,135.97,40.54,248.94,152.77,391.92,517.2,356.27,89.79,372.05,167.24,94.4,59.95,54.99,0,0,0,0,0,0
15.15,75.49,320.02,119.92,35.84,221.31,134.57,348.48,460.92,316.92,78.29,324.95,145.84,83.35,52.83,47.52,0,0,0,0,0,0
12.59,62.35,258.3,99.7,29.16,186.53,111.16,292.89,387.5,271.35,64.83,273.5,121.6,71.14,46.12,40.75,0,0,0,0,0,0
13.37,63.9,260.01,101.68,29.73,192.73,111.85,299.37,399.06,279.34,65.25,279.99,123.42,72.78,48.39,42.24,0,0,0,0,0,0
14.97,66.2,253.25,102.98,30.82,189.66,110.84,289.76,389.85,279.65,65.61,288.33,125.03,71.68,50.74,44.82,0,0,0,0,0,0
13.19,57.68,218.7,90.26,26.83,163.94,95.54,248.65,336.62,241.23,57.13,252.51,108,61.02,44.29,39.59,0,0,0,0,0,0
7.13,32.05,116.44,52.36,14.12,100.47,53.63,151.7,202.73,152.26,33.08,149.15,62.59,38.41,28.57,24.4,0,0,0,0,0,0
6.45,29.67,107.35,49.04,12.99,98.1,49.85,148.44,197.41,151.61,30.68,140.34,58.76,38.51,28.16,22.92,0,0,0,0,0,0
6.09,28.74,106.17,48.56,12.56,99.8,50.01,151.82,201.32,153.67,29.78,137.54,57.68,38.85,28.06,22.05,0,0,0,0,0,0
6.2,30.18,109.71,51.52,12.99,105.88,55.48,162.91,214.52,167.87,31.73,148.29,63.57,42.16,29.9,22.97,0,0,0,0,0,0
5.21,26.02,94.9,45.4,11.13,92.18,50.63,143.44,186.57,148.07,28.15,130.34,57.05,36.77,25.87,19.72,0,0,0,0,0,0
4.63,22.03,76.42,37.27,9.26,70.26,42.83,108.83,140.98,113.73,23.8,108.4,48.95,27.63,19.88,16.37,0,0,0,0,0,0
5.07,23.03,82.51,37.53,9.91,62.92,43.15,97.71,127.08,97.62,23.69,105.68,49.17,23.44,16.83,15.76,0,0,0,0,0,0
10.18,46.19,191.99,73.79,22.39,113.4,83.37,179.26,235.25,159.25,45.39,191.65,90.54,39.11,25.35,26.63,0,0,0,0,0,0
15.02,68.41,292.83,111.03,33.92,165.02,123.83,262.69,344.04,228.04,67.85,281.83,135.3,56.23,35.1,38.87,0,0,0,0,0,0
18.12,80.23,335.18,131.81,39.2,191.57,144.7,304.2,397.8,269.34,81.62,335.77,164.66,66.38,41.88,48.36,0,0,0,0,0,0
19.35,83.67,336.96,138.02,40,199.19,149.65,313.88,411.04,285.72,86.13,356.5,176.33,70.34,45.62,53.3,0,0,0,0,0,0
19.59,85.07,337.92,139.82,40.42,205.12,151.11,321.16,421.59,295.54,86.23,364.93,178.41,72.99,48.15,54.62,0,0,0,0,0,0
18.55,83.67,337.89,137.32,39.88,209.62,148.82,328.73,431.73,302,83.95,360.16,172.43,75.47,49.25,52.85,0,0,0,0,0,0
17.86,84.74,355.23,138.68,40.59,224.87,152.2,355.27,467.04,320.26,85.58,363.5,169.83,81.36,51.81,52.23,0,0,0,0,0,0
17.67,85.07,348.78,135.57,39.6,229.4,150.05,361.24,476.19,329.55,86.72,366.03,168.45,85.52,54.96,54.11,0,0,0,0,0,0
17.81,87.44,355.54,137.42,39.98,242.57,152.86,381.35,501.83,349.39,90.01,377.76,171.69,92.27,59.52,56.9,0,0,0,0,0,0
17.22,85.41,348.97,133.49,39.16,238.59,149.44,375.08,494.26,343.76,88.57,368.88,167.18,91.13,58.38,55.39,0,0,0,0,0,0
16.82,83.32,343.34,130.83,38.74,234.06,148.2,368.34,486.01,336.86,86.98,360.22,163.55,88.67,56.65,53.4,0,0,0,0,0,0
17.03,83.75,348.05,130.1,39.27,231.13,147.17,363.44,481.66,329.51,87.08,356.44,161.85,86.94,55.14,52.86,0,0,0,0,0,0
14.83,72.75,305.65,113.97,34.56,203.19,128.92,320.11,423.91,290.08,75.66,309.67,140.34,76.07,48.15,45.41,0,0,0,0,0,0
12.46,60.78,249.65,95.85,28.36,174.26,107.49,273.52,361.89,252.73,63.45,263.86,118.53,66.21,42.86,39.47,0,0,0,0,0,0
12.94,60.22,241.29,93.8,28.03,169.39,104.41,262.73,350.8,243.95,61.72,259.33,115.84,63.2,42.32,39.37,0,0,0,0,0,0
14.72,63.51,240.88,97.49,29.51,174.64,105.87,264.87,359.91,253.78,63.22,273.05,119.81,64.34,46.08,42.77,0,0,0,0,0,0
13.07,55.61,208.38,85.93,25.87,151.03,91.6,227.7,309.51,219.64,55.39,240.12,103.86,54.97,40.62,38.04,0,0,0,0,0,0
7,30.95,110.92,50.34,13.69,95.6,51.66,143.77,194.18,146,32.05,143.83,60.48,36.54,27.39,23.76,0,0,0,0,0,0
6.3,28.81,103.66,47.83,12.59,95.61,48.89,144.43,194.09,147.48,29.79,136.95,57.1,37.13,27.35,22.44,0,0,0,0,0,0
5.97,28.33,103.58,47.67,12.32,97.21,49.19,148.2,197.54,151.3,29.33,136.22,56.98,38.22,27.52,21.83,0,0,0,0,0,0
6.13,29.44,106.68,50.3,12.72,102.97,54.36,158.01,208.18,162.5,31,144.19,61.93,40.57,29.05,22.42,0,0,0,0,0,0
5.13,25.39,93.1,44.35,10.85,90.17,49.71,139.5,182.36,142.68,27.51,126.62,55.71,35.15,24.88,19.15,0,0,0,0,0,0
4.55,21.26,72.93,35.75,8.95,66.62,41.31,102.6,133.8,108.05,23.08,104.04,47.41,26,18.83,15.81,0,0,0,0,0,0
5.1,22.94,82.36,37.32,9.92,62.34,42.89,96.53,124.87,96.08,23.63,104.53,48.88,23.04,16.64,15.63,0,0,0,0,0,0
10.23,46.52,193.66,74.38,22.53,114.96,83.92,181.65,238.14,161.32,45.73,193.17,91.21,39.7,25.71,26.83,0,0,0,0,0,0
15.06,68.65,294,111.48,34.02,166.2,124.26,264.55,346.23,229.68,68.09,283,135.78,56.69,35.4,39.03,0,0,0,0,0,0
18.12,80.27,335.34,131.84,39.21,191.59,144.73,304.26,397.74,269.32,81.64,335.9,164.71,66.39,41.88,48.36,0,0,0,0,0,0
19.35,83.7,336.83,137.97,40.01,198.77,149.56,313.42,410.13,285.65,86.16,356.67,176.39,70.39,45.61,53.31,0,0,0,0,0,0
19.6,85.21,338.42,139.97,40.47,205.31,151.22,321.58,421.98,296.19,86.37,365.64,178.74,73.24,48.24,54.7,0,0,0,0,0,0
18.46,83.2,335.94,136.58,39.64,207.91,148.22,326.04,429.11,299.12,83.45,358.27,171.53,74.6,48.68,52.54,0,0,0,0,0,0
17.93,84.86,354.96,138.89,40.75,225.08,152.27,355.86,467.01,322.34,85.77,364.06,170.06,81.96,52.3,52.46,0,0,0,0,0,0
17.82,85.74,350.67,136.73,40.01,231.76,150.97,365.47,480.06,335.55,87.46,369.31,169.77,87.27,56.19,54.75,0,0,0,0,0,0
17.87,87.45,354.28,137.25,40.1,241.82,152.46,380.33,500.59,351.18,90.16,377.8,171.86,92.8,59.86,57.11,0,0,0,0,0,0
17.14,84.91,346.67,132.87,38.95,237.03,148.98,372.88,491.57,341.4,88.03,366.99,166.12,90.37,58.03,55.13,0,0,0,0,0,0
16.75,83.13,341.43,130.16,38.62,231.51,147.49,365,481.42,335.13,86.75,359.66,163.24,88.36,56.3,53.3,0,0,0,0,0,0
16.98,83.49,346.63,129.61,39.16,229.32,146.74,361.01,477.36,326.96,86.75,355.14,161.16,86.31,54.82,52.64,0,0,0,0,0,0
14.78,72.75,306.72,114.15,34.47,203.98,129.29,321.19,425.53,288.99,75.56,309.8,140.26,75.73,47.92,45.26,0,0,0,0,0,0
12.34,60.2,247.45,94.78,28.04,171.48,106.58,269.1,356.4,247.36,62.79,260.91,117.27,64.72,41.89,38.93,0,0,0,0,0,0
13.13,61.35,246.31,96.04,28.57,175.27,106.49,272.12,362.36,253.5,62.92,265.26,118.2,65.83,44.06,40.3,0,0,0,0,0,0
14.95,64.86,246.68,100.03,30.19,180.14,108.21,274.31,368.14,262.49,64.54,279.33,122.21,66.96,47.99,43.7,0,0,0,0,0,0
13.24,56.76,213.91,88.22,26.38,156.6,93.82,236.88,319.42,227.56,56.51,245.96,106.06,57.25,42.18,38.84,0,0,0,0,0,0
7.01,31.14,111.38,50.41,13.74,95.08,51.67,143.36,192.5,145.82,32.19,144.57,60.79,36.68,27.4,23.8,0,0,0,0,0,0
6.27,28.61,102.96,47.34,12.49,94.19,48.41,142.09,190.64,144.63,29.56,135.48,56.6,36.4,26.87,22.18,0,0,0,0,0,0
5.99,28.11,102.53,47,12.27,95.41,48.38,144.96,193.17,148.59,29.18,134.23,56.52,37.54,27.05,21.6,0,0,0,0,0,0
6.09,29.1,105.26,49.42,12.56,100.66,53.46,154.05,203.07,158.51,30.66,141.77,61.2,39.53,28.32,22.05,0,0,0,0,0,0
5.22,25.85,94.83,45.14,11.09,91.91,50.38,142.44,185.27,146.05,28,128.77,56.61,36.15,25.55,19.51,0,0,0,0,0,0
4.5,21.25,73.31,35.84,8.88,66.59,41.56,102.89,133.37,106.91,22.95,104.25,47.24,25.72,18.69,15.7,0,0,0,0,0,0
5.03,22.74,81.26,36.98,9.79,61.53,42.62,95.41,124.35,95.38,23.41,104.14,48.59,22.81,16.42,15.54,0,0,0,0,0,0
10.22,46.37,193.25,74.3,22.48,115.05,83.91,181.65,238.4,160.9,45.58,192.54,90.89,39.49,25.67,26.76,0,0,0,0,0,0
15.08,68.75,294.43,111.73,34.08,166.96,124.5,265.72,347.94,231,68.21,283.63,136.02,57.03,35.62,39.15,0,0,0,0,0,0
18.11,80.26,335.48,131.89,39.19,191.85,144.81,304.61,398.46,269.4,81.63,335.96,164.71,66.39,41.87,48.36,0,0,0,0,0,0
19.31,83.5,336.23,137.66,39.91,198.2,149.31,312.33,409.11,284.13,85.95,355.65,175.99,69.92,45.32,53.15,0,0,0,0,0,0
19.61,85.09,337.47,139.55,40.45,203.95,150.71,319.44,418.85,294.87,86.28,364.67,178.48,72.94,48.03,54.6,0,0,0,0,0,0
18.5,83.38,336.22,136.75,39.75,207.68,148.3,326.07,427.58,299.62,83.61,358.85,171.76,74.87,48.9,52.64,0,0,0,0,0,0
17.81,84.35,352.6,137.8,40.46,222.07,151.27,351.23,461.47,317.72,85.2,361.61,169.04,80.73,51.4,52.02,0,0,0,0,0,0
17.81,85.85,352.11,137.25,40.01,233.72,151.64,368.3,484.45,336.74,87.54,370.23,170.01,87.47,56.35,54.81,0,0,0,0,0,0
17.7,86.89,352.22,136.31,39.72,239.82,151.77,377.16,498.38,347.28,89.51,375.84,170.86,91.64,58.95,56.68,0,0,0,0,0,0
17.2,84.97,346.46,132.78,39.04,236.91,148.72,372.4,491.35,342.35,88.2,366.87,166.35,90.64,58.16,55.24,0,0,0,0,0,0
16.88,83.55,343.4,131.02,38.91,234.06,148.19,368.62,485.89,339.08,87.29,361.3,164.11,89.38,57.07,53.67,0,0,0,0,0,0
16.95,83.48,346.31,129.49,39.12,228.51,146.63,360.12,475.55,326.1,86.68,355.18,161.07,86.17,54.69,52.58,0,0,0,0,0,0
14.84,72.92,307,114.53,34.62,204.85,129.57,322.71,427.15,291.4,75.79,310.73,140.61,76.37,48.42,45.5,0,0,0,0,0,0
12.46,60.68,248.64,95.51,28.35,172.89,107.08,271.62,358.62,251.66,63.36,263.14,118.27,66,42.75,39.4,0,0,0,0,0,0
13.08,61.26,245.08,95.62,28.5,173.84,106.02,270.23,360.5,253.19,62.84,265.25,118.18,65.83,43.88,40.3,0,0,0,0,0,0
14.82,64.29,243.99,98.78,29.85,177.2,107.03,269.48,364.05,258.47,63.97,276.88,121.3,65.83,47.01,43.29,0,0,0,0,0,0
13.14,56.21,211.26,87.34,26.11,155.45,93.02,234.56,320.2,226.76,56.05,244.2,105.37,56.78,41.71,38.68,0,0,0,0,0,0
7.03,31.3,113.13,51.2,13.81,97.78,52.62,147.37,197.94,147.88,32.31,145.7,61.04,37.06,27.81,23.93,0,0,0,0,0,0
6.32,28.94,103.81,47.82,12.64,95.19,48.77,143.94,193.05,147.74,29.93,137.4,57.39,37.32,27.38,22.51,0,0,0,0,0,0
6.06,28.61,104.27,47.91,12.5,97.93,49.18,149.01,199.14,153.85,29.74,137.18,57.72,38.96,27.89,22.1,0,0,0,0,0,0
6.12,29.19,106.15,50.07,12.65,103.01,54.19,157.54,208.15,161.3,30.78,142.69,61.39,40.08,28.86,22.25,0,0,0,0,0,0
5.15,25.37,91.58,43.85,10.88,88.11,48.98,136.65,178.32,142.52,27.56,126.33,55.77,35.29,24.83,19.21,0,0,0,0,0,0
4.62,21.77,75.19,36.77,9.19,68.96,42.31,106.64,137.95,111.78,23.57,106.8,48.39,27.08,19.58,16.19,0,0,0,0,0,0
5.12,23.22,83.07,37.81,10.03,63.56,43.33,98.74,128.28,99.33,23.93,106.53,49.59,23.94,17.14,15.94,0,0,0,0,0,0
10.27,46.61,194.01,74.74,22.62,116,84.27,183.3,240.03,163.02,45.84,193.71,91.35,40.1,26.1,26.98,0,0,0,0,0,0
15.08,68.74,294.65,111.75,34.07,167.08,124.54,265.81,347.95,230.58,68.19,283.46,135.96,56.9,35.56,39.1,0,0,0,0,0,0
18.11,80.26,335.52,131.92,39.19,191.99,144.85,304.83,398.91,269.6,81.63,336.07,164.74,66.43,41.89,48.37,0,0,0,0,0,0
19.33,83.61,336.42,137.81,39.97,198.36,149.44,312.79,409.28,284.91,86.05,356.22,176.17,70.18,45.49,53.24,0,0,0,0,0,0
19.58,85.13,338.12,139.8,40.41,204.7,151.09,320.75,420.51,295.03,86.26,365.23,178.52,72.95,48.06,54.6,0,0,0,0,0,0
18.47,83.28,336.34,136.74,39.68,207.87,148.41,326.27,427.83,298.64,83.47,358.4,171.48,74.55,48.76,52.52,0,0,0,0,0,0
17.78,84.2,352.33,137.75,40.39,221.81,151.36,351.01,460.15,316.19,84.98,360.89,168.53,80.29,51.29,51.86,0,0,0,0,0,0
17.88,86.11,352.43,137.48,40.17,234.13,151.68,369.03,485.59,339.31,87.88,371.47,170.67,88.25,56.76,55.09,0,0,0,0,0,0
17.82,87.74,356.51,137.72,40.07,243.15,153.06,382.38,503.6,351.26,90.32,379.4,172.45,92.89,59.72,57.11,0,0,0,0,0,0
17.26,85.48,349.63,133.84,39.23,239.45,149.84,376.49,494.92,344.11,88.61,369.04,167.13,91.2,58.61,55.42,0,0,0,0,0,0
16.89,83.89,345.55,131.79,38.99,235.95,149.07,371.8,489.14,340.5,87.53,363.14,164.66,89.81,57.38,53.81,0,0,0,0,0,0
16.88,83.12,345.44,128.95,38.92,227.47,146.25,358.21,473.51,322.87,86.28,353.34,160.3,85.21,54.1,52.24,0,0,0,0,0,0
14.82,73,306.82,114.35,34.6,203.56,129.35,321.2,424.14,290.37,75.81,311.06,140.73,76.3,48.25,45.47,0,0,0,0,0,0
12.47,61.07,252.05,96.59,28.42,176.57,108.34,276.91,366.3,254,63.68,265.3,119.06,66.51,43.07,39.56,0,0,0,0,0,0
13.07,61.28,246.28,95.77,28.46,174.46,106.28,270.87,360.87,251.57,62.79,264.88,118.06,65.37,43.63,40.12,0,0,0,0,0,0
14.71,63.46,240.39,97.15,29.51,172.51,105.5,262.12,353.09,250.29,63.06,271.89,119.3,63.63,45.76,42.52,0,0,0,0,0,0
13.07,55.83,209.4,86.25,25.92,151.37,91.93,228.58,309.61,219.97,55.54,241.21,104.21,55.19,40.73,38.11,0,0,0,0,0,0
7.03,31.5,112.96,51.41,13.88,98.14,52.73,148.34,200.21,151.03,32.56,147.48,61.7,37.96,28.22,24.25,0,0,0,0,0,0
6.43,29.63,106.48,49.13,12.99,98.09,49.97,148.97,198.15,153.14,30.63,140.98,58.73,38.89,28.46,23.07,0,0,0,0,0,0
6.02,28.42,104.28,47.95,12.4,98.05,49.44,149.33,198.51,151.96,29.45,136.38,57.09,38.37,27.72,21.89,0,0,0,0,0,0
6.09,29.43,106.48,50.25,12.67,102.74,54.35,157.85,208.34,162.54,30.96,144.52,61.97,40.6,28.99,22.42,0,0,0,0,0,0
4.99,24.78,89.55,42.93,10.52,85.89,48.34,133.26,174.68,137.7,26.85,123.96,54.55,33.89,23.9,18.7,0,0,0,0,0,0
4.55,21.63,74.91,36.6,9.05,68.54,42.26,106.1,137.55,110.38,23.36,106.47,48.09,26.69,19.29,16.04,0,0,0,0,0,0
5.08,23.02,82.32,37.46,9.93,62.55,43.04,97.17,125.94,97.31,23.7,105.42,49.11,23.39,16.82,15.75,0,0,0,0,0,0
10.23,46.37,192.66,74.11,22.51,114.17,83.62,180.46,236.5,160.78,45.61,192.41,90.91,39.54,25.66,26.78,0,0,0,0,0,0
15.09,68.74,294.24,111.66,34.1,166.71,124.37,265.29,347.25,230.92,68.23,283.41,136,57.02,35.63,39.15,0,0,0,0,0,0
18.14,80.43,336.17,132.24,39.27,192.85,145.14,306.18,400.65,271.17,81.81,336.93,165.09,66.85,42.18,48.52,0,0,0,0,0,0
19.33,83.63,336.79,137.96,39.98,198.98,149.61,313.63,410.67,285.37,86.08,356.39,176.23,70.25,45.56,53.26,0,0,0,0,0,0
19.56,84.97,337.16,139.49,40.35,204.05,150.77,319.65,419.76,294.61,86.12,364.56,178.27,72.79,47.94,54.54,0,0,0,0,0,0
18.48,83.6,337.23,137.24,39.78,208.98,148.85,328.36,431.06,301.73,83.79,360.61,172.29,75.45,49.19,52.83,0,0,0,0,0,0
17.85,84.62,353.36,138.2,40.59,222.6,151.61,352.47,462.03,319.37,85.45,362.96,169.52,81.29,51.78,52.22,0,0,0,0,0,0
17.77,85.67,351.3,136.69,39.89,232.22,151.07,365.83,481.68,334.43,87.35,369.14,169.7,86.9,55.85,54.6,0,0,0,0,0,0
17.77,87.2,353.93,136.72,39.87,240.68,152.09,378.33,498.7,347.68,89.81,376.53,171.34,91.85,59.11,56.76,0,0,0,0,0,0
17.1,84.59,344.98,132.02,38.81,234.74,148.09,369.12,486.91,338.26,87.72,364.96,165.48,89.56,57.43,54.85,0,0,0,0,0,0
16.77,83.11,342.21,130.31,38.62,232.27,147.71,365.81,482.23,334.37,86.72,359.17,163.08,88.07,56.23,53.19,0,0,0,0,0,0
16.94,83.42,346.67,129.5,39.07,228.99,146.72,360.52,476.6,325.54,86.62,354.8,160.95,85.94,54.56,52.5,0,0,0,0,0,0
14.85,72.93,306.97,114.3,34.63,203.56,129.28,320.85,422.94,289.21,75.76,310.01,140.43,75.94,48.17,45.35,0,0,0,0,0,0
12.32,60.21,247.12,94.51,28.02,170.28,106.23,267.41,353.71,246.23,62.79,260.73,117.29,64.55,41.67,38.87,0,0,0,0,0,0
13.01,60.79,243.23,94.65,28.28,170.89,105.13,265.63,353.28,247.55,62.28,262.23,116.97,64.36,43.01,39.78,0,0,0,0,0,0
14.73,63.72,241.57,97.61,29.59,173.66,105.95,264.05,355.75,252.2,63.31,273.47,119.9,64.19,46.04,42.71,0,0,0,0,0,0
13.04,55.88,209.63,86.43,25.89,152.08,92.18,229.79,312.2,221.27,55.58,242.12,104.45,55.49,40.84,38.21,0,0,0,0,0,0
6.83,31.3,114.33,51.67,13.84,98.84,52.94,149.29,200.93,149.73,31.73,147.02,61.08,37.57,27.88,23.68,0,0,0,0,0,0
6.22,29.16,106.01,48.77,12.91,97.14,49.42,147.18,196,150.89,29.58,139.08,57.69,38.21,27.89,22.39,0,0,0,0,0,0
5.78,28.1,103.66,47.73,12.37,96.68,48.94,147.51,195.88,150.99,28.48,135.71,56.41,38.16,27.37,21.34,0,0,0,0,0,0
5.86,29.08,107.15,50.15,12.64,101.92,54.05,156.35,205.15,159.32,29.86,142.88,61,39.74,28.33,21.62,0,0,0,0,0,0
4.81,24.57,90.58,43.36,10.64,86.27,48.52,133.95,173.23,136.96,25.87,123.16,53.7,33.67,23.87,18.09,0,0,0,0,0,0
4.27,20.96,74.39,36.24,8.95,68.57,41.77,105.84,136.93,108.79,21.97,103.83,46.34,26.12,18.95,15.17,0,0,0,0,0,0
4.57,21.63,78.47,35.23,9.45,60.42,40.87,93.73,122.1,94.19,21.88,99.67,45.39,22.58,16.12,14.4,0,0,0,0,0,0
9.01,41.24,173.97,64.16,20.22,101.86,74.25,161.05,212.07,140.88,40.17,167.18,77.3,34.63,22.5,22.64,0,0,0,0,0,0
12.4,56.99,250.99,88.61,28.8,138,102.61,219.76,290.17,183.96,55.62,224.97,104.7,45.45,28.25,29.64,0,0,0,0,0,0
13.47,60.97,266.04,94.78,30.71,146.03,109.26,232.24,306.84,195.36,59.9,241.05,113.13,48.3,30.17,32.33,0,0,0,0,0,0
13.81,61.08,256.35,94.83,30.06,145.4,108.23,229.13,303.51,198.45,60.48,245.87,116.11,49.03,31.68,34.39,0,0,0,0,0,0
15.27,65.89,265.84,101.74,31.69,154.82,114.99,241.86,321.32,215.35,65.97,268.93,127.92,53.33,35.44,39.25,0,0,0,0,0,0
16.52,72.21,289.48,112.91,34.26,172.74,126.53,270.35,358.4,243.34,73.77,300.12,143.03,60.67,40.18,44.64,0,0,0,0,0,0
18.26,83.17,341.47,132.73,39.25,210.34,147.86,331.6,437.62,296.62,86.55,351.15,166.38,75.04,48.47,52.23,0,0,0,0,0,0
20,93.11,371.85,147.79,42.43,245.88,163.09,386.27,509.26,355.51,98.02,402.01,188.66,92.23,59.95,61.99,0,0,0,0,0,0
20.94,100.45,396.75,158.58,44.96,276.27,174.25,434.1,571.32,406.99,106.25,440.14,203.61,107.71,69.83,68.94,0,0,0,0,0,0
19.91,97.78,391.9,154.84,44.01,278.34,171.03,436.93,576.3,407.54,103.15,430.12,196.57,108.13,69.78,66.56,0,0,0,0,0,0
18.75,93.74,382.21,148.87,42.8,271.17,166.42,426.47,560.65,394.13,98.49,412.24,186.9,104.38,67.06,62.24,0,0,0,0,0,0
18.37,92.32,380.16,144.84,42.56,263.22,162.04,414.33,546.98,380.69,96.05,400.63,180.43,101.27,64.43,60.04,0,0,0,0,0,0
15.8,79.31,331.48,125.66,37.18,229.7,140.69,362.21,476.73,331.26,82.31,343.7,154.13,87.58,55.74,50.74,0,0,0,0,0,0
13.35,67.23,276.14,107.47,30.99,201.83,118.95,317.3,417.19,296.07,70.02,297.55,132.14,78.36,50.64,44.62,0,0,0,0,0,0
13.94,67.81,273.13,107.86,31.32,204.11,117.7,318.68,421.13,302.58,69.64,300.01,132.13,79.72,52.61,45.58,0,0,0,0,0,0
15.09,68.6,264.9,107.89,31.8,200.49,115.58,307.93,411.54,297.58,68.52,302.19,130.89,76.85,53.58,46.76,0,0,0,0,0,0
13.05,58.5,224.44,92.61,27.16,168.62,97.97,256.58,346.65,247.87,58.35,258.45,110.57,62.79,44.98,40.19,0,0,0,0,0,0
6.82,32.27,119.64,53.75,14.25,105.61,55.19,160.04,215.78,160.53,33.2,153.29,63.2,40.44,29.54,24.55,0,0,0,0,0,0
6.16,29.77,109.78,50.21,13.18,102.3,51.1,155.29,207.72,159.04,30.67,143.57,59.01,40.29,29.06,22.95,0,0,0,0,0,0
5.76,28.68,108.84,49.3,12.66,102.67,50.92,156.2,207.2,156.59,29.47,138.92,57.29,39.45,28.27,21.62,0,0,0,0,0,0
5.93,30.42,114.81,53.09,13.22,111.82,57.34,171.32,226.84,173.01,31.67,151.09,63.76,43.15,30.42,22.68,0,0,0,0,0,0
4.92,25.63,96.85,45.62,11.14,94.58,51.12,146.05,190.49,147.45,27.37,128.97,55.63,36.21,25.59,18.91,0,0,0,0,0,0
4.28,21.4,76.27,36.7,9.15,71.47,42.4,110.23,143.38,114.3,22.81,106.34,46.94,27.62,19.82,15.55,0,0,0,0,0,0
4.43,20.88,76.16,33.65,9.07,60.31,39.46,93.33,121.61,92.93,21.25,95.6,42.99,22.37,16.1,13.85,0,0,0,0,0,0
8.61,39.29,166.75,60.29,19.31,97.56,70.66,154.12,203.39,133.32,38.19,157.2,71.97,32.76,21.41,21.13,0,0,0,0,0,0
11.7,53.75,238.68,82.18,27.39,129.63,96.43,206.46,273.17,170.92,52.13,208.53,96.06,42.25,26.26,27.04,0,0,0,0,0,0
12.28,56.13,248.67,85.48,28.6,134.53,100.28,214.08,283.89,177.03,54.3,217.32,100.15,43.84,27.25,28.24,0,0,0,0,0,0
12.04,54,231.23,81.39,27.02,128.61,95.21,202.65,269.91,171.64,52.14,211.39,97.18,42.49,27.38,28.35,0,0,0,0,0,0
12.74,56.2,232.79,83.82,27.58,133.28,97.57,207.88,277.71,179.7,54.18,222.18,101.8,44.65,29.72,30.77,0,0,0,0,0,0
13.15,59.44,245.9,89.29,28.85,143.6,103.49,224.38,299.58,195.65,58.11,238.64,108.78,49.04,32.39,33.38,0,0,0,0,0,0
14.27,68.18,288.95,104.69,32.91,174.38,120.29,275.44,366.12,241.21,68.09,279.44,126.39,61.68,39.29,39.08,0,0,0,0,0,0
15.96,78.12,320.63,120.21,36.14,211.79,136.06,333.04,440.65,301.17,79.33,330.55,148.35,79.1,51.08,48.72,0,0,0,0,0,0
17.5,87.07,350.55,134.13,39.36,244.4,150.38,383.46,507.63,355.04,89.88,375.75,168.37,94.7,61.18,57.25,0,0,0,0,0,0
17.93,90.78,368.1,141.77,41.02,264.09,158.23,415.16,548.25,385.87,94.41,397.37,177.3,103.22,66.33,60.4,0,0,0,0,0,0
17.72,89.56,366.14,140.47,40.94,258.73,158.25,407.37,535.61,375.93,93.65,391.67,175.84,100.05,64.11,58.69,0,0,0,0,0,0
18.11,90.95,375,141.77,41.95,259.57,159.05,408.38,538.82,374.76,94.69,392.94,176.53,99.94,63.59,58.89,0,0,0,0,0,0
15.77,79.22,330.23,125.1,37.14,230.39,140.02,363.56,479.41,335.21,82.44,343.68,153.76,88.82,56.43,50.93,0,0,0,0,0,0
13.3,66.55,272.88,106.27,30.77,200.74,117.79,315.32,415.64,295.39,69.53,294.24,130.54,78.07,50.62,44.37,0,0,0,0,0,0
13.71,66.32,266.89,105.43,30.66,199.79,115.64,311.66,413.72,295.14,68.18,293.14,128.83,77.44,51.35,44.64,0,0,0,0,0,0
14.93,67.46,260.59,105.76,31.28,197.16,113.64,301.91,405.46,290.98,67.47,296.07,128.31,74.92,52.39,45.93,0,0,0,0,0,0
13.18,59.25,228.8,94.02,27.48,174,99.34,264.85,356.27,254.6,59.21,261.74,111.68,64.74,46.35,40.7,0,0,0,0,0,0
7.25,33.73,124.29,55.93,14.9,109.36,57.2,165.94,222.3,167.58,35.23,159.45,66.66,42.45,30.91,25.88,0,0,0,0,0,0
6.39,30.14,109.76,50.33,13.25,100.77,51.33,152.77,204.42,156.89,31.54,144.33,60.22,39.69,28.72,23.4,0,0,0,0,0,0
6.04,29.1,107.62,49.36,12.82,100.52,50.92,153.09,203.35,156.45,30.5,140.27,58.77,39.44,28.27,22.34,0,0,0,0,0,0
6.27,30.99,113.67,53.15,13.47,108.74,57.23,167.12,219.61,172.26,32.89,152.56,65.42,43.16,30.49,23.46,0,0,0,0,0,0
5.33,27.17,99.91,47.39,11.68,95.81,52.71,148.94,193.68,153.87,29.55,136.27,59.59,38.24,26.68,20.44,0,0,0,0,0,0
4.72,22.78,80.28,38.9,9.68,73.86,44.61,113.9,148.09,118.4,24.82,112.4,50.67,28.64,20.55,16.89,0,0,0,0,0,0
5.09,23.36,84.87,38.38,10.1,64.88,44.14,100.3,130.69,99.18,24.2,107.36,49.94,23.68,16.99,15.92,0,0,0,0,0,0
10.15,46.26,193.19,74.2,22.46,114.47,83.85,180.83,236.9,159.98,45.6,192.12,90.74,39.24,25.44,26.63,0,0,0,0,0,0
14.97,68.37,293.35,111.13,33.92,165.26,124,263.01,344.19,227.71,67.91,281.75,135.28,56.1,34.98,38.79,0,0,0,0,0,0
18.03,80.04,334.86,131.6,39.11,190.96,144.55,303.37,396.5,268.22,81.52,335.08,164.36,66.08,41.61,48.19,0,0,0,0,0,0
19.22,83.52,337.15,137.88,39.92,198.89,149.53,313.64,410.36,285.15,86.15,356.11,176.2,70.27,45.38,53.15,0,0,0,0,0,0
19.46,85.08,338.83,139.94,40.39,205.27,151.19,321.9,421.4,296.13,86.49,365.37,178.68,73.36,48.13,54.6,0,0,0,0,0,0
18.42,83.49,337.18,137.03,39.72,208.18,148.78,326.86,428.59,299.61,83.99,359.74,172.21,74.91,48.81,52.78,0,0,0,0,0,0
17.95,85.33,355.27,138.97,40.72,223.12,152.8,352.8,462.63,318.63,86.38,365.96,171.02,81.11,51.74,52.82,0,0,0,0,0,0
18.31,88.38,359.96,140.52,40.86,239.29,155.3,376.24,493.29,343.9,90.49,380.84,175.13,89.71,58.06,56.91,0,0,0,0,0,0
18.58,91.93,369.24,143.68,41.43,255.16,159.63,400.49,528.08,369.97,95.09,399.5,181.36,98.26,63.43,60.94,0,0,0,0,0,0
18.03,90.1,362.76,140.18,40.66,251.89,156.77,395.78,522.56,366.25,93.82,392.31,177.26,97.62,62.7,59.74,0,0,0,0,0,0
17.69,88.25,359.22,137.76,40.39,247.91,155.61,389.46,513.18,358.33,92.44,383.4,173.89,95.01,60.86,57.61,0,0,0,0,0,0
17.82,88.46,363.04,137.03,40.8,244.73,154.77,384.83,508.33,350.35,92.2,379.38,171.58,93.06,59.38,56.95,0,0,0,0,0,0
15.44,76.32,316.93,119.33,35.78,213.4,134.8,336.42,443.45,306.06,79.56,327.17,147.64,80.75,51.48,48.52,0,0,0,0,0,0
13.03,64.07,260.96,101.25,29.58,185.77,113.25,291.62,384.25,270.56,67.16,280.24,125.38,71.22,46.42,42.41,0,0,0,0,0,0
13.19,62.08,247.18,96.62,28.67,174.93,107.43,271.63,362.08,254,64.06,268.91,120.02,66.15,44.18,41.15,0,0,0,0,0,0
14.68,64.65,246.68,99.53,29.97,178.92,107.76,272.46,367.03,261.55,64.94,279.1,122.58,66.9,47.31,43.64,0,0,0,0,0,0
12.99,56.72,213.95,88.46,26.38,157.15,93.98,238.48,323.08,232.42,57.12,247.93,106.92,58.62,42.48,39.15,0,0,0,0,0,0
7,32.08,116.71,52.88,14.17,101.65,54.37,153.58,207.67,155.74,33.55,151.22,63.29,39.06,28.77,24.7,0,0,0,0,0,0
6.31,29.41,107.03,49.02,12.96,97.62,50.11,147.32,197.32,150.58,30.81,139.96,58.6,37.89,27.67,22.77,0,0,0,0,0,0
6.09,29.18,108.12,49.58,12.89,101.46,51.1,154.24,205.22,157.67,30.64,140.46,58.97,39.7,28.48,22.44,0,0,0,0,0,0
6.37,31.14,114.52,53.85,13.68,111.15,57.89,170.57,223.98,175.76,33.15,153.26,65.69,43.92,31.27,23.75,0,0,0,0,0,0
5.36,26.87,97.95,46.92,11.69,94.72,52.14,147.06,191.24,153.48,29.36,134.55,58.99,38.04,26.72,20.4,0,0,0,0,0,0
4.68,22.5,78.7,38.39,9.57,72.04,44.14,111.43,143.94,116.05,24.5,111.05,49.97,28.04,20.24,16.68,0,0,0,0,0,0
5.1,23.44,84.37,38.32,10.16,64.12,43.98,99.56,129.12,99.82,24.3,107.84,50.12,23.98,17.13,16.03,0,0,0,0,0,0
10.18,46.49,193.91,74.61,22.56,115.47,84.22,182.59,239.35,162.31,45.84,193.61,91.29,39.9,25.82,26.86,0,0,0,0,0,0
15.02,68.68,294.45,111.75,34.07,166.91,124.57,265.73,347.97,231.09,68.26,283.66,136.01,57.02,35.56,39.11,0,0,0,0,0,0
18.04,80.15,335.38,131.84,39.15,191.69,144.8,304.53,398.22,269.36,81.63,335.79,164.61,66.37,41.79,48.3,0,0,0,0,0,0
19.2,83.44,336.55,137.78,39.87,198.61,149.46,313.37,410.24,285.23,86.06,356.04,176.07,70.27,45.39,53.15,0,0,0,0,0,0
19.42,84.92,337.76,139.58,40.3,204.3,150.85,320.52,420.22,295.44,86.33,364.92,178.44,73.17,47.94,54.54,0,0,0,0,0,0
18.47,83.97,338.87,137.68,39.9,209.55,149.3,329.26,431.61,302.86,84.48,362.25,173.29,75.92,49.31,53.14,0,0,0,0,0,0
17.94,85.34,355.44,138.89,40.69,222.93,152.72,352.41,462.3,318.1,86.39,365.9,171.06,80.99,51.6,52.77,0,0,0,0,0,0
18.18,87.97,357.66,139.64,40.58,237.27,154.49,373.14,491.73,342.12,90.07,379.74,174.61,89.18,57.45,56.71,0,0,0,0,0,0
18.44,91.21,365.64,142.23,41.06,251.12,158.3,394.4,520.67,364.35,94.31,396.22,179.92,96.75,62.38,60.41,0,0,0,0,0,0
18.02,89.87,362.13,139.82,40.59,251.6,156.41,394.71,522.17,364.98,93.64,390.8,176.84,97.14,62.42,59.58,0,0,0,0,0,0
17.75,88.52,360.48,138.67,40.57,250.38,156.56,393.58,517.99,362.19,92.73,385.3,174.4,95.96,61.68,57.95,0,0,0,0,0,0
17.73,87.68,359.2,135.43,40.51,240.08,153.2,377.6,497.88,343.41,91.4,374.82,169.79,91.21,58.3,56.31,0,0,0,0,0,0
15.51,76.93,319.01,120.31,36.03,215.68,135.65,340.35,448.59,311.19,80.2,330.62,149.03,82.25,52.32,49.05,0,0,0,0,0,0
12.94,64.05,260.04,100.76,29.45,183.87,112.74,289.19,381.85,269.5,67.08,280.73,125.54,71.12,46.01,42.36,0,0,0,0,0,0
13.33,62.88,250.05,97.77,29.06,177,108.34,275.38,364.89,258.62,64.88,272.45,121.56,67.67,45.12,41.69,0,0,0,0,0,0
14.66,64.53,244.95,99.12,29.94,176.97,107.28,270.14,363.06,260.94,64.8,278.81,122.31,66.86,47.29,43.64,0,0,0,0,0,0
12.84,56.05,211.52,87.13,25.99,153.73,92.84,232.98,316.39,225.69,56.35,244.46,105.49,56.78,41.21,38.49,0,0,0,0,0,0
6.98,32.03,115.17,52.33,14.14,99.52,53.65,150.67,204.04,155.27,33.53,151.06,63.34,39.11,28.59,24.72,0,0,0,0,0,0
6.29,29.65,108.3,49.65,12.99,99.5,50.85,150.5,202.34,153.35,31,142.08,59.21,38.59,28.05,23,0,0,0,0,0,0
6.28,30.24,112.4,51.55,13.44,106.24,52.85,162.08,214,166.29,31.77,145.75,61.12,42.15,30.13,23.32,0,0,0,0,0,0
6.32,31.37,116.31,54.22,13.61,112.46,58.39,172.52,227.87,176.36,33.29,154.87,66.3,44.1,31.13,23.78,0,0,0,0,0,0
5.22,26.23,96,45.87,11.33,91.93,51.35,142.67,185.07,146.82,28.57,131.22,57.46,36.2,25.6,19.73,0,0,0,0,0,0
4.68,22.37,78.03,38.21,9.54,71.62,43.96,110.73,142.99,115.51,24.38,110.33,49.67,27.85,20.19,16.62,0,0,0,0,0,0
5.12,23.44,84.28,38.44,10.19,64.77,44.09,100.44,130.93,101.15,24.34,108.05,50.2,24.25,17.34,16.13,0,0,0,0,0,0
10.16,46.27,192.72,74.17,22.48,114.33,83.77,180.74,237.09,160.87,45.63,192.38,90.83,39.48,25.57,26.72,0,0,0,0,0,0
15,68.61,294.27,111.62,34.02,166.63,124.47,265.24,347.47,230.3,68.17,283.26,135.84,56.79,35.4,39.03,0,0,0,0,0,0
18.05,80.31,336.15,132.16,39.22,192.54,145.11,305.88,400.01,270.61,81.79,336.69,164.96,66.72,42,48.42,0,0,0,0,0,0
19.19,83.38,336.49,137.68,39.84,198.27,149.38,312.83,409.19,284.21,85.98,355.61,175.89,70,45.24,53.06,0,0,0,0,0,0
19.4,84.93,337.76,139.66,40.29,204.42,150.97,320.89,420.57,295.66,86.3,365.18,178.43,73.23,47.99,54.56,0,0,0,0,0,0
18.48,84,339.42,138.11,39.93,211.12,149.84,331.66,435.09,304.49,84.5,362.85,173.33,76.22,49.64,53.24,0,0,0,0,0,0
17.99,85.81,358.04,140.07,40.87,226.62,153.96,358.1,470.69,323.1,86.86,368.93,172.14,82.23,52.39,53.2,0,0,0,0,0,0
18.35,89.24,363.78,142.31,41.12,244.34,157.12,384.55,505.95,352.51,91.34,386.78,177.24,92.02,59.31,57.7,0,0,0,0,0,0
18.57,91.96,368.78,143.69,41.43,255.05,159.62,400.61,528.75,371.18,95.13,400.16,181.54,98.61,63.58,61.07,0,0,0,0,0,0
18.03,89.99,362.58,140.1,40.64,252.19,156.71,395.86,523.41,366.14,93.75,391.67,177.08,97.48,62.65,59.69,0,0,0,0,0,0
17.78,88.68,359.74,138.72,40.67,250.5,156.4,393.98,520.16,365.97,93.02,386.77,175.1,97.01,62.16,58.33,0,0,0,0,0,0
17.74,87.99,360.74,135.83,40.57,241.54,153.55,379.6,502.14,345.75,91.74,376.61,170.68,91.86,58.46,56.52,0,0,0,0,0,0
15.44,76.32,316.67,118.99,35.76,212.75,134.32,334.98,442.9,305.86,79.64,326.86,147.87,80.73,51.25,48.51,0,0,0,0,0,0
12.93,63.62,258.11,99.88,29.34,181.92,111.79,285.54,377.44,266.31,66.72,277.77,124.63,70.18,45.48,42.05,0,0,0,0,0,0
13.2,62.47,248.92,97.23,28.78,176.11,108.03,273.84,364.31,255.82,64.39,271.02,120.79,66.77,44.49,41.36,0,0,0,0,0,0
14.51,64.1,243.78,98.49,29.61,175.68,106.93,268.12,361.72,257.41,64.25,277.4,121.5,65.82,46.51,43.25,0,0,0,0,0,0
12.98,56.94,216.29,89.03,26.38,158.88,94.72,241.01,325.92,232.07,57.22,248.88,107.21,58.52,42.42,39.09,0,0,0,0,0,0
7.04,32.4,118.55,53.55,14.29,103.56,55.05,156.49,211.39,157.89,33.86,152.81,63.93,39.64,29.14,24.9,0,0,0,0,0,0
6.39,30.18,110.14,50.81,13.29,102.05,51.93,155.07,206.82,158.41,31.54,145.07,60.19,40.01,29.13,23.52,0,0,0,0,0,0
6.11,29.69,110.74,50.99,13.07,104.77,52.7,160.29,211.63,162.09,31.02,144.11,59.84,40.9,29.43,22.85,0,0,0,0,0,0
6.3,30.96,114.08,53.59,13.51,110.76,57.76,169.91,224.28,174.49,32.92,152.84,65.42,43.52,30.91,23.6,0,0,0,0,0,0
5.48,27.83,103.5,48.99,12.06,100.74,54.25,156.22,203.33,160.54,30.31,139.58,60.98,39.91,27.91,21.04,0,0,0,0,0,0
4.74,22.93,81.67,39.5,9.74,75.82,45.32,116.85,151.94,119.96,24.94,113.35,50.91,28.95,20.86,17,0,0,0,0,0,0
5.11,23.55,85.73,38.7,10.18,65.67,44.44,101.57,132.2,100.4,24.39,108.29,50.32,24.04,17.2,16.04,0,0,0,0,0,0
10.15,46.3,193.45,74.3,22.46,114.72,83.98,181.3,237.48,160.2,45.61,192.46,90.81,39.3,25.47,26.65,0,0,0,0,0,0
15.02,68.7,295.13,111.94,34.08,167.4,124.84,266.46,348.03,230.41,68.23,283.51,135.87,56.82,35.55,39.04,0,0,0,0,0,0
18.03,80.16,335.38,131.8,39.14,191.51,144.75,304.26,397.82,269.09,81.63,335.77,164.62,66.32,41.74,48.28,0,0,0,0,0,0
19.2,83.37,336.72,137.76,39.84,198.65,149.5,313.31,409.85,284.24,85.97,355.54,175.85,69.97,45.26,53.04,0,0,0,0,0,0
19.39,84.83,338,139.67,40.24,204.87,151.07,321.28,421.41,294.93,86.19,364.65,178.2,72.94,47.87,54.45,0,0,0,0,0,0
18.42,83.71,337.89,137.5,39.78,209.32,149.27,328.99,431.69,302.09,84.18,361.5,172.74,75.59,49.2,53.02,0,0,0,0,0,0
18.15,86.4,360.64,141.38,41.25,229.98,155.14,363.42,476.24,328.49,87.53,371.65,173.25,83.69,53.55,53.73,0,0,0,0,0,0
18.33,88.76,361.42,141.63,41,242.55,156.5,381.78,501.73,349.91,90.87,384.27,176.1,91.21,59.03,57.44,0,0,0,0,0,0
18.5,91.43,366.49,142.49,41.2,251.11,158.47,394.61,518.78,364.24,94.5,396.57,180.12,96.87,62.56,60.45,0,0,0,0,0,0
18.05,90.21,364.37,140.75,40.7,254.28,157.45,398.96,527.62,367.76,93.93,392.94,177.5,97.84,62.92,59.81,0,0,0,0,0,0
17.65,88.18,359.26,138,40.34,248.44,156.03,390.67,514.07,358.27,92.28,383.63,173.61,94.93,60.97,57.57,0,0,0,0,0,0
17.62,87.35,358.25,134.8,40.25,238.64,152.73,375.25,495.84,340.06,90.98,373.47,169.17,90.28,57.56,55.96,0,0,0,0,0,0
15.43,76.15,316.9,119.17,35.71,213.7,134.69,336.24,444.1,305.01,79.42,326.01,147.31,80.32,51.25,48.37,0,0,0,0,0,0
12.9,63.38,257.33,99.41,29.23,180.66,111.36,283.44,374.34,263.6,66.46,276.23,124.06,69.45,45.04,41.79,0,0,0,0,0,0
13.33,63.14,252.41,98.7,29.12,180.4,109.44,280.33,372.71,261.69,65.11,274.38,122.18,68.3,45.55,41.9,0,0,0,0,0,0
14.6,64.33,246.11,99.33,29.79,178.13,107.84,271.57,364.28,258.07,64.45,277.68,121.59,65.91,46.91,43.28,0,0,0,0,0,0
12.96,56.65,215.03,88.71,26.3,157.93,94.47,239.65,323.4,230.33,56.91,247.45,106.47,57.99,42.27,38.92,0,0,0,0,0,0
6.96,31.85,115.34,52.14,14.04,99.38,53.58,150.04,202.98,152.76,33.31,149.68,62.81,38.35,28.2,24.45,0,0,0,0,0,0
6.35,29.81,108.2,49.58,13.12,98.51,50.58,149.21,199.07,153.28,31.19,142.18,59.43,38.77,28.16,23.08,0,0,0,0,0,0
6.11,29.62,110.05,50.2,13.02,102.83,51.68,156.6,208.17,160.01,31.05,142.81,59.93,40.46,28.81,22.7,0,0,0,0,0,0
6.21,30.67,112.88,52.8,13.31,108.53,57.02,166.39,219.92,170.66,32.56,151.17,64.81,42.55,30.14,23.24,0,0,0,0,0,0
5.13,25.94,95.76,45.56,11.09,92.33,51.24,142.61,187.87,145.55,28.27,130.33,57.1,35.63,25.09,19.51,0,0,0,0,0,0
4.67,22.46,78.19,38.18,9.54,71.69,43.87,110.74,144.19,116.41,24.51,110.98,50.07,28.13,20.17,16.72,0,0,0,0,0,0
5.15,23.53,84.54,38.54,10.26,64.84,44.14,100.6,130.51,101.5,24.45,108.25,50.33,24.39,17.46,16.18,0,0,0,0,0,0
10.15,46.27,193.16,74.19,22.46,114.45,83.83,180.81,236.97,160.12,45.61,192.2,90.78,39.28,25.45,26.65,0,0,0,0,0,0
14.99,68.52,293.82,111.41,33.98,165.94,124.25,264.19,345.85,229.31,68.08,282.72,135.64,56.55,35.25,38.95,0,0,0,0,0,0
18.04,80.19,335.55,131.9,39.17,191.77,144.86,304.71,398.33,269.51,81.67,336.02,164.69,66.43,41.82,48.32,0,0,0,0,0,0
19.2,83.44,336.66,137.81,39.88,198.67,149.49,313.45,410.23,285.12,86.06,356.01,176.06,70.24,45.38,53.14,0,0,0,0,0,0
19.38,84.7,336.85,139.21,40.21,203.23,150.53,318.89,417.77,293.51,86.08,363.75,177.92,72.64,47.65,54.35,0,0,0,0,0,0
18.46,83.88,339.54,137.99,39.86,211.07,149.8,331.3,434.65,302.97,84.36,362.01,173.02,75.75,49.38,53.07,0,0,0,0,0,0
18.1,85.78,357.52,140.03,41.03,226.73,153.73,357.82,469.92,324.05,86.98,367.97,172.04,82.42,52.71,53.3,0,0,0,0,0,0
18.25,88.16,359.15,140.39,40.73,239.61,155.3,376.61,495.5,344.27,90.27,380.55,174.84,89.64,58,56.88,0,0,0,0,0,0
18.49,91.54,368.87,143.03,41.18,253.56,159.19,397.64,523.66,364.18,94.58,396.9,180.32,96.68,62.46,60.37,0,0,0,0,0,0
18.12,90.67,366.2,141.33,40.91,255.03,157.9,400.45,527.59,369.12,94.37,394.59,178.27,98.42,63.29,60.01,0,0,0,0,0,0
17.83,89.03,362.16,139.41,40.81,252.1,157.12,396.43,521.74,366.36,93.3,387.9,175.57,97.19,62.36,58.39,0,0,0,0,0,0
17.75,87.88,359.78,135.74,40.57,241.51,153.43,379.58,502.89,346.91,91.69,376.48,170.58,92.09,58.64,56.62,0,0,0,0,0,0
15.33,75.76,314.48,117.95,35.47,209.9,133.43,330.53,436.92,300.42,78.99,323.93,146.59,79.25,50.31,47.98,0,0,0,0,0,0
12.99,63.97,259.67,100.34,29.49,182.95,112.15,287.11,379,267.97,67.1,279.14,125.35,70.73,45.76,42.24,0,0,0,0,0,0
13.4,63.68,254.06,99.51,29.35,182.1,110.1,283.4,376.51,266.11,65.68,277.37,123.39,69.63,46.29,42.37,0,0,0,0,0,0
14.65,64.87,248.63,100.2,29.98,180.2,108.66,274.97,368.28,261.08,64.96,280.35,122.69,66.83,47.41,43.6,0,0,0,0,0,0
12.81,55.51,209.9,86.34,25.8,152,92.15,229.74,311.64,220.91,55.79,240.99,104.15,55.36,40.52,38,0,0,0,0,0,0
6.81,31.79,116.57,52.67,14.15,100.76,53.93,152.19,205.49,154.34,32.7,150.17,62.59,38.72,28.38,24.15,0,0,0,0,0,0
6.03,28.71,105.65,48.36,12.74,95.46,49.41,144.07,192.19,145.92,29.42,137.15,56.9,36.58,26.8,21.86,0,0,0,0,0,0
5.89,29.34,110.5,50.5,13.04,102.76,51.86,156.95,206.55,158.88,30.05,142.24,59.01,40.14,28.69,22.11,0,0,0,0,0,0
6.16,31.25,115.54,54.3,13.83,110.44,58,170.51,221.45,176.31,32.47,154.71,65.71,44.33,31.3,23.4,0,0,0,0,0,0
5.16,26.9,99.87,47.77,11.84,96.22,52.77,149.81,193.56,155.25,28.6,135.85,58.85,38.53,26.95,20.02,0,0,0,0,0,0
4.53,22.42,79.09,38.64,9.81,73.1,43.87,113.08,145.7,119.96,23.85,111.21,49.64,29.15,20.83,16.43,0,0,0,0,0,0
4.66,21.97,79.73,35.77,9.66,61.68,41.27,95.68,123.93,96.68,22.28,100.97,46.05,23.31,16.63,14.66,0,0,0,0,0,0
9.13,41.7,175.5,64.92,20.49,103.84,74.82,164.11,215.95,145.27,40.73,169.31,78.33,35.86,23.29,23.09,0,0,0,0,0,0
12.47,57.11,251.06,88.76,28.94,138.35,102.61,220.21,290.54,185.58,55.84,225.25,104.98,45.9,28.58,29.82,0,0,0,0,0,0
13.47,60.97,266.06,94.75,30.71,145.97,109.23,232.12,306.74,195.27,59.9,241.05,113.14,48.29,30.14,32.32,0,0,0,0,0,0
13.82,61.11,256.41,94.87,30.07,145.48,108.25,229.28,303.7,198.79,60.52,246.07,116.2,49.13,31.73,34.42,0,0,0,0,0,0
15.28,65.99,266.33,101.93,31.73,155.32,115.17,242.64,322.22,215.98,66.06,269.37,128.1,53.51,35.56,39.31,0,0,0,0,0,0
16.46,71.87,287.9,112.21,34.1,171.08,125.86,267.56,355.46,240.85,73.44,298.35,142.38,59.96,39.67,44.39,0,0,0,0,0,0
18.18,82.59,337.83,131.12,39.01,205.59,146.12,324.21,428.24,291.37,86.01,347.78,165.29,73.76,47.46,51.78,0,0,0,0,0,0
19.92,92.71,369.8,146.75,42.21,243.05,162.05,381.75,503.94,351.56,97.6,399.79,187.9,91.22,59.15,61.63,0,0,0,0,0,0
20.89,99.98,395.37,157.89,44.78,274.82,173.67,431.42,567.82,403.02,105.77,437.38,202.52,106.52,69.19,68.52,0,0,0,0,0,0
19.87,97.96,392.92,155.28,44.01,279.13,171.6,438.67,577.86,408.16,103.21,431.53,196.84,108.36,69.92,66.62,0,0,0,0,0,0
18.71,93.39,379.57,148.03,42.68,268.8,165.49,422.94,556.93,392.95,98.21,410.83,186.38,104.07,66.77,62.15,0,0,0,0,0,0
18.39,92.58,382.74,145.94,42.64,266.82,163.38,419.79,554.06,383.29,96.24,402.39,180.82,101.78,64.97,60.21,0,0,0,0,0,0
15.85,79.97,335.34,127.46,37.41,235.5,142.63,371.15,490.35,339.01,82.98,348.35,155.72,89.46,56.94,51.39,0,0,0,0,0,0
13.23,66.31,271.91,105.95,30.61,198.66,117.55,311.89,412.45,291.61,69.16,293.41,130.45,76.91,49.73,44.12,0,0,0,0,0,0
13.75,66.64,269.11,106.15,30.77,200.81,116.34,312.76,415.54,294.76,68.41,294.39,129.73,77.26,51.15,44.71,0,0,0,0,0,0
14.96,67.68,262.34,106.5,31.38,197.66,114.48,302.68,405.08,289.44,67.53,296.9,128.77,74.42,52.21,45.9,0,0,0,0,0,0
13.19,59.14,227.38,94.04,27.52,172.21,99.33,262.4,352.68,253.27,59.02,261.58,111.74,64.26,46.14,40.72,0,0,0,0,0,0
7.12,33.82,125.88,56.3,15.04,111.62,57.29,169.67,226.28,171.62,34.89,160.34,66.4,43.72,31.6,25.71,0,0,0,0,0,0
6.23,30.27,112.51,51.24,13.4,104.88,52.15,159.43,211.88,161.85,31.13,145.86,59.87,41.09,29.67,23.23,0,0,0,0,0,0
5.91,29.63,111.68,50.79,13.13,105.83,52.11,161.83,213.7,164.78,30.51,144.02,59.38,41.87,29.72,22.49,0,0,0,0,0,0
6.02,30.77,115.02,53.65,13.47,112.33,57.72,172.95,227.25,176.69,32.07,153.09,64.43,44.29,31.26,23.11,0,0,0,0,0,0
4.9,25.61,95.2,45.06,11.12,92.27,50.37,143.01,186.59,147.3,27.39,129.1,55.77,36.38,25.46,18.98,0,0,0,0,0,0
4.27,21.41,75.98,36.63,9.15,71.08,42.29,109.78,142.76,114.39,22.82,106.47,46.99,27.69,19.82,15.57,0,0,0,0,0,0
4.41,20.82,76.13,33.64,9.04,60.21,39.52,93.28,121.05,92.17,21.15,95.34,42.78,22.16,16.03,13.77,0,0,0,0,0,0
8.57,39.15,165.93,59.81,19.22,96.14,70.17,151.91,200.6,131.4,38.03,156.32,71.69,32.3,21.02,20.96,0,0,0,0,0,0
11.67,53.74,238.77,82.18,27.34,129.68,96.48,206.59,273.7,170.78,52.09,208.73,96.08,42.2,26.17,27.02,0,0,0,0,0,0
12.27,56.11,248.74,85.47,28.57,134.62,100.32,214.18,284.2,176.8,54.26,217.3,100.11,43.76,27.19,28.21,0,0,0,0,0,0
12.06,54.13,231.84,81.69,27.08,129.54,95.5,204.07,272,173.11,52.28,212.16,97.48,42.86,27.62,28.48,0,0,0,0,0,0
12.72,56.02,231.7,83.45,27.52,132.46,97.18,206.49,276.55,179.1,54.04,221.32,101.51,44.45,29.57,30.7,0,0,0,0,0,0
13.16,59.34,245.07,89.09,28.86,143.09,103.23,223.54,298.55,195.63,58.05,238.02,108.59,49.01,32.42,33.38,0,0,0,0,0,0
14.28,67.87,288.13,104.28,32.86,173.39,119.91,273.53,362.39,238.11,67.79,277.01,125.5,60.77,38.96,38.77,0,0,0,0,0,0
15.91,77.74,319.02,119.46,35.97,209.71,135.37,329.74,435.99,297.49,78.92,328.34,147.47,78.11,50.48,48.37,0,0,0,0,0,0
17.38,86.71,349.7,133.55,39.09,242.57,150.05,380.89,503.48,350.27,89.35,374.13,167.44,93.45,60.39,56.79,0,0,0,0,0,0
17.82,89.83,364.47,139.95,40.64,258.92,156.53,406.81,535.5,375.8,93.37,391.32,174.96,100.51,64.8,59.45,0,0,0,0,0,0
17.93,90.42,368.88,141.96,41.46,262.66,159.38,413.53,543.81,384.92,94.72,396.04,177.84,102.53,65.68,59.59,0,0,0,0,0,0
18.26,91.86,380.87,144.02,42.33,267.17,161.35,419.28,555.09,383.42,95.68,397.81,178.58,102.01,64.95,59.61,0,0,0,0,0,0
15.77,78.8,329.24,124.23,37,228.76,139.13,359.98,475.13,330.65,82.08,340.32,152.83,87.5,55.62,50.46,0,0,0,0,0,0
13.17,65.86,270.69,104.87,30.39,197.3,116.55,309.43,408.23,287.73,68.75,290.09,128.99,75.97,49.22,43.62,0,0,0,0,0,0
13.75,66.23,267.89,105.29,30.66,199.86,115.51,310.86,411.66,291.84,68.08,291.12,128.36,76.51,50.9,44.31,0,0,0,0,0,0
14.98,67.47,262.04,106.14,31.35,198.43,114.14,303.46,405.68,289.53,67.43,295.18,127.95,74.44,52.41,45.75,0,0,0,0,0,0
13.07,58.54,225.1,92.74,27.2,170.26,98.17,259.36,348.59,249.59,58.45,258.35,110.11,63.36,45.58,40.22,0,0,0,0,0,0
7.26,33.67,124.15,56.05,14.89,110.39,57.34,167.22,225.59,169.26,35.24,159.63,66.72,42.73,31.1,25.99,0,0,0,0,0,0
6.34,29.7,108.22,49.75,13.07,99.78,50.86,150.87,202.7,154.5,31.11,142.21,59.33,38.89,28.3,23.12,0,0,0,0,0,0
6.17,29.7,110.26,50.81,13.16,104.6,52.3,159.54,211.6,163.18,31.18,143.67,60.04,41.17,29.54,22.97,0,0,0,0,0,0
6.29,31.08,114.92,54.02,13.54,111.9,58.3,171.93,226.62,175.61,32.98,153.87,65.6,43.79,31.15,23.69,0,0,0,0,0,0
5.31,26.84,100.16,47.6,11.59,97.41,53.22,150.87,196.17,152.59,29.18,134.7,58.69,37.56,26.64,20.2,0,0,0,0,0,0
4.75,22.94,82.01,39.69,9.75,76.78,45.54,118.09,154.23,120.93,24.98,113.51,50.98,29.11,21,17.05,0,0,0,0,0,0
5.15,23.81,86.75,39.34,10.31,67.57,45.06,104.62,136.72,103.94,24.69,110.09,50.97,24.94,17.79,16.36,0,0,0,0,0,0
10.22,46.71,194.65,74.97,22.66,116.44,84.5,184.11,241.65,164.48,46.1,194.79,91.82,40.5,26.16,27.08,0,0,0,0,0,0
15.01,68.63,294.33,111.69,34.05,166.86,124.52,265.57,347.92,230.82,68.21,283.39,135.91,56.92,35.5,39.08,0,0,0,0,0,0
18.05,80.22,335.72,132.01,39.19,192.19,144.95,305.28,399.27,270.13,81.72,336.19,164.77,66.57,41.93,48.37,0,0,0,0,0,0
19.23,83.6,337.64,138.22,39.96,199.82,149.92,315.24,412.2,286.35,86.22,356.79,176.33,70.55,45.65,53.25,0,0,0,0,0,0
19.48,85.27,339.83,140.5,40.47,207.15,151.79,324.8,426.08,299.01,86.7,366.88,179.18,74.05,48.57,54.84,0,0,0,0,0,0
18.42,83.73,338.25,137.62,39.79,209.81,149.42,329.66,432.64,302.33,84.2,361.61,172.77,75.62,49.24,53.03,0,0,0,0,0,0
17.9,85.1,354.55,138.69,40.58,222.87,152.62,352.19,463.04,317.72,86.15,365.17,170.64,80.74,51.49,52.68,0,0,0,0,0,0
18.19,87.97,358.13,139.83,40.59,237.8,154.78,373.98,492.04,341.7,90.02,379.63,174.45,89.03,57.49,56.66,0,0,0,0,0,0
18.49,91.41,366.57,142.6,41.17,252.24,158.6,395.98,522.82,366.08,94.55,397.03,180.35,97.2,62.68,60.57,0,0,0,0,0,0
17.99,89.62,361.64,139.42,40.48,250.28,156.11,392.62,517.92,361.15,93.31,388.91,176.04,96.13,61.92,59.21,0,0,0,0,0,0
17.6,87.66,356.1,136.76,40.15,244.98,154.71,385.24,507.33,354.6,91.82,380.76,172.61,93.96,60.3,57.25,0,0,0,0,0,0
17.67,87.7,360.02,135.64,40.4,241.1,153.57,379.1,501.18,343.69,91.35,375.61,169.95,91.21,58.18,56.29,0,0,0,0,0,0
15.32,75.72,314.73,118.17,35.44,210.96,133.75,332.04,439.51,301.22,78.94,324.09,146.52,79.33,50.44,48.01,0,0,0,0,0,0
12.79,62.89,255.62,98.65,28.96,178.67,110.81,280.4,370.32,259.26,65.87,273.96,122.94,68.22,44.3,41.34,0,0,0,0,0,0
13.49,63.81,254.95,100.04,29.52,183.69,110.61,285.7,378.48,267.81,65.86,277.63,123.49,70,46.8,42.51,0,0,0,0,0,0
14.72,65.01,249.47,100.82,30.11,182.97,109.25,278.71,375.24,265.49,65.25,281.53,123.23,67.78,48.08,43.94,0,0,0,0,0,0
13.09,57.69,219.02,90.35,26.73,162.02,95.88,246.34,332.48,238.59,58.02,253.03,108.86,60.39,43.57,39.76,0,0,0,0,0,0
7.11,32.59,118.42,53.51,14.44,102.25,54.79,154.96,206.85,157.5,34.05,152.94,64.11,39.79,29.28,24.96,0,0,0,0,0,0
6.3,29.71,108.28,49.65,13.04,98.59,50.82,149.59,198.84,152.11,30.99,141.97,59.07,38.42,28.05,22.95,0,0,0,0,0,0
5.95,28.76,106.32,48.9,12.61,99.74,50.62,151.83,203.14,154.96,30.13,139.27,58.21,38.91,27.88,22.15,0,0,0,0,0,0
6.08,29.94,110.08,51.45,12.95,104.99,55.84,160.69,212.45,163.87,31.76,147.25,63.2,40.68,28.96,22.58,0,0,0,0,0,0
5.27,26.71,98.16,46.85,11.5,95.23,52.29,147.63,193.73,152.59,29.13,134.48,58.8,37.67,26.37,20.25,0,0,0,0,0,0
4.65,22.49,78.84,38.33,9.5,72.7,44.09,111.99,147.23,117.11,24.54,111.42,50.26,28.22,20.14,16.74,0,0,0,0,0,0
5.08,23.24,83.89,38.09,10.06,64.26,43.81,99.29,130.27,99.35,24.14,106.98,49.84,23.7,16.93,15.93,0,0,0,0,0,0
10.18,46.51,194.02,74.69,22.56,115.8,84.31,183.08,240.3,162.8,45.86,193.81,91.35,40,25.88,26.9,0,0,0,0,0,0
15.01,68.66,294.54,111.69,34.04,166.7,124.53,265.4,347.34,230.33,68.22,283.44,135.92,56.83,35.43,39.04,0,0,0,0,0,0
18.03,80.09,335.1,131.69,39.13,191.3,144.64,303.86,397.34,268.71,81.57,335.36,164.47,66.2,41.68,48.24,0,0,0,0,0,0
19.18,83.28,336,137.44,39.8,197.65,149.13,311.78,407.88,283.3,85.89,354.96,175.68,69.76,45.07,52.97,0,0,0,0,0,0
19.42,84.95,338.2,139.69,40.3,204.7,150.99,321.06,420.93,295.42,86.34,365.02,178.48,73.15,47.93,54.53,0,0,0,0,0,0
18.43,83.72,338.63,137.69,39.79,210.18,149.51,330,432.99,301.97,84.2,361.31,172.7,75.48,49.21,52.98,0,0,0,0,0,0
17.94,85.37,355.7,139.25,40.71,224.16,153.17,354.45,465.39,319.9,86.41,366.68,171.16,81.37,51.93,52.91,0,0,0,0,0,0
18.29,88.8,360.65,141.19,40.94,240.89,155.94,379.49,499.45,349.5,90.91,384.66,176.4,91.28,58.76,57.45,0,0,0,0,0,0
18.55,91.45,366.25,142.43,41.28,251.24,158.27,394.46,519.35,365.37,94.64,396.42,180.31,97.14,62.7,60.56,0,0,0,0,0,0
18.05,90.04,363.12,139.96,40.65,251.48,156.51,394.6,520.58,364.02,93.76,391.01,177.01,97.02,62.34,59.53,0,0,0,0,0,0
17.66,88.09,358.62,137.52,40.31,247.46,155.4,388.65,512.65,357.5,92.29,382.73,173.62,94.74,60.67,57.51,0,0,0,0,0,0
17.79,88.51,362.98,137.06,40.77,244.61,154.83,384.98,508.83,350.9,92.22,380.15,171.76,93.25,59.4,57.01,0,0,0,0,0,0
15.46,76.93,318.9,120.2,35.95,215.54,135.55,340.14,449.67,311.46,80.19,331.1,149.22,82.33,52.17,49.06,0,0,0,0,0,0
12.96,63.59,258.69,99.87,29.34,182.24,111.79,285.55,377.35,265.25,66.71,277.03,124.5,69.85,45.31,41.93,0,0,0,0,0,0
13.34,62.97,251.47,98.21,29.08,179.06,108.87,278,369.58,259.87,64.98,272.98,121.82,67.84,45.24,41.74,0,0,0,0,0,0
14.66,64.97,248.91,100.59,30.02,181.76,109.06,277.37,373.12,264.31,65.12,281.73,123.14,67.58,47.84,43.86,0,0,0,0,0,0
12.92,56.72,216.18,89.1,26.25,159.77,95.02,242.23,328.45,231.72,56.96,248.42,106.76,58.21,42.35,38.98,0,0,0,0,0,0
6.69,31.49,115.76,52.07,13.9,100.59,53.57,152.42,205.07,153.15,32.35,149.01,61.47,38.53,28.31,23.87,0,0,0,0,0,0
6.07,29.28,108.33,49.32,12.92,99.97,50.38,151.44,202.11,153.38,30.08,140.58,57.79,38.74,28.13,22.39,0,0,0,0,0,0
5.79,28.84,109.46,49.81,12.75,104.46,51.43,158.93,211.82,159.89,29.69,140.3,57.77,40.22,28.79,21.9,0,0,0,0,0,0
5.96,30.14,112.95,52.53,13.22,109.66,56.7,168.21,220.67,170.51,31.41,149.01,62.92,42.54,30.27,22.49,0,0,0,0,0,0
4.9,25.37,93.9,44.46,11.07,90.18,49.72,139.8,180.9,144.11,27.13,127.13,55.07,35.6,25.07,18.72,0,0,0,0,0,0
4.2,20.84,73.45,35.55,8.93,68.06,41.27,105,135.85,109.32,22.22,103.17,45.66,26.3,19.04,15.09,0,0,0,0,0,0
4.32,20.39,73.95,32.73,8.81,57.76,38.67,89.51,116.87,88.91,20.69,93.44,41.98,21.28,15.36,13.45,0,0,0,0,0,0
8.82,40.63,172.32,63.06,19.95,100.68,73.18,159.13,209.58,138.43,39.33,164.24,75.62,34.05,22.06,22.02,0,0,0,0,0,0
13.31,63.59,279.92,103.44,32.15,157.11,115.98,250.63,327.51,214.8,60.65,260.85,122.14,53.15,32.65,33.91,0,0,0,0,0,0
17.45,80.68,342.81,135.11,39.83,196.61,147.09,313,407.21,276.76,79.64,342,165.76,68.34,42.47,47.42,0,0,0,0,0,0
21.49,93.18,372.13,156.69,44.18,221.9,167.55,350.2,456.58,322.58,96.98,404.14,202.17,79.39,51.23,61.17,0,0,0,0,0,0
23.22,97.81,378.71,162.23,45.52,230.62,173.39,361.51,473.62,338.64,103.51,424.82,213.38,83.51,55.18,66.54,0,0,0,0,0,0
21.19,92.88,366.56,153.29,43.48,227.38,164.97,356.81,468.14,331.89,96.64,403.36,197.65,82.71,54.21,61.62,0,0,0,0,0,0
17.71,87.94,370.99,146.47,42.29,234.93,159.15,372.49,486.39,337.47,86.48,383.6,177.53,86.04,54.19,53.62,0,0,0,0,0,0
17.63,88.55,364.47,142.67,41.14,242.27,156.81,382.36,501.09,350,88.44,386.38,175.65,91.42,58.39,56.07,0,0,0,0,0,0
17.46,87.19,350.38,134.13,39.34,240.51,150.33,378.17,498.55,349.32,89.7,376.14,168.87,93.33,60.15,57.03,0,0,0,0,0,0
17.44,87,349.52,133.59,39.44,241.08,150.1,378.76,499.48,352.04,90.56,375.64,169.15,94.23,60.56,57.27,0,0,0,0,0,0
17.28,86.37,349.83,133.76,39.58,240.3,151.61,378.4,499.04,350.81,90.45,374.74,169.31,93.26,59.63,56.33,0,0,0,0,0,0
17.44,86.85,356.91,133.84,40.03,238.12,151.76,374.56,494.69,339.19,90.27,371.18,167.6,90.19,57.44,55.45,0,0,0,0,0,0
15.13,75.35,314.51,117.56,35.27,210.56,133.15,331.52,437.9,299.36,78.24,322.34,145.27,78.98,50.15,47.43,0,0,0,0,0,0
12.65,62.53,254.91,97.95,28.88,177.84,109.92,279.01,367.62,257.9,65.22,271.82,121.75,67.99,44.1,40.81,0,0,0,0,0,0
13.14,62.66,250.19,97.58,28.98,177.79,108.08,276.81,366.83,259.83,64.28,272.13,120.79,68.08,45.25,41.34,0,0,0,0,0,0
14.46,64.05,244.82,98.91,29.82,178.32,107.1,272.08,365.51,261.26,63.91,277.08,120.83,66.86,47.39,43.1,0,0,0,0,0,0
12.85,56.87,217.16,89.34,26.5,160.83,94.88,244.46,328.55,235.17,56.73,248.98,106.45,59.46,43.16,38.86,0,0,0,0,0,0
6.91,32.39,119.49,53.66,14.42,104.45,54.89,158.45,211.14,159.77,33.36,152.75,63.2,40.43,29.66,24.56,0,0,0,0,0,0
6.14,29.52,108.68,49.72,13.1,100.41,50.67,152.59,202.13,155.49,30.34,141.7,58.18,39.4,28.67,22.64,0,0,0,0,0,0
5.68,28.21,104.82,47.95,12.48,98.05,49.43,149.73,198.41,153.37,29.02,136.81,56.43,38.76,27.69,21.4,0,0,0,0,0,0
5.83,29.54,108.67,50.91,12.91,105.09,54.98,161.35,213.65,167.05,30.86,146.57,62.04,41.68,29.4,22.19,0,0,0,0,0,0
4.9,25.6,94.74,44.98,11.13,91.99,50.24,142.66,186.43,147.82,27.4,129.19,55.82,36.53,25.52,19.04,0,0,0,0,0,0
4.24,21.29,75.93,36.41,9.06,70.75,42.13,109.01,142.14,112.8,22.68,105.72,46.73,27.23,19.49,15.4,0,0,0,0,0,0
4.38,20.72,75.28,33.3,8.96,59.37,39.14,91.97,120.43,91.92,21.07,95.13,42.75,22.1,15.84,13.75,0,0,0,0,0,0
8.84,40.6,171.97,62.94,19.97,100.37,72.99,158.53,208.83,138.4,39.34,163.88,75.58,34.04,22.06,22.02,0,0,0,0,0,0
13.31,63.59,280.01,103.5,32.14,157.44,116.07,251.09,328.44,215.17,60.65,260.97,122.16,53.21,32.69,33.93,0,0,0,0,0,0
17.47,80.76,343.24,135.23,39.88,196.92,147.17,313.39,407.52,277.09,79.74,342.19,165.91,68.44,42.54,47.46,0,0,0,0,0,0
21.49,93.22,372.15,156.73,44.19,221.83,167.58,350.24,456.36,322.73,97.01,404.38,202.23,79.46,51.28,61.2,0,0,0,0,0,0
23.23,97.89,379.2,162.4,45.55,230.98,173.58,362.14,473.96,338.81,103.56,425.12,213.47,83.57,55.25,66.56,0,0,0,0,0,0
21.27,93.25,368.48,154.09,43.69,229.24,165.76,359.85,470.55,334.03,97,404.91,198.22,83.33,54.76,61.84,0,0,0,0,0,0
17.6,87.02,367.46,144.89,41.92,231.02,157.71,365.92,477.62,329.75,85.53,378.33,175.45,83.83,52.94,52.84,0,0,0,0,0,0
17.5,87.48,360.48,140.82,40.69,238.25,155.11,375.18,493.05,341.93,87.39,380.46,173.44,89.02,56.93,55.23,0,0,0,0,0,0
17.52,87.42,352.36,134.76,39.45,242.99,150.99,381.4,503.53,351.3,89.97,377.03,169.36,93.74,60.45,57.16,0,0,0,0,0,0
17.5,87.89,356.03,136.21,39.71,249.1,153.1,391.13,515.77,359.35,91.3,381.12,170.82,95.96,61.88,57.84,0,0,0,0,0,0
17.38,87.19,354.97,135.94,39.92,246.62,153.96,388.25,511.26,357.64,91.21,379.37,170.84,94.97,60.95,56.92,0,0,0,0,0,0
17.59,87.64,361.31,135.48,40.41,242.93,153.32,381.62,503.56,345.02,91.12,374.72,169.19,91.74,58.51,55.99,0,0,0,0,0,0
15.19,75.73,316.63,118.41,35.44,212.86,134.01,335.14,442.13,302.11,78.61,324.26,146,79.72,50.68,47.69,0,0,0,0,0,0
12.74,63.33,258.75,99.62,29.19,182.65,111.58,286.6,378.52,265.34,66.04,276.67,123.6,69.97,45.27,41.5,0,0,0,0,0,0
13.13,62.66,250.5,97.77,28.95,178.75,108.34,278.17,369.63,260.83,64.28,272.57,120.87,68.24,45.34,41.39,0,0,0,0,0,0
14.55,64.82,248.44,100.38,30.13,182.02,108.53,278.13,372.74,266.72,64.66,281.15,122.39,68.41,48.36,43.64,0,0,0,0,0,0
12.76,56.29,213.62,87.97,26.25,156.99,93.45,238.53,321.64,231.21,56.18,246.14,105.4,58.42,42.37,38.5,0,0,0,0,0,0
6.82,31.72,115.76,52.22,14.15,100.8,53.4,152.56,204.9,155.79,32.76,149.47,62.03,39.31,28.83,24.18,0,0,0,0,0,0
6.07,28.95,105.69,48.28,12.87,96.41,49.14,146.08,193.82,150.06,29.81,138.14,57.04,38,27.67,22.15,0,0,0,0,0,0
5.87,28.83,107.22,49.26,12.91,102.02,50.49,155.53,206.34,160.68,29.84,139.7,57.82,40.63,29.03,22.08,0,0,0,0,0,0
6.02,29.92,110.4,51.72,13.29,106.78,55.59,163.88,213.76,169.23,31.33,147.09,62.45,42.32,30.2,22.45,0,0,0,0,0,0
4.95,25.66,95.43,45.09,11.19,92.32,50.31,142.89,186.04,147.32,27.48,128.85,55.83,36.41,25.52,19,0,0,0,0,0,0
4.22,21.04,74.79,36.09,8.99,70.05,41.85,107.87,140.75,111.79,22.45,104.56,46.21,26.88,19.36,15.28,0,0,0,0,0,0
4.32,20.19,73.51,32.46,8.75,57.43,38.42,88.59,115.82,87.37,20.52,92.03,41.52,20.77,15.12,13.28,0,0,0,0,0,0
8.8,40.43,171.66,62.83,19.87,100.28,73.01,158.37,208.78,137.28,39.13,163.26,75.19,33.67,21.88,21.88,0,0,0,0,0,0
13.3,63.49,279.52,103.3,32.11,156.81,115.86,250.12,326.87,214.18,60.55,260.32,121.91,52.95,32.55,33.85,0,0,0,0,0,0
17.44,80.65,342.69,135.04,39.81,196.44,147.04,312.72,406.79,276.36,79.6,341.8,165.67,68.23,42.4,47.38,0,0,0,0,0,0
21.47,93.03,371.31,156.38,44.11,220.95,167.26,348.83,454.59,321.3,96.81,403.38,201.82,79.06,51.03,61.05,0,0,0,0,0,0
23.26,98.14,380.12,162.9,45.66,232.25,174.06,364.31,476.83,341.34,103.82,426.68,214.03,84.27,55.69,66.81,0,0,0,0,0,0
21.23,93.29,368.34,154.23,43.64,229.91,165.95,361.08,473.97,336.13,97.04,406.17,198.56,83.83,54.92,62.02,0,0,0,0,0,0
17.76,87.82,370.59,146.33,42.33,234.78,158.95,371.89,485.28,336.91,86.43,382.46,177.22,85.82,54.19,53.55,0,0,0,0,0,0
17.75,89.02,366.19,143.65,41.43,245.03,157.63,386.62,506.75,355.37,89.02,388.84,176.71,92.83,59.37,56.58,0,0,0,0,0,0
17.51,87.49,353.4,135.26,39.45,244.74,151.64,384.09,507.45,352.61,90,377.91,169.5,93.97,60.68,57.24,0,0,0,0,0,0
17.33,86.72,351.45,134.13,39.19,244.19,151.23,382.83,505.89,349.98,90.09,374.8,168.33,93.25,60.21,56.88,0,0,0,0,0,0
17.36,87.09,354.34,135.6,39.85,246.25,153.56,387.29,512.01,357.81,91.19,379.04,170.91,94.96,60.75,56.91,0,0,0,0,0,0
17.53,87.1,357.23,134.32,40.24,239.58,152.05,376.79,498.25,343.56,90.67,372.66,168.32,91.33,58.19,55.87,0,0,0,0,0,0
15.24,75.89,316.53,118.79,35.57,213.89,134.3,336.98,445.13,305.74,78.86,325.68,146.49,80.66,51.3,48.04,0,0,0,0,0,0
12.75,63.14,258.14,99.48,29.17,182.39,111.49,286.09,377.15,264.2,65.86,275.44,123.05,69.58,45.22,41.37,0,0,0,0,0,0
13.19,62.89,251.96,98.47,29.09,180.93,109.08,281.44,373.64,263.31,64.52,273.71,121.27,68.82,45.87,41.6,0,0,0,0,0,0
14.42,63.96,245.09,98.87,29.72,178.76,107.17,272.45,367.04,260.62,63.8,276.81,120.71,66.59,47.17,42.99,0,0,0,0,0,0
12.71,56.18,213.78,88.05,26.14,157.77,93.69,239.6,324.22,231.27,56.04,246.19,105.26,58.3,42.28,38.45,0,0,0,0,0,0
6.81,31.98,117.77,53.06,14.18,103.39,54.42,156.66,210.63,158.1,32.94,151.41,62.53,39.84,29.21,24.35,0,0,0,0,0,0
6.06,29.09,108.59,49.24,12.85,100.38,50.41,151.5,202.33,151.63,29.89,139.24,57.3,38.12,27.87,22.17,0,0,0,0,0,0
5.89,29.22,109.75,50.25,13.02,104.84,51.6,160.03,212.12,163.48,30.16,142.09,58.58,41.35,29.52,22.32,0,0,0,0,0,0
5.99,30.26,111.76,52.42,13.31,109.35,56.33,167.92,222.26,174.3,31.69,150.32,63.62,43.6,30.71,22.88,0,0,0,0,0,0
4.9,25.43,95.39,45.08,11.06,93.37,50.5,144,189.21,147.02,27.24,128.13,55.43,36.07,25.37,18.87,0,0,0,0,0,0
4.19,20.99,74.47,35.89,8.92,69.36,41.67,106.92,139.57,110.86,22.36,104.4,46.12,26.67,19.16,15.21,0,0,0,0,0,0
4.31,20.33,73.9,32.61,8.77,57.79,38.55,89.26,117.26,88.58,20.66,93.03,41.92,21.14,15.23,13.4,0,0,0,0,0,0
8.84,40.77,173.14,63.46,20.01,101.9,73.6,161.01,212.15,139.98,39.47,165.1,75.91,34.42,22.34,22.15,0,0,0,0,0,0
13.3,63.6,280.19,103.57,32.14,157.75,116.16,251.53,329.33,215.47,60.66,261.18,122.23,53.27,32.71,33.95,0,0,0,0,0,0
17.45,80.7,342.94,135.18,39.83,196.95,147.17,313.47,408.18,277.24,79.67,342.21,165.83,68.44,42.52,47.46,0,0,0,0,0,0
21.46,93.01,371.25,156.34,44.1,220.94,167.23,348.74,454.74,321.29,96.8,403.33,201.82,79.04,51,61.05,0,0,0,0,0,0
23.12,97.14,375.61,160.88,45.22,226.81,172.12,355.59,465.57,332.66,102.79,421.18,211.91,81.91,54.17,65.98,0,0,0,0,0,0
20.94,91.23,359.03,149.98,42.74,218.14,161.86,342.32,448.52,317,94.87,394.29,193.99,78.69,51.69,60.21,0,0,0,0,0,0
17.26,84.88,357.33,140.48,40.94,218.94,153.51,346.94,453.32,311.49,83.29,366.99,170.95,78.89,49.69,51.11,0,0,0,0,0,0
17.48,87.38,359.37,140.33,40.63,236.42,154.55,372.59,489.24,340.34,87.28,379.79,173.23,88.72,56.64,55.12,0,0,0,0,0,0
17.64,88.48,357.99,137.18,39.87,250.12,153.47,392.51,518.98,361.05,91.04,383.33,171.69,96.26,62.06,58.04,0,0,0,0,0,0
17.74,89.59,363,139.26,40.45,257.64,155.82,404.5,535.25,374.98,93.18,390.61,174.83,100.24,64.31,59.35,0,0,0,0,0,0
17.83,89.82,367.39,141.09,41.15,260.8,158.74,410.19,539.54,379.2,94.03,392.69,176.43,100.85,64.72,58.99,0,0,0,0,0,0
18.09,90.5,373.35,141.41,41.82,259.28,158.81,407.61,538.4,373.5,94.27,390.9,175.55,99.35,63.46,58.7,0,0,0,0,0,0
15.73,78.96,330.93,125.14,36.99,231.42,140.35,364.52,480.9,332.69,82.09,342.19,153.03,87.91,56.04,50.59,0,0,0,0,0,0
13.19,66.15,272.69,105.84,30.49,200.48,117.65,314.34,415.58,291.53,69.03,292.34,129.67,76.84,49.84,43.92,0,0,0,0,0,0
13.77,66.6,268.96,106.2,30.81,202.27,116.44,315.19,418.15,297.28,68.47,294.32,129.33,77.94,51.78,44.81,0,0,0,0,0,0
15.07,68.36,264.61,107.39,31.68,201.23,115.15,308.49,413.2,297.42,68.39,300.57,130.14,76.78,53.56,46.58,0,0,0,0,0,0
13.12,58.75,225.08,93.01,27.34,170.77,98.28,260.39,350.23,252.68,58.75,259.71,110.7,64.24,46.09,40.55,0,0,0,0,0,0
6.93,32.65,120.96,54.35,14.5,107.01,55.61,162.22,217.96,163.63,33.66,154.82,63.99,41.34,30.15,24.88,0,0,0,0,0,0
6.14,29.54,108.01,49.25,13.1,99.03,49.99,150.26,200.05,155.18,30.45,141.48,58.45,39.44,28.43,22.66,0,0,0,0,0,0
5.76,28.38,105.35,48.5,12.66,99.29,49.93,151.87,199.87,155.69,29.23,137.58,56.63,39.36,28.32,21.62,0,0,0,0,0,0
5.94,30.12,112.37,52.49,13.21,109.38,56.66,168.09,220.59,171.16,31.38,149.33,62.93,42.72,30.38,22.56,0,0,0,0,0,0
4.95,25.98,97.02,45.91,11.28,94.62,51.23,146.8,191.57,150.78,27.76,131.34,56.57,37.3,26.08,19.3,0,0,0,0,0,0
4.18,20.72,73.26,35.5,8.86,68.36,41.3,105.28,137.07,109.18,22.11,102.84,45.48,26.16,18.96,15.04,0,0,0,0,0,0
4.3,20.27,73.49,32.52,8.75,57.29,38.49,88.71,115.94,87.95,20.56,92.77,41.72,20.99,15.19,13.35,0,0,0,0,0,0
8.8,40.54,171.96,62.99,19.89,100.59,73.16,159.02,209.73,138.19,39.22,164.04,75.45,33.94,22.01,21.98,0,0,0,0,0,0
13.24,63.22,278.4,102.79,31.96,155.43,115.42,247.99,324.25,211.8,60.24,259.06,121.35,52.3,32.11,33.61,0,0,0,0,0,0
17.41,80.46,341.8,134.7,39.73,195.58,146.71,311.33,405.24,275.09,79.41,340.88,165.29,67.86,42.17,47.26,0,0,0,0,0,0
21.47,93.03,371.33,156.38,44.11,221.02,167.26,348.86,454.78,321.34,96.82,403.34,201.83,79.05,51.03,61.05,0,0,0,0,0,0
23.13,97.29,376.38,161.14,45.27,227.59,172.38,356.75,467.19,333.63,102.93,421.89,212.22,82.17,54.32,66.07,0,0,0,0,0,0
20.96,91.33,359.65,150.3,42.8,219.33,162.19,344.04,451.36,318.75,95.01,395.02,194.29,79.09,51.97,60.35,0,0,0,0,0,0
17.33,85.15,358.86,141.08,41.08,220.87,154.07,349.66,457.04,313.91,83.61,368.18,171.52,79.5,50.12,51.32,0,0,0,0,0,0
17.5,87.37,359.29,140.37,40.65,237.3,154.53,373.46,492.32,342.15,87.37,379.94,173.45,89.06,56.79,55.25,0,0,0,0,0,0
17.65,88.24,357.74,137.18,39.83,250.61,153.59,392.94,519.15,359.95,90.8,381.95,171.03,95.79,62.03,57.88,0,0,0,0,0,0
17.91,90.48,367.47,141.48,40.92,263.52,158.06,414.04,546.02,383.17,94.07,395.47,176.47,102.39,66.01,60.11,0,0,0,0,0,0
17.83,90.16,367.21,141.34,41.26,260.67,158.82,410.89,541.03,383,94.39,395.44,177.43,102.07,65.22,59.42,0,0,0,0,0,0
18.19,91.56,377.72,143.2,42.22,263.37,160.49,414.7,546.84,380.91,95.3,396.76,177.81,101.57,64.72,59.47,0,0,0,0,0,0
15.81,79.58,333.6,126.29,37.25,234.87,141.39,369.8,489.16,338.8,82.79,345.81,154.57,89.55,56.94,51.16,0,0,0,0,0,0
13.3,66.62,274.99,107.12,30.77,204.45,118.89,320.36,423.92,297.64,69.59,295.1,130.71,78.34,50.96,44.45,0,0,0,0,0,0
13.62,65.64,264.7,104.48,30.36,198.09,114.88,308.44,410.64,290.65,67.48,289.71,127.41,76.01,50.54,44.13,0,0,0,0,0,0
14.93,67.37,260.87,105.68,31.25,196.94,113.65,301.4,403.75,288.82,67.33,295.04,127.9,74.33,52.14,45.71,0,0,0,0,0,0
13.13,58.92,225.27,93.23,27.39,171.27,98.44,261.42,352.39,254.94,58.94,261.14,111.24,64.88,46.37,40.77,0,0,0,0,0,0
6.97,32.94,121.03,54.52,14.64,106.58,55.59,162.14,217.01,165.54,33.98,156.32,64.63,42.07,30.5,25.14,0,0,0,0,0,0
5.96,28.74,105.35,48.03,12.64,96.27,49.09,145.78,195.27,148.78,29.52,137.92,56.77,37.56,27.23,21.97,0,0,0,0,0,0
5.77,28.88,107.67,49.22,12.77,101.5,50.59,155.21,206.03,159.44,29.75,140.6,57.97,40.43,28.68,21.98,0,0,0,0,0,0
5.97,30.37,112.73,52.54,13.3,108.98,56.54,167.71,219.93,172.29,31.67,150.44,63.56,43.21,30.5,22.73,0,0,0,0,0,0
4.94,25.97,96.53,45.79,11.28,93.75,51.09,145.83,189.29,150.17,27.71,131.26,56.45,37.23,26.05,19.28,0,0,0,0,0,0
4.28,21.41,77,36.91,9.15,72.52,42.67,111.52,145.49,114.52,22.83,106.32,46.95,27.58,19.85,15.53,0,0,0,0,0,0
4.43,20.69,75.68,33.4,9.03,59.87,39.23,92.35,120.13,91.37,21.07,94.28,42.52,21.88,15.89,13.68,0,0,0,0,0,0
8.84,40.64,172.38,63.16,19.98,101.1,73.27,159.7,210.51,139.11,39.37,164.33,75.66,34.19,22.19,22.07,0,0,0,0,0,0
13.27,63.4,279.06,103.09,32.05,156.19,115.68,249.22,325.77,213.32,60.44,259.97,121.73,52.74,32.38,33.77,0,0,0,0,0,0
17.44,80.61,342.54,134.97,39.8,196.24,146.96,312.37,406.27,276.01,79.57,341.53,165.58,68.14,42.35,47.35,0,0,0,0,0,0
21.48,93.08,371.88,156.51,44.13,221.5,167.41,349.48,455.5,321.38,96.86,403.45,201.9,79.05,51.04,61.05,0,0,0,0,0,0
23.26,97.99,379.87,162.74,45.62,232.24,173.93,363.91,476.74,340.44,103.69,425.73,213.72,83.93,55.53,66.69,0,0,0,0,0,0
21.25,93.29,369.27,154.37,43.65,230.56,166.14,361.69,474.24,335.06,97.02,405.61,198.42,83.5,54.81,61.89,0,0,0,0,0,0
17.78,88.02,372.54,146.69,42.37,236.03,159.35,373.39,487.1,336.55,86.6,382.89,177.55,85.73,54.1,53.51,0,0,0,0,0,0
17.7,88.45,364.98,142.54,41.19,242.82,156.6,382.08,501.18,348.86,88.46,384.65,175.41,90.97,58.21,55.92,0,0,0,0,0,0
17.43,86.52,349.38,133.49,39.11,240.25,149.95,376.54,496.95,344.39,89.03,371.97,167.26,91.64,59.41,56.43,0,0,0,0,0,0
17.43,87.32,353.24,134.93,39.49,245.44,151.81,385.32,507.7,353.87,90.72,377.64,169.56,94.52,60.97,57.34,0,0,0,0,0,0
17.37,86.93,353.62,135.17,39.82,244.91,153.09,385.06,508.18,355.41,91.02,377.49,170.43,94.36,60.43,56.71,0,0,0,0,0,0
17.41,86.49,355.7,133.72,39.93,238.93,151.77,375.36,497.72,339.96,89.98,370.11,167.02,90.08,57.53,55.42,0,0,0,0,0,0
15.27,76.02,316.91,119.07,35.65,215.1,134.52,338.63,448.52,308.28,79.06,326.57,146.93,81.27,51.65,48.26,0,0,0,0,0,0
12.86,64,262.44,101.28,29.52,187.94,113.23,294.47,389.83,272.56,66.8,280.46,125.11,71.75,46.49,42.13,0,0,0,0,0,0
13.19,62.64,250.6,97.85,29.03,179.26,108.36,278.58,369.81,261.14,64.33,271.88,120.75,68.24,45.51,41.41,0,0,0,0,0,0
14.48,64.19,245.87,99.34,29.88,179.88,107.55,274.27,368.92,262.96,64.08,277.9,121.17,67.23,47.65,43.23,0,0,0,0,0,0
12.66,55.77,211.9,87.15,25.96,155.5,92.79,235.79,319.62,227.68,55.64,243.76,104.42,57.32,41.62,38.1,0,0,0,0,0,0
6.83,31.93,117.31,52.82,14.18,103.04,54.09,155.81,210.43,158.21,32.96,150.99,62.57,39.85,29.13,24.36,0,0,0,0,0,0
6.07,29.07,107.52,49.11,12.88,99.37,50.21,150.52,200.18,152.05,29.87,139.4,57.23,38.33,28.04,22.25,0,0,0,0,0,0
5.64,27.99,105.37,48.12,12.36,99.08,49.89,151.07,199.7,151.51,28.7,135.77,55.73,38.06,27.51,21.14,0,0,0,0,0,0
5.77,29.21,109.64,51.1,12.73,106.33,55.6,162.86,214.47,163.34,30.36,144.72,60.93,40.42,28.99,21.73,0,0,0,0,0,0
4.96,25.82,97.38,46,11.24,95.91,51.42,148.03,194.28,150.55,27.63,130.32,56.22,37,26.02,19.2,0,0,0,0,0,0
4.16,20.82,74.39,35.92,8.84,70.13,41.84,107.81,141.77,110.73,22.18,103.89,45.8,26.45,19.09,15.13,0,0,0,0,0,0
4.37,20.68,75.77,33.24,8.92,59.43,39.13,91.74,120.04,90.49,21.01,94.52,42.59,21.7,15.59,13.6,0,0,0,0,0,0
8.81,40.53,172.03,62.88,19.89,100.36,73.01,158.47,209.11,137.6,39.23,163.68,75.43,33.8,21.88,21.93,0,0,0,0,0,0
13.25,63.28,278.51,102.83,32,155.45,115.42,248.04,324.2,212.14,60.31,259.27,121.48,52.43,32.17,33.66,0,0,0,0,0,0
17.44,80.64,342.45,135,39.81,196.27,146.98,312.54,406.7,276.59,79.6,341.88,165.69,68.3,42.43,47.41,0,0,0,0,0,0
21.49,93.21,371.96,156.69,44.18,221.77,167.54,350.17,456.58,323.04,97.01,404.48,202.27,79.54,51.3,61.23,0,0,0,0,0,0
23.28,98.24,380.64,163.08,45.71,233.03,174.2,365.3,478.94,342.62,103.97,427.27,214.36,84.58,55.83,66.92,0,0,0,0,0,0
21.26,93.48,369.9,154.64,43.71,231.26,166.37,362.86,476.19,336.77,97.23,406.77,198.91,83.99,55.04,62.06,0,0,0,0,0,0
17.73,87.67,370.87,146.08,42.23,234.44,158.79,370.92,484.01,334.22,86.24,381.19,176.81,85.06,53.71,53.27,0,0,0,0,0,0
17.74,88.98,367.12,143.65,41.38,245.47,157.72,386.8,507.14,353.67,88.95,388.18,176.56,92.32,59.04,56.39,0,0,0,0,0,0
17.5,87.17,351.9,134.35,39.35,242.38,150.63,379.92,502.02,348.92,89.73,375.34,168.82,93.01,60.01,56.91,0,0,0,0,0,0
17.53,87.97,357.5,136.56,39.75,250.9,153.51,393.2,519.31,359.86,91.41,381.14,170.98,95.95,61.92,57.83,0,0,0,0,0,0
17.55,88.05,359.81,137.68,40.32,252.15,155.59,396.1,522.37,364.49,92.17,383.28,172.71,96.73,62.06,57.53,0,0,0,0,0,0
17.59,87.63,361.38,135.73,40.41,244.45,153.6,383.69,508.45,347.64,91.18,375.46,169.44,92.25,58.8,56.17,0,0,0,0,0,0
15.18,75.53,315.71,118.22,35.39,213.15,133.83,335.16,444.02,302.89,78.5,323.6,145.78,79.75,50.7,47.71,0,0,0,0,0,0
12.76,63.49,259.63,100.29,29.27,184.88,112.33,290.13,383.86,268.71,66.22,278.22,124.01,70.74,45.85,41.77,0,0,0,0,0,0
13.2,62.98,251.3,98.51,29.15,180.71,109.01,281.52,374.1,265.47,64.67,274.73,121.63,69.46,46.2,41.84,0,0,0,0,0,0
14.42,63.99,244.29,98.7,29.75,177.62,106.9,271.16,364.69,260.74,63.82,277.06,120.77,66.75,47.22,43.06,0,0,0,0,0,0
12.73,56.18,214.53,87.93,26.13,158.02,93.54,239.23,324.37,230.03,56.07,245.37,105.27,57.93,41.98,38.31,0,0,0,0,0,0
6.82,31.93,116.39,52.46,14.19,101.18,53.61,153.4,206.17,157.09,32.94,150.79,62.53,39.74,28.98,24.32,0,0,0,0,0,0
6.08,29.19,106.8,49.05,12.95,98.45,50.03,149.73,198.51,153.22,30,140.24,57.52,38.8,28.27,22.43,0,0,0,0,0,0
5.74,28.6,106.74,49.04,12.67,101.01,50.57,154.63,204.44,157.75,29.41,139.37,57.2,39.87,28.55,21.79,0,0,0,0,0,0
5.88,29.78,109.71,51.36,13.04,105.99,55.38,162.92,214.77,168.46,31.1,147.62,62.46,42.12,29.73,22.35,0,0,0,0,0,0
4.85,25.34,93.48,44.49,11,90.37,49.83,140.39,182.83,145.28,27.08,127.95,55.19,35.88,25.14,18.81,0,0,0,0,0,0
4.19,21.15,75.1,36.36,8.98,70.84,42.17,109.36,143.58,113.64,22.54,105.91,46.58,27.36,19.58,15.45,0,0,0,0,0,0
4.31,20.45,74.41,32.89,8.8,58.56,38.85,90.59,119.26,89.9,20.76,93.96,42.21,21.48,15.43,13.52,0,0,0,0,0,0
8.78,40.42,171.43,62.73,19.84,99.89,72.9,157.88,208.28,137.08,39.11,163.34,75.2,33.64,21.8,21.87,0,0,0,0,0,0
13.26,63.33,278.86,102.99,32.01,155.99,115.6,248.85,325.47,212.77,60.36,259.64,121.6,52.57,32.27,33.71,0,0,0,0,0,0
17.41,80.44,341.76,134.67,39.72,195.54,146.69,311.25,405.18,274.99,79.4,340.8,165.27,67.83,42.14,47.24,0,0,0,0,0,0
21.47,93.06,371.72,156.52,44.12,221.63,167.43,349.69,456.13,321.8,96.85,403.55,201.9,79.13,51.09,61.08,0,0,0,0,0,0
23.25,98.1,380.14,162.84,45.63,232.33,174.02,364.25,477.37,341.11,103.78,426.52,214.01,84.17,55.58,66.77,0,0,0,0,0,0
21.2,93.12,368.48,154.03,43.55,229.64,165.85,360.32,472.67,333.65,96.83,404.88,198.08,83.11,54.53,61.75,0,0,0,0,0,0
17.82,88.37,374.29,147.37,42.51,237.67,160.02,376.08,490.01,338.65,86.92,384.62,178.2,86.35,54.5,53.72,0,0,0,0,0,0
17.76,89.31,369.68,144.4,41.46,247.72,158.55,390.08,511.21,354.87,89.22,389.66,177.15,92.64,59.24,56.48,0,0,0,0,0,0
17.54,88.13,357.49,136.72,39.63,249.24,153.24,390.94,517.29,357.34,90.58,381.68,170.89,95.18,61.37,57.64,0,0,0,0,0,0
17.41,87.75,355.05,135.78,39.55,248.2,152.71,389.79,516.1,359.04,91.15,381.22,170.83,95.87,61.54,57.8,0,0,0,0,0,0
17.19,85.73,348.98,133.08,39.26,240.32,151.23,377.11,499.93,346.72,89.82,371.42,168.05,91.77,58.76,55.79,0,0,0,0,0,0
17.44,86.31,354.9,132.97,39.89,237.04,150.86,371.76,493,336.83,89.88,367.92,166.64,89.3,56.94,55.15,0,0,0,0,0,0
15.14,75.28,314.5,117.84,35.29,211.86,133.53,333.42,440.96,300.84,78.19,322.42,145.13,79.2,50.45,47.52,0,0,0,0,0,0
12.7,62.8,257.18,99.14,29.01,182.25,111.28,285.47,377.76,263,65.53,274.1,122.44,69.07,44.93,41.19,0,0,0,0,0,0
13.23,62.93,252.19,98.57,29.16,181.22,109.13,281.76,373.64,263.6,64.59,273.58,121.3,68.89,45.99,41.63,0,0,0,0,0,0
14.56,64.8,249.53,100.77,30.13,183.71,109.06,280.34,375.68,266.8,64.61,280.96,122.23,68.27,48.45,43.58,0,0,0,0,0,0
12.88,56.84,217.28,89.21,26.51,161.04,94.65,244.14,329.26,235.19,56.79,248.41,106.53,59.4,43.06,38.84,0,0,0,0,0,0
6.8,31.4,113.45,51.37,14.05,98.09,52.45,148.51,199.19,153.25,32.46,147.57,61.35,38.7,28.43,23.97,0,0,0,0,0,0
6.03,28.99,105.88,48.44,12.8,97.45,49.37,147.63,198.2,152.09,29.86,139.33,57.42,38.44,27.76,22.3,0,0,0,0,0,0
5.71,28.3,105.48,48.23,12.53,99.18,49.7,151.24,201,154.78,29.15,137.33,56.68,39.07,27.9,21.51,0,0,0,0,0,0
5.89,29.57,108.68,50.8,12.99,104.47,54.75,160.26,210.96,166.07,30.92,145.83,61.95,41.5,29.36,22.14,0,0,0,0,0,0
4.92,25.62,95.02,44.82,11.15,90.93,50.05,141.11,182.39,145.39,27.37,128.42,55.62,36.03,25.26,18.86,0,0,0,0,0,0
4.2,20.96,74.47,35.89,8.94,69.25,41.67,106.73,138.61,110.24,22.32,103.95,45.94,26.5,19.14,15.15,0,0,0,0,0,0
4.36,20.71,75.35,33.36,8.94,59.47,39.26,92.26,120.61,91.79,21.03,95.26,42.69,22.06,15.84,13.73,0,0,0,0,0,0
8.82,40.63,172.35,63.15,19.94,101,73.29,159.66,210.49,138.89,39.32,164.44,75.63,34.14,22.13,22.05,0,0,0,0,0,0
13.28,63.42,279.55,103.27,32.07,157.06,115.89,250.32,327.67,213.92,60.48,260.08,121.8,52.82,32.47,33.79,0,0,0,0,0,0
17.46,80.68,342.68,135.14,39.85,196.74,147.1,313.18,407.51,277.27,79.67,342.04,165.78,68.46,42.57,47.47,0,0,0,0,0,0
21.49,93.15,371.72,156.57,44.18,221.42,167.41,349.57,455.49,322.32,96.95,403.94,202.08,79.35,51.21,61.16,0,0,0,0,0,0
23.29,98.07,379.83,162.71,45.68,231.79,173.8,363.33,475.3,340.5,103.79,425.83,213.85,84.04,55.59,66.73,0,0,0,0,0,0
21.23,93.17,367.94,154.03,43.62,229.27,165.74,360,471.84,334.69,96.92,405.16,198.2,83.45,54.77,61.88,0,0,0,0,0,0
17.76,88.02,371.82,146.92,42.38,236.78,159.61,374.95,490.32,339.54,86.63,384.06,177.74,86.44,54.56,53.76,0,0,0,0,0,0
17.68,88.57,365.47,142.93,41.2,243.47,157.09,383.65,502.56,349.87,88.49,385.87,175.57,91.27,58.45,56.02,0,0,0,0,0,0
17.4,86.61,349.67,133.53,39.1,240.22,149.99,376.65,497.49,344.74,89.1,372.7,167.54,91.8,59.37,56.48,0,0,0,0,0,0
17.4,87.35,353.61,134.97,39.42,246,151.9,386,510.12,354.42,90.74,378.17,169.78,94.62,60.87,57.36,0,0,0,0,0,0
17.41,87.47,357.53,136.78,39.98,250.15,154.92,393,519.74,360.82,91.52,381.13,171.61,95.62,61.29,57.13,0,0,0,0,0,0
17.47,87.13,357.93,134.53,40.15,240.66,152.42,378.4,501.91,344.25,90.64,373.56,168.52,91.43,58.13,55.89,0,0,0,0,0,0
15.18,75.71,315.55,118.12,35.44,211.69,133.61,333.64,440.29,302.44,78.62,324.34,146.06,79.9,50.69,47.76,0,0,0,0,0,0
12.75,63.42,258.69,99.83,29.25,183.11,111.76,287.56,379.84,267.11,66.15,277.48,123.83,70.44,45.59,41.67,0,0,0,0,0,0
13.2,62.73,250.55,98.06,29.09,179.24,108.58,279.11,369.37,261.91,64.37,272.62,120.83,68.52,45.77,41.51,0,0,0,0,0,0
14.46,63.98,245.43,99.08,29.8,179.06,107.39,272.97,365.97,260.17,63.79,276.38,120.48,66.46,47.33,42.96,0,0,0,0,0,0
12.63,55.63,211.32,86.91,25.89,154.98,92.58,234.91,318.97,226.88,55.5,243.21,104.19,57.07,41.43,38.02,0,0,0,0,0,0
6.74,31.46,116.11,51.65,13.91,99.49,53.02,150.02,201.29,150.21,32.37,147.39,61.3,37.83,27.8,23.63,0,0,0,0,0,0
6.08,29.08,106.95,48.75,12.89,98.62,49.68,149.03,199.68,152.44,29.98,139.25,57.5,38.47,27.9,22.31,0,0,0,0,0,0
5.85,29.24,108.78,50,12.98,103.54,51.29,158.63,210.43,163.81,30.16,142.77,58.76,41.59,29.49,22.4,0,0,0,0,0,0
5.85,29.8,110.09,51.4,13.01,105.83,55.5,162.86,213.89,167.41,31.04,147.67,62.37,41.89,29.6,22.26,0,0,0,0,0,0
4.95,26.16,98.31,45.98,11.29,94.48,51.28,146.48,190.24,149.29,27.87,131.51,56.81,37.04,25.81,19.2,0,0,0,0,0,0
4.26,21.34,76.27,36.49,9.1,70.96,42.19,109.24,142.08,112.83,22.74,105.68,46.78,27.24,19.54,15.41,0,0,0,0,0,0
4.38,20.71,75.08,33.1,8.97,58.58,38.88,90.72,118.22,90.83,21.06,94.62,42.66,21.88,15.68,13.67,0,0,0,0,0,0
8.85,40.69,172.4,63.2,20,101.09,73.27,159.75,210.46,139.47,39.42,164.55,75.76,34.31,22.26,22.11,0,0,0,0,0,0
13.3,63.59,279.9,103.52,32.14,157.5,116.09,251.24,328.79,215.55,60.66,261.15,122.2,53.31,32.74,33.97,0,0,0,0,0,0
17.44,80.62,342.69,135.01,39.8,196.49,147.01,312.68,407.04,276.26,79.58,341.65,165.64,68.18,42.36,47.37,0,0,0,0,0,0
21.51,93.26,372.45,156.76,44.22,222,167.58,350.34,456.51,322.76,97.06,404.33,202.31,79.47,51.28,61.2,0,0,0,0,0,0
23.27,98.12,380.36,162.86,45.66,232.26,174.02,364.1,476.36,340.57,103.8,426.22,213.93,84.05,55.58,66.73,0,0,0,0,0,0
21.29,93.36,368.43,154.19,43.74,229.53,165.77,360.38,472.09,335.93,97.16,405.81,198.63,83.86,54.98,62.03,0,0,0,0,0,0
17.81,88.08,371.92,146.95,42.47,236.72,159.54,374.79,489.44,339.76,86.73,383.91,177.81,86.54,54.68,53.81,0,0,0,0,0,0
17.67,88.38,363.81,142.5,41.15,242.44,156.58,382.07,501.52,350.18,88.37,385.24,175.36,91.32,58.43,56.05,0,0,0,0,0,0
17.57,87.3,351.28,134.76,39.53,243.2,150.91,381.67,504.02,352.88,89.95,376.56,169.15,94.04,60.83,57.29,0,0,0,0,0,0
17.44,87.55,354.11,135.63,39.56,247.66,152.57,389.01,513.9,358.07,90.97,379.96,170.24,95.55,61.59,57.7,0,0,0,0,0,0
17.37,86.99,354.72,135.54,39.82,246.34,153.58,387.06,511.08,355.92,91.06,377.91,170.52,94.4,60.52,56.71,0,0,0,0,0,0
17.55,87.5,360.17,135.12,40.33,242.04,152.93,380.31,503.03,345,91.01,374.52,169.11,91.72,58.36,55.99,0,0,0,0,0,0
15.15,75.21,314.33,117.4,35.26,210.81,132.97,331.26,438.44,298.85,78.17,321.22,145.02,78.71,50.02,47.34,0,0,0,0,0,0
12.64,62.52,255.47,98.12,28.85,179.33,110.14,280.72,372.17,259.39,65.27,272.17,121.98,68.21,44.15,40.88,0,0,0,0,0,0
13.11,62.62,250.29,97.7,28.91,178.58,108.3,277.97,369.66,260.72,64.23,272.59,120.84,68.21,45.28,41.38,0,0,0,0,0,0
14.39,64.08,245.67,99.31,29.73,179.56,107.75,274.3,368.68,261.67,63.81,278.11,120.85,66.89,47.43,43.09,0,0,0,0,0,0
12.72,56.09,213.48,87.67,26.12,156.88,93.23,237.82,321.99,229.6,55.99,245.07,105.08,57.88,41.96,38.3,0,0,0,0,0,0
6.83,31.7,116.11,52.41,14.14,101.7,53.67,153.78,206.87,156.28,32.73,149.5,61.96,39.33,28.93,24.18,0,0,0,0,0,0
5.93,28.45,104.21,47.5,12.52,95.34,48.59,143.94,193.91,147.12,29.27,136.39,56.26,37.02,26.85,21.78,0,0,0,0,0,0
5.65,28.07,104.68,47.71,12.38,97.85,49.24,149.05,198.37,152.11,28.88,136,56.19,38.35,27.38,21.25,0,0,0,0,0,0
5.93,29.87,110.98,51.68,13.12,107.23,55.73,164.35,216.01,168.33,31.2,147.32,62.47,42.01,29.82,22.31,0,0,0,0,0,0
4.86,25.22,93.41,44.15,10.95,90.03,49.43,139.15,182.24,143.86,27.02,126.73,55.03,35.44,24.78,18.65,0,0,0,0,0,0
4.25,21.09,73.96,35.76,9.04,68.67,41.31,105.86,137.97,111.88,22.56,104.48,46.4,27.05,19.34,15.35,0,0,0,0,0,0
4.36,20.48,74.26,32.86,8.88,58.1,38.72,89.93,117.23,89.63,20.82,93.6,42.16,21.48,15.52,13.53,0,0,0,0,0,0
8.88,41.02,174.14,63.8,20.11,102.6,73.87,162.19,213.36,141.34,39.73,166.24,76.43,34.87,22.57,22.3,0,0,0,0,0,0
13.33,63.77,280.97,103.82,32.21,158.2,116.38,252.32,329.72,216.03,60.82,261.82,122.51,53.48,32.85,34.03,0,0,0,0,0,0
17.44,80.62,342.53,135.02,39.81,196.35,147.02,312.64,406.6,276.34,79.57,341.73,165.61,68.22,42.42,47.38,0,0,0,0,0,0
21.48,93.04,371.38,156.46,44.14,221.26,167.32,349.22,455.14,321.78,96.85,403.4,201.85,79.15,51.13,61.09,0,0,0,0,0,0
23.15,97.3,376.2,161.15,45.3,227.52,172.35,356.72,467.08,334.09,102.97,422,212.27,82.31,54.41,66.12,0,0,0,0,0,0
20.91,91.1,358.48,149.71,42.67,217.54,161.62,341.31,447.6,316.04,94.74,393.66,193.76,78.42,51.48,60.11,0,0,0,0,0,0
17.34,85.17,358.41,140.86,41.11,219.9,153.74,348.28,454.84,313.47,83.65,368.01,171.57,79.49,50.05,51.32,0,0,0,0,0,0
17.4,86.89,358,139.67,40.4,235.45,154.05,370.54,487.81,337.13,86.78,377.38,172.24,87.66,56.01,54.75,0,0,0,0,0,0
17.62,88.36,357.54,136.95,39.81,249.42,153.26,391.41,517.23,359.63,90.89,382.56,171.38,95.89,61.85,57.9,0,0,0,0,0,0
17.82,89.55,362.89,139.31,40.56,257.5,155.81,404.22,532.79,374.23,93.17,389.52,174.45,100.04,64.49,59.3,0,0,0,0,0,0
17.99,90.63,371.42,142.84,41.57,265.97,160.38,417.98,549.97,386.76,94.93,396.84,178.18,102.82,66.05,59.68,0,0,0,0,0,0
18.2,91.36,377.11,143.21,42.18,264.75,160.54,416.13,551.49,382.93,95.22,396.3,177.67,101.81,64.91,59.56,0,0,0,0,0,0
15.73,79.03,330.85,125.14,37.02,231.21,140.29,364.35,480.66,333.25,82.18,342.61,153.22,88.12,56.12,50.67,0,0,0,0,0,0
13.24,66.25,272.52,105.78,30.59,199.86,117.44,313.49,413.56,291.75,69.17,292.34,129.83,77.01,49.95,43.99,0,0,0,0,0,0
13.7,66.35,267.56,105.22,30.63,199.11,115.4,310.31,411.48,292.76,68.17,292.49,128.8,76.91,50.9,44.44,0,0,0,0,0,0
15.03,67.67,261.31,106.16,31.49,198.27,113.89,303.42,406.84,293.13,67.78,296.58,128.69,75.49,52.89,46.14,0,0,0,0,0,0
13.05,58.16,222.05,91.77,27.09,167.6,97.03,255.23,344.34,248.53,58.19,256.6,109.57,63.08,45.29,40.14,0,0,0,0,0,0
6.95,32.61,119.91,53.89,14.51,105.35,54.96,159.68,214.42,162.81,33.68,154.16,63.96,41.25,29.99,24.85,0,0,0,0,0,0
6.15,29.66,109.63,49.8,13.11,101.66,50.65,153.68,206.6,157.35,30.6,142.45,58.87,39.81,28.63,22.78,0,0,0,0,0,0
5.8,29.14,109.59,49.91,12.85,104.21,51.33,158.95,212.52,162.38,30.04,142.18,58.65,41.08,29.04,22.2,0,0,0,0,0,0
6.03,30.67,114.75,53.26,13.44,111.33,57.27,171.03,224.46,174.57,31.99,151.8,64.16,43.76,30.89,22.92,0,0,0,0,0,0
5.02,26.1,97.28,45.92,11.4,94.15,51.08,146.05,189.05,150.38,27.91,131.04,56.66,37.31,26.15,19.32,0,0,0,0,0,0
4.27,21.31,76.05,36.54,9.12,71.03,42.24,109.44,142.05,113.16,22.72,105.63,46.7,27.31,19.66,15.44,0,0,0,0,0,0
4.36,20.65,74.71,33.04,8.92,58.35,38.87,90.56,118.13,90.75,20.98,94.69,42.57,21.85,15.65,13.66,0,0,0,0,0,0
8.84,40.84,172.9,63.42,20.02,101.47,73.5,160.62,211.72,140.57,39.55,165.69,76.14,34.67,22.39,22.23,0,0,0,0,0,0
13.26,63.31,278.67,102.92,32.01,155.72,115.52,248.48,324.82,212.6,60.35,259.51,121.56,52.54,32.25,33.7,0,0,0,0,0,0
17.42,80.55,342.14,134.84,39.77,195.9,146.84,311.89,405.84,275.74,79.5,341.35,165.48,68.06,42.28,47.32,0,0,0,0,0,0
21.48,93.12,371.8,156.59,44.15,221.6,167.48,349.81,456.02,322.17,96.9,403.92,202.03,79.28,51.17,61.13,0,0,0,0,0,0
23.15,97.43,376.95,161.48,45.34,228.48,172.71,358.27,469.29,335.33,103.09,422.93,212.57,82.63,54.6,66.23,0,0,0,0,0,0
20.93,91.24,359.71,150.27,42.72,219.36,162.27,344.08,451.43,317.75,94.87,394.72,194.05,78.78,51.79,60.24,0,0,0,0,0,0
17.3,85.12,358.56,140.98,41.04,220.35,154,349.11,456.04,313.37,83.53,368.18,171.43,79.39,50.03,51.28,0,0,0,0,0,0
17.47,86.8,355.96,139.17,40.52,232.94,153.28,367.18,481.04,336.35,86.76,376.23,171.9,87.64,56.15,54.77,0,0,0,0,0,0
17.68,88.5,357.15,136.98,39.94,249.12,153.1,391.16,516.74,361.47,91.12,383.22,171.77,96.47,62.18,58.13,0,0,0,0,0,0
17.77,89.52,362.34,139.26,40.5,257.61,155.77,404.54,535.05,375.76,93.16,390.36,174.68,100.4,64.54,59.42,0,0,0,0,0,0
17.71,89.34,364.85,140.17,40.86,259.05,157.9,407.29,538.89,377.75,93.58,391.3,175.83,100.32,64.14,58.8,0,0,0,0,0,0
18.14,91.36,377.59,142.97,42.08,263.5,160.38,414.4,547.92,379.63,95.09,395.86,177.49,101.09,64.35,59.28,0,0,0,0,0,0
15.7,78.77,329.98,124.5,36.9,229.49,139.65,361.38,476.5,329.7,81.9,340.64,152.59,87.2,55.5,50.34,0,0,0,0,0,0
13.29,66.55,272.98,106.11,30.73,200.57,117.59,314.75,415.83,295,69.55,294.1,130.65,77.97,50.41,44.33,0,0,0,0,0,0
13.92,67.55,273.43,107.82,31.21,206.38,117.9,321.61,425.8,303.38,69.45,298.77,131.29,79.73,52.84,45.44,0,0,0,0,0,0
15.09,68.6,266.6,108.27,31.77,203.77,116.18,312.53,417.9,299.46,68.57,302.12,130.51,77.23,54.02,46.73,0,0,0,0,0,0
13.19,59.2,227.8,94.09,27.53,174.03,99.39,265.29,356.76,256.37,59.2,262.06,111.61,65.17,46.74,40.87,0,0,0,0,0,0
7.11,33.75,126.48,56.4,14.99,112.29,57.53,170.43,227.21,170.58,34.78,159.83,66.13,43.34,31.46,25.57,0,0,0,0,0,0
6.21,30.14,111.22,50.71,13.34,103.21,51.5,156.89,208.94,160.84,31.04,145.14,59.73,40.9,29.41,23.16,0,0,0,0,0,0
5.84,29.22,110.32,50.19,12.92,104.76,51.65,159.86,212.21,162.18,30.09,142.17,58.59,41.03,29.19,22.19,0,0,0,0,0,0
6,30.57,115.31,53.45,13.38,111.73,57.68,171.81,223.91,172.73,31.77,151.24,63.64,43.21,30.78,22.72,0,0,0,0,0,0
4.97,26.01,97.24,45.99,11.32,94.34,51.32,146.58,189.49,149.76,27.73,131.03,56.37,37.1,26.09,19.23,0,0,0,0,0,0
4.27,21.48,76.28,36.79,9.17,71.57,42.45,110.58,144.09,115.33,22.9,107.05,47.19,27.93,19.96,15.66,0,0,0,0,0,0
4.34,20.43,73.96,32.73,8.85,57.8,38.59,89.44,116.89,89.32,20.77,93.41,42.09,21.39,15.43,13.5,0,0,0,0,0,0
8.87,40.94,173.71,63.69,20.09,102.37,73.77,161.8,212.93,141.09,39.65,165.86,76.26,34.77,22.54,22.27,0,0,0,0,0,0
13.3,63.57,279.85,103.43,32.13,157.05,115.99,250.6,327.42,214.62,60.61,260.82,122.07,53.1,32.62,33.89,0,0,0,0,0,0
17.44,80.69,342.81,135.14,39.83,196.68,147.13,313.15,407.42,276.95,79.65,342.15,165.78,68.39,42.5,47.44,0,0,0,0,0,0
21.49,93.14,372.12,156.73,44.16,222.03,167.64,350.43,456.62,322.35,96.92,403.98,202.02,79.3,51.24,61.14,0,0,0,0,0,0
23.28,98.14,380.21,162.99,45.69,232.67,174.15,364.85,477.71,341.89,103.85,426.72,214.06,84.37,55.79,66.85,0,0,0,0,0,0
21.26,93.42,368.44,154.34,43.73,229.47,165.98,360.82,472.01,336.28,97.15,406.57,198.7,84.01,55.09,62.08,0,0,0,0,0,0
17.85,88.3,372.22,147.07,42.58,236.57,159.51,374.78,488.98,341,86.99,384.83,178.31,87.01,54.89,53.98,0,0,0,0,0,0
17.79,89.18,368.29,143.95,41.48,246.58,157.94,388.11,509.21,354.89,89.2,388.72,177.01,92.64,59.21,56.5,0,0,0,0,0,0
17.56,87.51,353.55,134.92,39.52,243.69,151.13,381.97,503.76,350.56,90.07,376.6,169.42,93.52,60.38,57.08,0,0,0,0,0,0
17.5,87.94,355.3,136.01,39.74,248.32,152.76,390.11,515.07,360.31,91.4,381.58,171.1,96.3,61.94,57.97,0,0,0,0,0,0
17.3,86.75,352.04,134.72,39.7,243.33,152.66,383.1,506.11,354.73,90.82,377.32,170.19,94.23,60.22,56.66,0,0,0,0,0,0
17.58,87.39,358.62,134.83,40.38,240.73,152.52,378.64,499.89,345.05,90.95,373.87,168.83,91.79,58.51,56.03,0,0,0,0,0,0
15.31,76.09,317.5,118.96,35.7,214.47,134.32,337.45,445.58,306.4,79.12,325.84,146.88,80.88,51.42,48.12,0,0,0,0,0,0
12.83,63.62,260.66,100.54,29.39,186.09,112.49,291.35,385.81,269.66,66.44,278.16,124.27,70.92,46.02,41.84,0,0,0,0,0,0
13.05,62.08,248.94,96.91,28.67,177.61,107.65,275.51,368.04,256.91,63.71,269.48,119.74,66.94,44.53,40.93,0,0,0,0,0,0
14.54,64.73,248.66,100.07,30.05,181.48,108.21,276.77,371.34,264.5,64.56,280.06,122.2,67.82,47.89,43.42,0,0,0,0,0,0
12.73,56.41,215.65,88.34,26.19,158.51,94,240.49,324.61,230.42,56.21,246.63,105.59,58.16,42.14,38.38,0,0,0,0,0,0
6.66,31.15,113.89,51.15,13.75,98.13,52.57,148.32,200.22,149.99,32.05,146.85,60.83,37.71,27.68,23.59,0,0,0,0,0,0
6,28.92,106.26,48.52,12.75,97.61,49.6,147.96,197.76,150.66,29.7,138.95,57.09,38.03,27.62,22.14,0,0,0,0,0,0
5.76,28.96,109.23,49.54,12.74,102.81,51.05,156.87,208.25,158.77,29.76,140.71,58.01,40.18,28.55,21.88,0,0,0,0,0,0
5.94,30.23,111.76,52.24,13.24,107.84,56.26,166.23,217.54,171.11,31.5,149.87,63.22,42.93,30.33,22.63,0,0,0,0,0,0
4.92,25.8,96.22,45.5,11.2,92.94,50.86,144.44,186.72,147.65,27.5,129.91,55.93,36.55,25.7,19.04,0,0,0,0,0,0
4.22,21.08,74.82,36.05,8.99,69.64,41.79,107.4,139.59,111.35,22.46,104.64,46.24,26.83,19.31,15.27,0,0,0,0,0,0
4.32,20.35,74.27,32.82,8.78,58.68,38.81,90.52,119.4,89.44,20.68,93.33,41.98,21.28,15.36,13.45,0,0,0,0,0,0
8.83,40.72,172.8,63.34,19.98,101.56,73.48,160.51,211.73,139.72,39.42,164.96,75.84,34.36,22.26,22.12,0,0,0,0,0,0
13.3,63.66,280.47,103.67,32.15,157.91,116.27,251.87,329.53,215.63,60.7,261.48,122.31,53.34,32.75,33.97,0,0,0,0,0,0
17.45,80.71,343.02,135.19,39.84,196.92,147.17,313.42,407.93,277.06,79.67,342.16,165.82,68.4,42.51,47.44,0,0,0,0,0,0
21.51,93.13,371.46,156.5,44.19,221.18,167.29,349.17,454.87,322.32,96.96,403.72,202.05,79.35,51.23,61.17,0,0,0,0,0,0
23.24,97.87,379.13,162.45,45.56,231.2,173.64,362.48,474.48,339.22,103.56,425.15,213.45,83.65,55.34,66.59,0,0,0,0,0,0
21.23,93.14,367.57,153.79,43.61,228.49,165.44,358.76,470.14,333.97,96.91,404.79,198.17,83.31,54.62,61.84,0,0,0,0,0,0
17.6,87.11,367.11,144.78,41.94,230.54,157.49,365.34,477.6,330.85,85.67,379.06,175.83,84.21,52.99,52.98,0,0,0,0,0,0
17.69,88.51,364.13,142.71,41.22,242.72,156.76,382.75,501.9,351.14,88.5,385.97,175.61,91.63,58.63,56.16,0,0,0,0,0,0
17.48,87.13,351.28,134.5,39.34,242.67,150.85,380.84,503.3,350.33,89.67,375.95,168.76,93.34,60.3,57.02,0,0,0,0,0,0
17.51,87.5,353.44,135.27,39.64,246.89,151.99,387.27,511.82,357.83,91.06,378.78,170.19,95.49,61.55,57.7,0,0,0,0,0,0
17.39,86.76,353.67,135.11,39.81,245.32,153.07,385.12,508.28,354.32,90.89,376.17,169.99,93.92,60.32,56.56,0,0,0,0,0,0
17.51,87,358.88,134.73,40.16,241.66,152.76,379.36,501.69,342.17,90.48,371.96,167.89,90.71,58.03,55.63,0,0,0,0,0,0
15.14,75.38,314.56,117.84,35.31,211.86,133.44,333.42,441.86,301.96,78.34,323.15,145.54,79.54,50.51,47.64,0,0,0,0,0,0
12.59,62.35,254.4,97.77,28.74,178.37,109.84,279.4,371.06,258.64,65.09,271.77,121.73,68.01,43.94,40.81,0,0,0,0,0,0
13.06,62.25,249.62,97.07,28.74,177.31,107.79,275.42,366.11,256.29,63.81,269.94,119.89,66.94,44.56,40.92,0,0,0,0,0,0
14.45,64.24,245.72,99.09,29.84,178.41,107.28,272.43,365.33,261.13,64.04,277.91,121.16,66.94,47.35,43.12,0,0,0,0,0,0
12.82,56.52,215.33,88.46,26.37,158.41,93.91,240.43,323.37,231.9,56.42,246.67,105.75,58.61,42.57,38.57,0,0,0,0,0,0
6.61,30.49,110.77,50,13.55,94.71,51.47,143.05,191.81,144.57,31.37,142.97,59.22,36.22,26.97,23.08,0,0,0,0,0,0
5.88,28.11,101.81,46.73,12.39,92.86,47.78,140.42,189.21,144.98,28.92,134.86,55.57,36.48,26.49,21.61,0,0,0,0,0,0
5.82,28.85,107.92,49.4,12.82,102.59,50.77,156.44,208.07,160.36,29.78,140.22,57.89,40.52,28.88,22.03,0,0,0,0,0,0
5.79,29.31,108.33,50.62,12.8,104.24,54.82,159.98,210.82,163.98,30.56,145.09,61.36,40.84,28.98,21.89,0,0,0,0,0,0
4.86,25.45,95.21,44.72,11,91.05,50.14,141.09,182.66,143.42,27.12,127.66,55.18,35.41,24.89,18.62,0,0,0,0,0,0
4.18,20.84,73.9,35.51,8.87,68.37,41.26,105.15,137.17,108.99,22.22,103.17,45.77,26.18,18.83,15.03,0,0,0,0,0,0
4.29,20.12,72.82,32.13,8.69,56.39,38.05,87.05,114.25,86.59,20.45,91.76,41.46,20.62,14.89,13.22,0,0,0,0,0,0
8.84,40.74,172.53,63.3,20.01,101.18,73.38,160.09,210.76,139.87,39.45,165.02,75.88,34.45,22.33,22.16,0,0,0,0,0,0
13.29,63.49,279.58,103.3,32.1,156.75,115.88,250.08,326.72,214,60.54,260.39,121.91,52.92,32.52,33.83,0,0,0,0,0,0
17.45,80.64,342.72,135.08,39.82,196.67,147.08,313,407.39,276.65,79.6,341.79,165.67,68.28,42.45,47.4,0,0,0,0,0,0
21.48,93.05,371.42,156.39,44.13,221.08,167.25,348.89,454.82,321.43,96.85,403.34,201.87,79.08,51.04,61.06,0,0,0,0,0,0
23.28,98.12,380.07,162.8,45.68,232.02,173.9,363.75,475.97,340.84,103.83,426.22,213.97,84.14,55.62,66.77,0,0,0,0,0,0
21.24,93.18,367.52,153.87,43.64,228.56,165.51,359.03,470.27,334.5,96.94,405.08,198.23,83.47,54.74,61.9,0,0,0,0,0,0
17.75,87.9,370.71,146.4,42.35,234.86,158.99,372.13,485.79,337.55,86.51,383,177.43,86.03,54.26,53.63,0,0,0,0,0,0
17.73,88.67,364.88,142.96,41.31,243.57,156.94,383.85,503.57,352.49,88.71,386.53,175.98,91.98,58.85,56.29,0,0,0,0,0,0
17.45,87.02,351.94,134.63,39.26,243.64,151.15,381.96,505.28,349.47,89.52,375.48,168.49,92.96,60.14,56.88,0,0,0,0,0,0
17.45,87.72,355.44,135.68,39.59,247.68,152.58,388.74,512.88,356.65,91.1,379.92,170.47,95.28,61.33,57.59,0,0,0,0,0,0
17.46,87.25,355.76,136.17,40.03,248.13,154.11,389.75,514.23,359.04,91.39,379.08,171.03,95.19,61.16,57,0,0,0,0,0,0
17.72,87.9,361.49,136.15,40.69,245.01,153.78,384.84,508.35,350.74,91.57,376.37,169.91,93.16,59.57,56.52,0,0,0,0,0,0
15.27,75.65,314.62,117.84,35.56,210.85,133.1,332.02,437.6,302.46,78.7,323.16,145.92,79.92,50.81,47.8,0,0,0,0,0,0
12.73,63.09,256.49,98.96,29.15,180.6,110.78,283.61,374.83,264.74,65.88,275.53,123.22,69.85,45.16,41.48,0,0,0,0,0,0
13.09,62.14,248.77,97.15,28.77,177.95,107.85,276.34,368.19,258.27,63.79,269.86,119.78,67.31,44.92,41.07,0,0,0,0,0,0
14.34,63.41,242.35,97.92,29.5,176.09,106.31,268.45,361.64,256.81,63.21,274.17,119.5,65.51,46.57,42.62,0,0,0,0,0,0
12.73,55.93,212.55,87.47,26.1,156.28,93.03,236.95,320.48,229.05,55.85,244.24,104.7,57.7,41.95,38.25,0,0,0,0,0,0
6.77,31.53,115.59,52.1,14.01,100.93,53.45,152.6,205.62,154.51,32.51,148.8,61.61,38.84,28.56,24,0,0,0,0,0,0
6.01,28.72,104.78,48.01,12.72,96.13,48.98,145.6,194.64,149.58,29.57,137.66,56.71,37.75,27.46,22.06,0,0,0,0,0,0
5.65,28.3,105.81,48.3,12.44,99.38,49.9,151.73,201.98,154.36,29.07,137.8,56.69,38.95,27.75,21.45,0,0,0,0,0,0
5.85,29.68,110.29,51.31,12.95,105.87,55.49,162.6,213.36,165.76,30.9,146.7,62.01,41.38,29.36,22.08,0,0,0,0,0,0
4.9,25.83,96.15,45.38,11.16,92.53,50.71,143.86,186.65,147.65,27.53,130.3,56.13,36.61,25.57,19.05,0,0,0,0,0,0
4.27,21.43,76.55,36.98,9.15,72.44,42.75,111.82,145.93,115.62,22.84,107,47.04,27.9,20.04,15.64,0,0,0,0,0,0
4.37,20.61,75.13,33.35,8.94,59.69,39.28,92.42,120.73,91.55,20.94,94.63,42.42,21.91,15.87,13.68,0,0,0,0,0,0
8.83,40.6,172.83,63.3,19.94,101.72,73.52,160.54,211.46,138.6,39.28,164.12,75.48,33.98,22.15,21.99,0,0,0,0,0,0
13.3,63.62,280.69,103.73,32.14,158.01,116.39,252.04,328.92,214.76,60.63,261.11,122.08,53.09,32.71,33.89,0,0,0,0,0,0
17.43,80.54,342.32,134.9,39.77,196.06,146.92,312.11,405.87,275.53,79.49,341.25,165.42,67.99,42.29,47.3,0,0,0,0,0,0
21.47,92.95,370.89,156.22,44.1,220.58,167.09,348.15,453.7,320.8,96.75,402.82,201.64,78.9,50.96,61.01,0,0,0,0,0,0
23.27,97.99,379.59,162.68,45.63,232.12,173.81,363.7,476.84,340.97,103.73,425.8,213.8,84.08,55.58,66.75,0,0,0,0,0,0
21.32,93.61,369.8,154.91,43.85,231.71,166.52,363.8,476.89,338.99,97.42,407.5,199.19,84.6,55.52,62.3,0,0,0,0,0,0
17.76,87.88,370.33,146.3,42.35,234.4,158.85,371.55,484.85,337.54,86.51,382.95,177.42,86.06,54.27,53.64,0,0,0,0,0,0
17.55,87.84,360.64,140.98,40.85,237.55,155.03,374.8,491.48,343.88,87.77,382.22,174.23,89.82,57.27,55.52,0,0,0,0,0,0
17.51,87.53,353,134.99,39.47,243.49,151.25,382.32,504.52,351.79,90.05,377.74,169.58,93.9,60.54,57.21,0,0,0,0,0,0
17.54,87.87,355.18,135.57,39.75,246.88,152.19,387.47,510.3,357.31,91.36,379.86,170.78,95.6,61.51,57.73,0,0,0,0,0,0
17.32,86.47,352.14,134.33,39.62,243.08,152.3,381.66,504.19,351.23,90.57,374.65,169.44,93.15,59.68,56.28,0,0,0,0,0,0
17.5,87.23,359.5,134.74,40.19,241.41,152.66,379.07,501.91,342.82,90.71,373.13,168.53,91.04,57.95,55.74,0,0,0,0,0,0
15.18,75.93,317.34,118.98,35.48,214.88,134.64,338.41,448.35,306.14,78.84,326.47,146.69,80.7,51.19,48.03,0,0,0,0,0,0
12.6,62.41,254.52,98.04,28.79,178.64,110.16,280.3,371,259.2,65.1,272.32,121.7,68.19,44.19,40.88,0,0,0,0,0,0
13.1,62.15,248.07,96.83,28.81,176.03,107.42,273.87,362.82,256.51,63.77,269.35,119.61,67.06,44.78,40.99,0,0,0,0,0,0
14.46,64.16,245.06,98.85,29.84,177.79,106.97,271.38,364.21,260.85,64,277.38,121.04,66.87,47.28,43.1,0,0,0,0,0,0
12.77,56.22,212.95,87.74,26.24,156.43,93.13,237.55,320.83,231.2,56.16,245.7,105.35,58.42,42.32,38.51,0,0,0,0,0,0
6.85,31.97,117.16,52.73,14.23,102.3,53.92,154.84,208.04,157.6,33,150.78,62.55,39.79,29.12,24.34,0,0,0,0,0,0
6.16,29.68,108.29,49.49,13.17,99.51,50.19,151.21,201.27,156.75,30.6,142.42,58.79,39.89,28.7,22.82,0,0,0,0,0,0
5.88,29.3,109.08,50,13.02,103.99,51.2,158.87,211.85,164.73,30.31,142.86,59.05,41.8,29.53,22.48,0,0,0,0,0,0
5.97,30.28,112.16,52.39,13.28,108.93,56.35,167.4,220.61,172.75,31.64,150.15,63.51,43.26,30.49,22.75,0,0,0,0,0,0
4.86,25.33,92.75,44.23,11.01,89.56,49.43,139.14,181.79,145.68,27.14,127.89,55.33,36.04,25.12,18.87,0,0,0,0,0,0
4.17,20.7,72.28,35.07,8.84,66.58,40.74,102.82,133.46,108.25,22.1,102.59,45.49,26.08,18.77,15.01,0,0,0,0,0,0
4.3,20.22,73.03,32.26,8.73,56.42,38.16,87.34,114.1,87.1,20.53,92.31,41.64,20.82,15.02,13.29,0,0,0,0,0,0
8.78,40.41,171.21,62.65,19.83,99.59,72.8,157.48,207.8,137.01,39.1,163.33,75.21,33.65,21.78,21.88,0,0,0,0,0,0
13.28,63.48,279.38,103.25,32.08,156.58,115.83,249.91,326.74,214.11,60.52,260.53,121.93,52.96,32.5,33.84,0,0,0,0,0,0
17.42,80.53,342.24,134.87,39.76,196.05,146.89,312.05,406.02,275.54,79.47,341.2,165.41,67.98,42.26,47.3,0,0,0,0,0,0
21.47,93,371.16,156.32,44.1,220.84,167.19,348.59,454.44,321.21,96.8,403.21,201.79,79.02,51,61.04,0,0,0,0,0,0
23.26,98.06,379.89,162.74,45.63,232.04,173.88,363.76,476.68,340.9,103.77,426.24,213.95,84.12,55.55,66.76,0,0,0,0,0,0
21.28,93.49,369.45,154.64,43.76,230.92,166.33,362.6,475.08,337.13,97.24,406.79,198.86,84.12,55.2,62.12,0,0,0,0,0,0
17.77,88.05,372.32,147.02,42.4,236.86,159.75,375.11,489.41,338.65,86.62,383.84,177.62,86.23,54.52,53.69,0,0,0,0,0,0
17.83,89.33,369.14,144.66,41.59,248.26,158.75,391.16,511.79,356.94,89.3,389.88,177.11,93.13,59.8,56.68,0,0,0,0,0,0
17.49,87.18,351.37,134.34,39.36,241.6,150.63,379.36,499.85,348.66,89.68,375.56,168.7,93.04,60.11,56.92,0,0,0,0,0,0
17.43,87.3,353.45,134.89,39.46,245.56,151.8,385.3,508.01,353.38,90.69,377.41,169.51,94.36,60.84,57.28,0,0,0,0,0,0
17.45,87.58,357.52,136.7,40.08,249.07,154.7,391.62,515.97,359.89,91.62,380.97,171.66,95.56,61.29,57.11,0,0,0,0,0,0
17.58,87.76,360.66,135.68,40.46,242.97,153.49,382.49,505.02,347.86,91.24,376.45,169.61,92.56,58.96,56.29,0,0,0,0,0,0
15.11,75.34,313.75,117.55,35.27,210.11,133.14,331.37,437.48,300.24,78.22,322.89,145.29,79.26,50.33,47.54,0,0,0,0,0,0
12.75,63.06,257.3,99.23,29.16,181.54,111.16,284.84,375.53,263.96,65.81,275.03,122.93,69.55,45.18,41.37,0,0,0,0,0,0
13.15,62.57,250.59,97.77,28.96,178.98,108.38,278.25,369.13,259.97,64.19,271.64,120.54,67.93,45.32,41.29,0,0,0,0,0,0
14.39,63.75,243.75,98.48,29.65,177.54,106.79,270.73,364.64,259.45,63.58,275.85,120.25,66.27,47,42.89,0,0,0,0,0,0
12.69,55.89,212.05,87.28,26.04,155.68,92.83,236.14,319.94,228.81,55.79,244.28,104.69,57.66,41.82,38.23,0,0,0,0,0,0
6.66,30.97,112.93,50.87,13.72,97.52,52.27,147.25,198.97,149.4,31.91,145.87,60.47,37.49,27.61,23.52,0,0,0,0,0,0
5.99,28.85,103.87,47.9,12.76,94.98,48.74,144.6,193.24,151.09,29.7,138.95,57.14,38.35,27.65,22.28,0,0,0,0,0,0
5.7,28.45,106.59,48.92,12.57,101.07,50.56,154.53,204.92,156.76,29.23,138.78,56.89,39.52,28.33,21.66,0,0,0,0,0,0
5.78,29.48,109.65,51.29,12.83,106.45,55.64,163.48,216.13,166.39,30.68,146.7,61.75,41.37,29.36,22.07,0,0,0,0,0,0
4.88,25.25,94.02,44.58,11.02,90.76,49.98,140.66,181.84,143.61,26.97,126.74,54.73,35.36,25.06,18.63,0,0,0,0,0,0
4.24,21.02,74.91,36.2,9.02,70.3,41.99,108.27,140.46,111.58,22.42,104.28,46.03,26.79,19.46,15.26,0,0,0,0,0,0
4.36,20.5,74.54,32.99,8.89,58.88,38.87,90.93,119.38,90.58,20.87,93.86,42.28,21.65,15.62,13.59,0,0,0,0,0,0
8.89,40.85,173.85,63.72,20.08,103.28,73.82,162.61,215.33,141.55,39.63,165.35,76.17,34.73,22.55,22.26,0,0,0,0,0,0
13.28,63.49,279.58,103.3,32.09,156.86,115.89,250.22,327.3,214.23,60.54,260.51,121.96,52.97,32.52,33.85,0,0,0,0,0,0
17.43,80.6,342.61,134.98,39.79,196.38,146.99,312.54,406.7,276.01,79.55,341.52,165.57,68.11,42.34,47.34,0,0,0,0,0,0
21.47,92.98,371.42,156.24,44.08,220.7,167.13,348.18,453.61,320.07,96.75,402.71,201.66,78.72,50.82,60.93,0,0,0,0,0,0
23.1,97.04,375.31,160.68,45.16,226.33,171.96,354.78,464.54,331.56,102.67,420.6,211.69,81.61,53.97,65.87,0,0,0,0,0,0
20.93,91.24,359.51,150.03,42.72,218.38,161.96,342.57,448.75,316.42,94.86,394.19,193.97,78.53,51.59,60.15,0,0,0,0,0,0
17.37,85.23,359.73,140.99,41.13,220.48,153.89,348.64,454.57,311.84,83.68,367.33,171.49,79.04,49.83,51.15,0,0,0,0,0,0
17.53,87.51,360.38,140.76,40.74,237.41,155,374.16,489.86,340.73,87.38,380.05,173.27,88.81,56.9,55.16,0,0,0,0,0,0
17.84,89.47,362.07,138.94,40.39,254.48,154.97,399.44,526.86,368.74,92.12,387.95,173.72,98.46,63.51,58.82,0,0,0,0,0,0
18.05,91.03,369.44,142.43,41.24,266.27,158.77,418.1,551.93,388.89,94.77,398.15,177.79,103.93,66.96,60.67,0,0,0,0,0,0
17.83,89.8,367.5,141.3,41.14,262.23,159,412.06,544.01,381.41,94.07,393.23,176.62,101.26,64.95,59.13,0,0,0,0,0,0
18.15,90.95,377.22,142.75,42,263.43,160.34,413.71,545.48,375.92,94.65,392.9,176.23,99.88,64.02,58.87,0,0,0,0,0,0
15.78,79.41,333.53,125.81,37.13,233.6,140.94,367.44,485.61,335.06,82.57,344.13,154.08,88.59,56.29,50.81,0,0,0,0,0,0
13.15,65.96,271.5,105.31,30.4,198.65,117.11,311.66,411.37,289.11,68.8,291.1,129.18,76.27,49.46,43.72,0,0,0,0,0,0
13.65,66.17,266.69,105,30.53,198.1,115.3,309.18,408.92,290.99,67.9,291.78,128.25,76.45,50.72,44.28,0,0,0,0,0,0
15.01,68.06,262.8,107,31.56,200.24,114.83,307.21,412.14,297.01,68.09,299.79,129.61,76.58,53.48,46.51,0,0,0,0,0,0
13.1,58.72,224.47,92.89,27.3,170.28,98.15,259.9,349.97,252.97,58.71,259.96,110.72,64.34,46.08,40.58,0,0,0,0,0,0
7.02,32.86,121.74,54.81,14.7,107.79,55.97,163.58,217.66,164.86,33.9,155.24,64.18,41.73,30.63,25.03,0,0,0,0,0,0
6.19,29.64,109.96,50.22,13.19,102.4,51.19,155.21,206.07,157.17,30.51,142.19,58.44,39.71,28.98,22.75,0,0,0,0,0,0
5.91,29.24,110.19,50.38,13.04,105.23,51.76,160.55,212.25,163.24,30.17,141.94,58.52,41.27,29.56,22.29,0,0,0,0,0,0
5.89,29.93,111.37,51.55,13.06,106.52,55.62,163.42,214.6,166.92,31.18,147.57,62.58,41.76,29.49,22.21,0,0,0,0,0,0
5.02,26.39,99.08,46.64,11.46,96.49,51.9,149.67,194.74,153.19,28.17,133.11,57.36,38.01,26.53,19.55,0,0,0,0,0,0
4.28,21.51,76.91,36.97,9.18,71.98,42.71,111.22,144.05,114.65,22.87,106.96,47.07,27.74,19.94,15.58,0,0,0,0,0,0
4.33,20.49,74.4,32.89,8.84,58.21,38.81,90.2,117.87,89.6,20.79,93.93,42.2,21.47,15.46,13.52,0,0,0,0,0,0
8.83,40.7,172.75,63.34,19.98,101.55,73.49,160.52,211.57,139.58,39.4,164.83,75.77,34.31,22.27,22.11,0,0,0,0,0,0
13.32,63.68,280.53,103.67,32.19,157.78,116.22,251.64,328.72,215.4,60.74,261.3,122.3,53.3,32.76,33.97,0,0,0,0,0,0
17.41,80.44,341.75,134.67,39.72,195.46,146.69,311.16,404.83,274.78,79.38,340.72,165.22,67.78,42.13,47.23,0,0,0,0,0,0
21.45,92.89,370.8,156.14,44.05,220.37,167.05,347.83,453.35,320.11,96.67,402.61,201.52,78.72,50.83,60.93,0,0,0,0,0,0
23.12,97.18,375.96,160.97,45.23,227.07,172.23,355.97,465.99,332.66,102.81,421.34,211.97,81.91,54.17,65.97,0,0,0,0,0,0
20.89,91.01,358.35,149.62,42.61,217.36,161.58,340.99,447.18,315.17,94.63,393.26,193.55,78.16,51.33,60.02,0,0,0,0,0,0
17.26,85,358.14,140.67,40.95,219.59,153.7,347.81,454.83,311.96,83.4,367.55,171.23,79.02,49.71,51.14,0,0,0,0,0,0
17.49,87.43,359.34,140.55,40.68,236.9,154.77,373.57,490.3,341.66,87.33,380.35,173.32,89.05,56.93,55.25,0,0,0,0,0,0
17.82,89.38,360.81,138.81,40.37,253.63,154.84,398.72,525.4,369.21,92.02,388.06,173.53,98.62,63.67,58.89,0,0,0,0,0,0
17.9,90.38,366.57,140.79,40.86,261.24,157.22,410.41,541.01,380.5,93.99,394.27,176.3,101.84,65.48,59.92,0,0,0,0,0,0
17.88,89.94,367.49,141.32,41.26,261.48,158.87,411.25,541.16,381.3,94.21,393.36,176.75,101.4,65.09,59.19,0,0,0,0,0,0
18.14,91.15,376.13,142.52,42.05,261.61,159.9,411.84,542.82,377.42,94.86,394.47,176.85,100.58,64.17,59.12,0,0,0,0,0,0
15.7,78.69,329.37,124.39,36.9,228.29,139.58,360.12,472.32,327.91,81.74,340,152.12,86.82,55.47,50.21,0,0,0,0,0,0
13.16,66.01,271.91,105.45,30.42,199.1,117.26,312.31,412.25,289.45,68.85,291.36,129.28,76.35,49.52,43.74,0,0,0,0,0,0
13.66,65.84,266.74,104.68,30.41,199.01,115.04,309.1,411.47,289.53,67.68,289.6,127.74,75.74,50.28,44.03,0,0,0,0,0,0
14.82,66.58,258.29,104.6,30.9,194.85,112.81,297.62,399.68,283.41,66.5,291.09,126.19,72.63,51.21,45.11,0,0,0,0,0,0
13.1,58.64,226.08,93.34,27.26,172.86,98.84,262.98,355.13,252.94,58.62,259.5,110.5,64.03,46.07,40.46,0,0,0,0,0,0
6.97,33.21,123.72,55.7,14.69,110.8,57.04,168.45,226.6,169.24,34.19,158.63,65.23,42.81,31.08,25.38,0,0,0,0,0,0
5.98,28.94,105.09,48.36,12.76,96.35,49.37,146.79,195.6,151.37,29.71,139.59,57.18,38.37,27.78,22.27,0,0,0,0,0,0
5.66,28.06,103.95,47.65,12.42,96.84,49.15,148.11,195.34,151.66,28.83,135.93,55.99,38.35,27.5,21.25,0,0,0,0,0,0
5.97,30.34,112.5,52.35,13.29,108.2,56.31,166.53,217.89,171.18,31.63,150,63.45,42.98,30.33,22.65,0,0,0,0,0,0
4.93,25.76,94.61,45.21,11.24,91.63,50.41,142.88,184.8,148.79,27.52,130.1,55.99,36.94,25.88,19.19,0,0,0,0,0,0
4.22,21.03,74.27,35.94,8.99,69.07,41.67,106.73,138.2,111.04,22.4,104.39,46.08,26.78,19.32,15.25,0,0,0,0,0,0
4.27,20.07,72.82,32.27,8.66,56.98,38.3,88.02,115.65,86.99,20.37,91.86,41.32,20.64,15,13.23,0,0,0,0,0,0
8.81,40.64,172.45,63.22,19.93,101.17,73.4,159.99,210.86,138.99,39.31,164.61,75.63,34.16,22.16,22.05,0,0,0,0,0,0
13.32,63.69,280.22,103.68,32.2,157.71,116.22,251.72,328.9,216.08,60.75,261.58,122.36,53.49,32.88,34.04,0,0,0,0,0,0
17.46,80.69,342.8,135.17,39.85,196.71,147.15,313.2,407.18,276.97,79.65,342.03,165.74,68.39,42.55,47.44,0,0,0,0,0,0
21.52,93.31,372.66,156.89,44.24,222.28,167.72,350.86,456.93,323.18,97.11,404.61,202.38,79.59,51.38,61.24,0,0,0,0,0,0
23.27,98.19,381.07,163.15,45.68,233.34,174.36,365.66,478.95,341.58,103.87,426.84,214.13,84.26,55.71,66.8,0,0,0,0,0,0
21.27,93.54,369.7,154.64,43.75,231.04,166.29,362.67,475.91,337.49,97.32,407.15,199.09,84.23,55.15,62.15,0,0,0,0,0,0
17.79,88.16,371.71,146.82,42.46,236.06,159.33,373.97,488.7,340.04,86.82,384.45,178.09,86.72,54.62,53.87,0,0,0,0,0,0
17.77,88.98,366.24,143.64,41.45,245.18,157.62,386.64,506.67,355.13,89.01,388.39,176.59,92.73,59.37,56.55,0,0,0,0,0,0
17.58,87.64,353.03,135.25,39.61,243.8,151.44,383.07,504.18,353.11,90.19,378.11,169.68,94.29,60.95,57.37,0,0,0,0,0,0
17.35,87,351.62,134.32,39.3,243.88,151.27,382.97,505.43,351.83,90.37,376.43,168.97,93.94,60.52,57.13,0,0,0,0,0,0
17.36,87.09,355.69,135.74,39.82,246.83,153.83,387.79,511.75,355.51,91.1,378.32,170.66,94.32,60.43,56.67,0,0,0,0,0,0
17.6,87.44,360.07,135.09,40.39,241.95,152.86,379.97,501.48,344.24,90.98,373.52,168.8,91.49,58.4,55.91,0,0,0,0,0,0
15.19,75.7,316.08,118.38,35.44,212.82,133.97,335.2,442.71,303.03,78.61,324.47,146.02,79.94,50.81,47.77,0,0,0,0,0,0
12.72,63.2,257.36,99.19,29.13,181.65,111.05,285,377.93,265.75,65.99,276.36,123.58,70.07,45.17,41.54,0,0,0,0,0,0
13.19,62.82,250.66,97.92,29.07,179.15,108.34,278.71,370.63,262.81,64.53,273.23,121.32,68.8,45.66,41.6,0,0,0,0,0,0
14.41,64.1,245.83,99.16,29.74,179.85,107.47,274.04,370.27,262.31,63.95,277.9,121.14,67,47.32,43.13,0,0,0,0,0,0
12.67,56.09,214.16,87.96,26.03,158.05,93.72,239.67,325.27,230.08,55.91,245.78,105.11,57.91,41.96,38.3,0,0,0,0,0,0
6.82,32.02,118.52,53.05,14.19,103.49,54.41,156.5,210.21,157,32.97,151.09,62.57,39.57,29,24.24,0,0,0,0,0,0
6.02,29.09,107.3,48.99,12.81,99.06,50.1,150.2,200.92,152.44,29.87,140.05,57.46,38.47,27.92,22.29,0,0,0,0,0,0
5.64,28.31,106,48.24,12.43,98.94,49.85,151.12,200.36,153.18,29.04,137.52,56.59,38.7,27.6,21.36,0,0,0,0,0,0